member,scenario,T_multiplier,total_pumping_cfs,depletion_metric_cfs,depletion_metric_source,streamflow_metric_cfs
9,baseline,1.0,116.58748064579125,5.230336565031475,lpr:total_combined:bdpl,3.3696634349685244
20,baseline,1.0,116.41038741132715,5.05980332527568,lpr:total_combined:bdpl,3.54019667472432
16,baseline,1.0,116.55438848052034,5.149598072181903,lpr:total_combined:bdpl,3.4504019278180964
gen=47_member=1212_pso,baseline,1.0,115.62567753667219,4.882766224536158,lpr:total_combined:bdpl,3.717233775463842
gen=34_member=878_pso,baseline,1.0,111.57095387394364,3.375864947518466,lpr:total_combined:bdpl,5.224135052481534
19,baseline,1.0,116.58993908206176,5.171482196254394,lpr:total_combined:bdpl,3.4285178037456054
gen=43_member=1111_pso,baseline,1.0,111.38008816038939,3.1912471052111075,lpr:total_combined:bdpl,5.408752894788892
gen=46_member=1180_pso,baseline,1.0,110.83937720040423,3.05843783607964,lpr:total_combined:bdpl,5.54156216392036
gen=40_member=1016_pso,baseline,1.0,111.28430135441606,3.2510457333681733,lpr:total_combined:bdpl,5.348954266631827
gen=18_member=450_pso,baseline,1.0,115.43411549682344,4.89553831684015,lpr:total_combined:bdpl,3.70446168315985
gen=25_member=642_pso,baseline,1.0,112.18123759127589,3.480061389869913,lpr:total_combined:bdpl,5.119938610130086
gen=12_member=305_pso,baseline,1.0,113.12854315010297,3.810982109709307,lpr:total_combined:bdpl,4.789017890290692
gen=45_member=1163_pso,baseline,1.0,113.59659819296716,4.261713542930481,lpr:total_combined:bdpl,4.338286457069518
gen=11_member=285_pso,baseline,1.0,116.09417970308344,5.0417342168346675,lpr:total_combined:bdpl,3.558265783165332
gen=16_member=394_pso,baseline,1.0,113.54871680658208,3.962348604970083,lpr:total_combined:bdpl,4.637651395029916
gen=27_member=697_pso,baseline,1.0,113.05298219632672,3.956942579566111,lpr:total_combined:bdpl,4.643057420433889
gen=32_member=821_pso,baseline,1.0,113.25762004348205,4.121440010916433,lpr:total_combined:bdpl,4.478559989083567
gen=26_member=672_pso,baseline,1.0,115.0943774992132,4.79902580529595,lpr:total_combined:bdpl,3.8009741947040494
gen=18_member=462_pso,baseline,1.0,114.03852999296808,4.479128516886728,lpr:total_combined:bdpl,4.120871483113271
gen=38_member=974_pso,baseline,1.0,110.51004302164726,2.9981423479418865,lpr:total_combined:bdpl,5.601857652058113
gen=40_member=1031_pso,baseline,1.0,112.13099878561277,3.550024950126021,lpr:total_combined:bdpl,5.049975049873979
gen=30_member=762_pso,baseline,1.0,114.25200421281576,4.37145261459741,lpr:total_combined:bdpl,4.22854738540259
gen=17_member=428_pso,baseline,1.0,114.1205633674743,4.393987956873701,lpr:total_combined:bdpl,4.206012043126298
gen=19_member=487_pso,baseline,1.0,112.53930023188714,3.7441629017600766,lpr:total_combined:bdpl,4.855837098239923
gen=47_member=1206_pso,baseline,1.0,115.81376555435303,4.934191405995649,lpr:total_combined:bdpl,3.6658085940043508
gen=16_member=406_pso,baseline,1.0,112.22863662724188,3.550673097489558,lpr:total_combined:bdpl,5.049326902510442
gen=17_member=437_pso,baseline,1.0,114.93268590979082,4.7208399136184225,lpr:total_combined:bdpl,3.879160086381577
gen=16_member=402_pso,baseline,1.0,114.96887448208209,4.606718846953543,lpr:total_combined:bdpl,3.993281153046457
gen=28_member=726_pso,baseline,1.0,112.67843041255254,3.8350691796911907,lpr:total_combined:bdpl,4.764930820308809
gen=43_member=1107_pso,baseline,1.0,112.96263440442053,3.738498882405566,lpr:total_combined:bdpl,4.861501117594434
gen=28_member=719_pso,baseline,1.0,114.11166776578841,4.543916383951861,lpr:total_combined:bdpl,4.056083616048139
gen=35_member=901_pso,baseline,1.0,115.22943232269914,4.735851803166438,lpr:total_combined:bdpl,3.864148196833562
gen=20_member=499_pso,baseline,1.0,116.02128796802265,4.890501568189573,lpr:total_combined:bdpl,3.7094984318104265
gen=41_member=1063_pso,baseline,1.0,111.77914591109396,3.2810064882004832,lpr:total_combined:bdpl,5.318993511799516
gen=18_member=454_pso,baseline,1.0,114.26069232334656,4.154942669237935,lpr:total_combined:bdpl,4.445057330762064
gen=37_member=953_pso,baseline,1.0,115.75187060227628,4.908809706705593,lpr:total_combined:bdpl,3.6911902932944063
gen=31_member=788_pso,baseline,1.0,111.7793187798905,3.323298778670486,lpr:total_combined:bdpl,5.276701221329514
gen=29_member=745_pso,baseline,1.0,114.53282203857866,4.557808045327174,lpr:total_combined:bdpl,4.042191954672826
gen=5_member=117_pso,baseline,1.0,115.18555125263256,4.649573882491902,lpr:total_combined:bdpl,3.9504261175080977
gen=20_member=515_pso,baseline,1.0,115.70594810325964,4.851053766253099,lpr:total_combined:bdpl,3.748946233746901
gen=35_member=906_pso,baseline,1.0,113.86872140089177,4.104539786938339,lpr:total_combined:bdpl,4.49546021306166
gen=38_member=967_pso,baseline,1.0,115.46638034468891,4.900260305768285,lpr:total_combined:bdpl,3.699739694231715
gen=23_member=579_pso,baseline,1.0,112.81959892026248,3.8764474123845107,lpr:total_combined:bdpl,4.7235525876154885
gen=41_member=1043_pso,baseline,1.0,111.54391790078462,3.3288879024128453,lpr:total_combined:bdpl,5.271112097587155
gen=33_member=832_pso,baseline,1.0,114.61672932635581,4.354958964796206,lpr:total_combined:bdpl,4.245041035203793
gen=47_member=1204_pso,baseline,1.0,115.02867850365188,4.636867431635087,lpr:total_combined:bdpl,3.9631325683649123
gen=32_member=828_pso,baseline,1.0,114.11155643859921,4.498482066991049,lpr:total_combined:bdpl,4.10151793300895
gen=25_member=649_pso,baseline,1.0,112.9179490391583,3.8907143991150996,lpr:total_combined:bdpl,4.7092856008849004
gen=12_member=294_pso,baseline,1.0,114.96651895471228,4.609453230268297,lpr:total_combined:bdpl,3.9905467697317025
gen=45_member=1157_pso,baseline,1.0,113.90030237202417,4.144100889529969,lpr:total_combined:bdpl,4.455899110470031
gen=28_member=714_pso,baseline,1.0,111.47887730327754,3.2868843901359557,lpr:total_combined:bdpl,5.3131156098640435
gen=25_member=632_pso,baseline,1.0,114.4638759123431,4.483672461667726,lpr:total_combined:bdpl,4.116327538332274
gen=42_member=1091_pso,baseline,1.0,112.11097379322013,3.5582943425553433,lpr:total_combined:bdpl,5.041705657444656
gen=37_member=939_pso,baseline,1.0,113.16216105369595,3.934545200873978,lpr:total_combined:bdpl,4.665454799126022
gen=44_member=1128_pso,baseline,1.0,114.75531228855517,4.480038053002839,lpr:total_combined:bdpl,4.119961946997161
gen=31_member=797_pso,baseline,1.0,111.99905811675767,3.4628640338302796,lpr:total_combined:bdpl,5.13713596616972
gen=38_member=972_pso,baseline,1.0,113.736069775289,4.296723352803391,lpr:total_combined:bdpl,4.303276647196609
gen=39_member=1004_pso,baseline,1.0,114.01232726924137,4.390582710704369,lpr:total_combined:bdpl,4.20941728929563
gen=18_member=457_pso,baseline,1.0,113.53093706618884,3.8839782870945947,lpr:total_combined:bdpl,4.716021712905405
17,baseline,1.0,115.96005258364849,4.892678010039389,lpr:total_combined:bdpl,3.7073219899606107
23,baseline,1.0,115.9041627249751,4.962065196066249,lpr:total_combined:bdpl,3.6379348039337502
gen=24_member=613_pso,baseline,1.0,110.94902147113879,3.1093069740035375,lpr:total_combined:bdpl,5.490693025996462
gen=36_member=929_pso,baseline,1.0,114.49575591575618,4.4083681652478965,lpr:total_combined:bdpl,4.191631834752103
gen=49_member=1259_pso,baseline,1.0,115.00317716656387,4.6191263786793355,lpr:total_combined:bdpl,3.980873621320664
gen=16_member=399_pso,baseline,1.0,113.61532154207849,4.27277451117084,lpr:total_combined:bdpl,4.32722548882916
gen=15_member=371_pso,baseline,1.0,114.00144934819589,4.473102761726834,lpr:total_combined:bdpl,4.126897238273165
gen=4_member=98_pso,baseline,1.0,115.47874297363104,4.866269969096915,lpr:total_combined:bdpl,3.733730030903085
gen=16_member=395_pso,baseline,1.0,113.96096496424866,4.201432148247453,lpr:total_combined:bdpl,4.398567851752547
gen=27_member=677_pso,baseline,1.0,111.00779243091786,3.118268897336233,lpr:total_combined:bdpl,5.481731102663767
gen=34_member=883_pso,baseline,1.0,112.52788139871609,3.670459752033261,lpr:total_combined:bdpl,4.929540247966738
gen=14_member=362_pso,baseline,1.0,114.94223837504708,4.673811054079805,lpr:total_combined:bdpl,3.9261889459201944
gen=39_member=1001_pso,baseline,1.0,112.54799617850466,3.6803126020612504,lpr:total_combined:bdpl,4.919687397938749
22,baseline,1.0,116.15904897604595,5.001441666406761,lpr:total_combined:bdpl,3.598558333593239
gen=11_member=276_pso,baseline,1.0,114.72173344503459,4.608445339144741,lpr:total_combined:bdpl,3.9915546608552583
gen=10_member=249_pso,baseline,1.0,112.49730208938732,3.684827435490462,lpr:total_combined:bdpl,4.915172564509538
gen=30_member=768_pso,baseline,1.0,116.10521706036936,5.018706305103353,lpr:total_combined:bdpl,3.5812936948966465
gen=25_member=635_pso,baseline,1.0,115.12132576786944,4.743594688618517,lpr:total_combined:bdpl,3.856405311381483
gen=41_member=1064_pso,baseline,1.0,114.00905822200339,4.477689428459419,lpr:total_combined:bdpl,4.122310571540581
gen=4_member=79_pso,baseline,1.0,111.53524895334976,3.3567182968212257,lpr:total_combined:bdpl,5.2432817031787735
gen=47_member=1201_pso,baseline,1.0,114.16250926221964,4.3204972009906895,lpr:total_combined:bdpl,4.27950279900931
gen=38_member=978_pso,baseline,1.0,115.3598175260364,4.833554952813709,lpr:total_combined:bdpl,3.7664450471862905
gen=34_member=860_pso,baseline,1.0,111.90144773884965,3.3461318389589834,lpr:total_combined:bdpl,5.253868161041016
gen=21_member=525_pso,baseline,1.0,114.69959690499608,4.494266226490562,lpr:total_combined:bdpl,4.105733773509438
gen=43_member=1108_pso,baseline,1.0,112.7059759708352,3.81405595755605,lpr:total_combined:bdpl,4.785944042443949
gen=33_member=853_pso,baseline,1.0,113.4901631880018,4.227176747219863,lpr:total_combined:bdpl,4.372823252780137
gen=39_member=993_pso,baseline,1.0,114.52455140975766,4.6562827769511035,lpr:total_combined:bdpl,3.943717223048896
gen=1_member=11_pso,baseline,1.0,115.8969358435168,4.986399721386935,lpr:total_combined:bdpl,3.613600278613065
gen=10_member=255_pso,baseline,1.0,112.64799387278714,3.763947292304904,lpr:total_combined:bdpl,4.836052707695096
gen=33_member=841_pso,baseline,1.0,114.52134649240784,4.639884938991017,lpr:total_combined:bdpl,3.960115061008983
gen=24_member=601_pso,baseline,1.0,112.06041065084719,3.42057777369211,lpr:total_combined:bdpl,5.1794222263078895
gen=40_member=1034_pso,baseline,1.0,114.2443065605277,4.610080532897278,lpr:total_combined:bdpl,3.9899194671027214
gen=30_member=757_pso,baseline,1.0,114.04762682749393,4.498941301162111,lpr:total_combined:bdpl,4.101058698837889
gen=39_member=995_pso,baseline,1.0,116.0065794789773,5.02235757954293,lpr:total_combined:bdpl,3.57764242045707
gen=5_member=109_pso,baseline,1.0,114.02513033786914,4.487758109931385,lpr:total_combined:bdpl,4.112241890068614
gen=49_member=1258_pso,baseline,1.0,114.56996120032184,4.662137002826217,lpr:total_combined:bdpl,3.9378629971737826
gen=48_member=1244_pso,baseline,1.0,112.4173406356219,3.680738404049718,lpr:total_combined:bdpl,4.919261595950282
gen=3_member=60_pso,baseline,1.0,113.76053032322442,4.207558441365235,lpr:total_combined:bdpl,4.392441558634765
gen=20_member=519_pso,baseline,1.0,115.86602649204998,4.970573563854179,lpr:total_combined:bdpl,3.6294264361458204
gen=45_member=1146_pso,baseline,1.0,115.36144047316674,4.808632983818037,lpr:total_combined:bdpl,3.7913670161819626
gen=43_member=1101_pso,baseline,1.0,114.21652055617379,4.5965219812980544,lpr:total_combined:bdpl,4.003478018701945
gen=1_member=15_pso,baseline,1.0,115.93391547298764,4.991409019246894,lpr:total_combined:bdpl,3.608590980753106
gen=13_member=329_pso,baseline,1.0,113.07066321210117,3.8092383209382468,lpr:total_combined:bdpl,4.790761679061752
gen=4_member=88_pso,baseline,1.0,115.27660351499159,4.81989854544856,lpr:total_combined:bdpl,3.7801014545514393
gen=7_member=177_pso,baseline,1.0,113.60354059562574,4.152977873062802,lpr:total_combined:bdpl,4.447022126937197
gen=12_member=290_pso,baseline,1.0,115.53554811458002,4.835485870765544,lpr:total_combined:bdpl,3.7645141292344553
gen=33_member=856_pso,baseline,1.0,114.50892062098654,4.640165686429764,lpr:total_combined:bdpl,3.9598343135702354
gen=42_member=1070_pso,baseline,1.0,114.28144587580282,4.621949120579601,lpr:total_combined:bdpl,3.9780508794203984
gen=21_member=541_pso,baseline,1.0,113.00707398130167,3.904636359453594,lpr:total_combined:bdpl,4.695363640546406
gen=18_member=461_pso,baseline,1.0,111.678532186128,3.4501681892689393,lpr:total_combined:bdpl,5.14983181073106
gen=47_member=1217_pso,baseline,1.0,113.92002858209442,4.388805332586379,lpr:total_combined:bdpl,4.21119466741362
gen=27_member=685_pso,baseline,1.0,114.40182997120549,4.642484872125049,lpr:total_combined:bdpl,3.9575151278749505
gen=30_member=755_pso,baseline,1.0,112.6363243882181,3.800794980291754,lpr:total_combined:bdpl,4.799205019708245
gen=48_member=1236_pso,baseline,1.0,115.99710510182074,5.01460122424988,lpr:total_combined:bdpl,3.58539877575012
gen=49_member=1252_pso,baseline,1.0,113.68371186240043,4.284139384898193,lpr:total_combined:bdpl,4.315860615101807
gen=34_member=859_pso,baseline,1.0,111.18250072515511,3.203110722840871,lpr:total_combined:bdpl,5.396889277159129
gen=46_member=1177_pso,baseline,1.0,112.84477755347702,3.8628000180514683,lpr:total_combined:bdpl,4.737199981948532
gen=44_member=1123_pso,baseline,1.0,115.62230539244909,4.936722381574193,lpr:total_combined:bdpl,3.6632776184258065
gen=17_member=421_pso,baseline,1.0,114.51922102788578,4.285082134024572,lpr:total_combined:bdpl,4.314917865975428
gen=22_member=547_pso,baseline,1.0,111.37562447359747,3.209207657977326,lpr:total_combined:bdpl,5.3907923420226735
gen=34_member=881_pso,baseline,1.0,114.05958589352235,4.436674419257796,lpr:total_combined:bdpl,4.163325580742204
gen=33_member=834_pso,baseline,1.0,112.76174467822732,3.8424850489806617,lpr:total_combined:bdpl,4.757514951019338
gen=50_member=1288_pso,baseline,1.0,110.48734139590833,2.870322963045875,lpr:total_combined:bdpl,5.729677036954125
gen=50_member=1275_pso,baseline,1.0,110.82794711036857,2.962704180134511,lpr:total_combined:bdpl,5.637295819865489
gen=50_member=1282_pso,baseline,1.0,112.06658031908583,3.487632600254844,lpr:total_combined:bdpl,5.112367399745155
gen=50_member=1293_pso,baseline,1.0,112.2399263265337,3.607317578663275,lpr:total_combined:bdpl,4.992682421336724
9,Tplus10per,1.1,116.58748064579125,5.490680335619573,lpr:total_combined:bdpl,3.1093196643804264
20,Tplus10per,1.1,116.41038741132715,5.316267559271208,lpr:total_combined:bdpl,3.283732440728792
16,Tplus10per,1.1,116.55438848052034,5.409008325295938,lpr:total_combined:bdpl,3.190991674704062
gen=47_member=1212_pso,Tplus10per,1.1,115.62567753667219,5.1305405915146185,lpr:total_combined:bdpl,3.469459408485381
gen=34_member=878_pso,Tplus10per,1.1,111.57095387394364,3.5704510858443497,lpr:total_combined:bdpl,5.02954891415565
19,Tplus10per,1.1,116.58993908206176,5.430471336011052,lpr:total_combined:bdpl,3.169528663988948
gen=43_member=1111_pso,Tplus10per,1.1,111.38008816038939,3.382646096295784,lpr:total_combined:bdpl,5.217353903704216
gen=46_member=1180_pso,Tplus10per,1.1,110.83937720040423,3.2433583365630385,lpr:total_combined:bdpl,5.356641663436961
gen=40_member=1016_pso,Tplus10per,1.1,111.28430135441606,3.442192941910962,lpr:total_combined:bdpl,5.157807058089038
gen=18_member=450_pso,Tplus10per,1.1,115.43411549682344,5.141830202221735,lpr:total_combined:bdpl,3.4581697977782646
gen=25_member=642_pso,Tplus10per,1.1,112.18123759127589,3.6817894779593043,lpr:total_combined:bdpl,4.918210522040695
gen=12_member=305_pso,Tplus10per,1.1,113.12854315010297,4.02391406873213,lpr:total_combined:bdpl,4.57608593126787
gen=45_member=1163_pso,Tplus10per,1.1,113.59659819296716,4.484463325947815,lpr:total_combined:bdpl,4.115536674052184
gen=11_member=285_pso,Tplus10per,1.1,116.09417970308344,5.295492574754478,lpr:total_combined:bdpl,3.3045074252455215
gen=16_member=394_pso,Tplus10per,1.1,113.54871680658208,4.181224162148373,lpr:total_combined:bdpl,4.418775837851626
gen=27_member=697_pso,Tplus10per,1.1,113.05298219632672,4.17157750836101,lpr:total_combined:bdpl,4.428422491638989
gen=32_member=821_pso,Tplus10per,1.1,113.25762004348205,4.339349770691639,lpr:total_combined:bdpl,4.260650229308361
gen=26_member=672_pso,Tplus10per,1.1,115.0943774992132,5.041204027291818,lpr:total_combined:bdpl,3.5587959727081815
gen=18_member=462_pso,Tplus10per,1.1,114.03852999296808,4.708505087761157,lpr:total_combined:bdpl,3.8914949122388425
gen=38_member=974_pso,Tplus10per,1.1,110.51004302164726,3.1789648789877214,lpr:total_combined:bdpl,5.421035121012278
gen=40_member=1031_pso,Tplus10per,1.1,112.13099878561277,3.7521478505192203,lpr:total_combined:bdpl,4.847852149480779
gen=30_member=762_pso,Tplus10per,1.1,114.25200421281576,4.601826168364796,lpr:total_combined:bdpl,3.998173831635204
gen=17_member=428_pso,Tplus10per,1.1,114.1205633674743,4.623242779779872,lpr:total_combined:bdpl,3.9767572202201276
gen=19_member=487_pso,Tplus10per,1.1,112.53930023188714,3.9515490677429623,lpr:total_combined:bdpl,4.648450932257037
gen=47_member=1206_pso,Tplus10per,1.1,115.81376555435303,5.184404289473038,lpr:total_combined:bdpl,3.4155957105269614
gen=16_member=406_pso,Tplus10per,1.1,112.22863662724188,3.7537698751747612,lpr:total_combined:bdpl,4.846230124825238
gen=17_member=437_pso,Tplus10per,1.1,114.93268590979082,4.960775282297064,lpr:total_combined:bdpl,3.6392247177029358
gen=16_member=402_pso,Tplus10per,1.1,114.96887448208209,4.8456951139177,lpr:total_combined:bdpl,3.7543048860822994
gen=28_member=726_pso,Tplus10per,1.1,112.67843041255254,4.044765556470245,lpr:total_combined:bdpl,4.555234443529755
gen=43_member=1107_pso,Tplus10per,1.1,112.96263440442053,3.95012461212505,lpr:total_combined:bdpl,4.64987538787495
gen=28_member=719_pso,Tplus10per,1.1,114.11166776578841,4.774795450455967,lpr:total_combined:bdpl,3.8252045495440328
gen=35_member=901_pso,Tplus10per,1.1,115.22943232269914,4.978359640377841,lpr:total_combined:bdpl,3.621640359622159
gen=20_member=499_pso,Tplus10per,1.1,116.02128796802265,5.141743296788396,lpr:total_combined:bdpl,3.458256703211604
gen=41_member=1063_pso,Tplus10per,1.1,111.77914591109396,3.476964722250801,lpr:total_combined:bdpl,5.1230352777491985
gen=18_member=454_pso,Tplus10per,1.1,114.26069232334656,4.382138528269396,lpr:total_combined:bdpl,4.217861471730604
gen=37_member=953_pso,Tplus10per,1.1,115.75187060227628,5.1578186847899445,lpr:total_combined:bdpl,3.442181315210055
gen=31_member=788_pso,Tplus10per,1.1,111.7793187798905,3.519870885545103,lpr:total_combined:bdpl,5.080129114454897
gen=29_member=745_pso,Tplus10per,1.1,114.53282203857866,4.792165681895938,lpr:total_combined:bdpl,3.807834318104062
gen=5_member=117_pso,Tplus10per,1.1,115.18555125263256,4.890740287044521,lpr:total_combined:bdpl,3.709259712955479
gen=20_member=515_pso,Tplus10per,1.1,115.70594810325964,5.098995910621701,lpr:total_combined:bdpl,3.5010040893782985
gen=35_member=906_pso,Tplus10per,1.1,113.86872140089177,4.32797133495747,lpr:total_combined:bdpl,4.272028665042529
gen=38_member=967_pso,Tplus10per,1.1,115.46638034468891,5.146889260999407,lpr:total_combined:bdpl,3.453110739000593
gen=23_member=579_pso,Tplus10per,1.1,112.81959892026248,4.0880347341446726,lpr:total_combined:bdpl,4.511965265855327
gen=41_member=1043_pso,Tplus10per,1.1,111.54391790078462,3.5227901293802786,lpr:total_combined:bdpl,5.077209870619721
gen=33_member=832_pso,Tplus10per,1.1,114.61672932635581,4.587305830665539,lpr:total_combined:bdpl,4.012694169334461
gen=47_member=1204_pso,Tplus10per,1.1,115.02867850365188,4.876035139872188,lpr:total_combined:bdpl,3.7239648601278112
gen=32_member=828_pso,Tplus10per,1.1,114.11155643859921,4.728934677489935,lpr:total_combined:bdpl,3.8710653225100646
gen=25_member=649_pso,Tplus10per,1.1,112.9179490391583,4.104142037990611,lpr:total_combined:bdpl,4.495857962009389
gen=12_member=294_pso,Tplus10per,1.1,114.96651895471228,4.848094213985545,lpr:total_combined:bdpl,3.7519057860144542
gen=45_member=1157_pso,Tplus10per,1.1,113.90030237202417,4.3682500302429155,lpr:total_combined:bdpl,4.231749969757084
gen=28_member=714_pso,Tplus10per,1.1,111.47887730327754,3.480079391936038,lpr:total_combined:bdpl,5.119920608063961
gen=25_member=632_pso,Tplus10per,1.1,114.4638759123431,4.716918881690078,lpr:total_combined:bdpl,3.8830811183099216
gen=42_member=1091_pso,Tplus10per,1.1,112.11097379322013,3.7598925774103726,lpr:total_combined:bdpl,4.840107422589627
gen=37_member=939_pso,Tplus10per,1.1,113.16216105369595,4.149863472270604,lpr:total_combined:bdpl,4.450136527729396
gen=44_member=1128_pso,Tplus10per,1.1,114.75531228855517,4.715003596530021,lpr:total_combined:bdpl,3.8849964034699784
gen=31_member=797_pso,Tplus10per,1.1,111.99905811675767,3.662930088604133,lpr:total_combined:bdpl,4.9370699113958665
gen=38_member=972_pso,Tplus10per,1.1,113.736069775289,4.520581566837881,lpr:total_combined:bdpl,4.079418433162119
gen=39_member=1004_pso,Tplus10per,1.1,114.01232726924137,4.618177878886879,lpr:total_combined:bdpl,3.9818221211131206
gen=18_member=457_pso,Tplus10per,1.1,113.53093706618884,4.102064211816068,lpr:total_combined:bdpl,4.4979357881839315
17,Tplus10per,1.1,115.96005258364849,5.143658481724267,lpr:total_combined:bdpl,3.4563415182757327
23,Tplus10per,1.1,115.9041627249751,5.213072758437284,lpr:total_combined:bdpl,3.3869272415627156
gen=24_member=613_pso,Tplus10per,1.1,110.94902147113879,3.295662856180779,lpr:total_combined:bdpl,5.304337143819221
gen=36_member=929_pso,Tplus10per,1.1,114.49575591575618,4.641041870228802,lpr:total_combined:bdpl,3.9589581297711973
gen=49_member=1259_pso,Tplus10per,1.1,115.00317716656387,4.858386461065991,lpr:total_combined:bdpl,3.7416135389340086
gen=16_member=399_pso,Tplus10per,1.1,113.61532154207849,4.496360811556812,lpr:total_combined:bdpl,4.1036391884431875
gen=15_member=371_pso,Tplus10per,1.1,114.00144934819589,4.702348301683257,lpr:total_combined:bdpl,3.897651698316743
gen=4_member=98_pso,Tplus10per,1.1,115.47874297363104,5.112631014829356,lpr:total_combined:bdpl,3.4873689851706438
gen=16_member=395_pso,Tplus10per,1.1,113.96096496424866,4.426643353179274,lpr:total_combined:bdpl,4.173356646820726
gen=27_member=677_pso,Tplus10per,1.1,111.00779243091786,3.3054266827414223,lpr:total_combined:bdpl,5.294573317258577
gen=34_member=883_pso,Tplus10per,1.1,112.52788139871609,3.8777480063713474,lpr:total_combined:bdpl,4.722251993628652
gen=14_member=362_pso,Tplus10per,1.1,114.94223837504708,4.912852992464893,lpr:total_combined:bdpl,3.6871470075351063
gen=39_member=1001_pso,Tplus10per,1.1,112.54799617850466,3.8873409778203625,lpr:total_combined:bdpl,4.712659022179637
22,Tplus10per,1.1,116.15904897604595,5.255337823522921,lpr:total_combined:bdpl,3.3446621764770788
gen=11_member=276_pso,Tplus10per,1.1,114.72173344503459,4.844898535671673,lpr:total_combined:bdpl,3.7551014643283267
gen=10_member=249_pso,Tplus10per,1.1,112.49730208938732,3.8912091546056695,lpr:total_combined:bdpl,4.70879084539433
gen=30_member=768_pso,Tplus10per,1.1,116.10521706036936,5.272183443746135,lpr:total_combined:bdpl,3.3278165562538646
gen=25_member=635_pso,Tplus10per,1.1,115.12132576786944,4.985671997113451,lpr:total_combined:bdpl,3.6143280028865483
gen=41_member=1064_pso,Tplus10per,1.1,114.00905822200339,4.7071308213127505,lpr:total_combined:bdpl,3.892869178687249
gen=4_member=79_pso,Tplus10per,1.1,111.53524895334976,3.551636023118311,lpr:total_combined:bdpl,5.048363976881689
gen=47_member=1201_pso,Tplus10per,1.1,114.16250926221964,4.5481409124217445,lpr:total_combined:bdpl,4.051859087578255
gen=38_member=978_pso,Tplus10per,1.1,115.3598175260364,5.07832105605552,lpr:total_combined:bdpl,3.5216789439444796
gen=34_member=860_pso,Tplus10per,1.1,111.90144773884965,3.543611499457307,lpr:total_combined:bdpl,5.056388500542693
gen=21_member=525_pso,Tplus10per,1.1,114.69959690499608,4.728766413281608,lpr:total_combined:bdpl,3.8712335867183914
gen=43_member=1108_pso,Tplus10per,1.1,112.7059759708352,4.0242203842317075,lpr:total_combined:bdpl,4.575779615768292
gen=33_member=853_pso,Tplus10per,1.1,113.4901631880018,4.448260865889104,lpr:total_combined:bdpl,4.151739134110896
gen=39_member=993_pso,Tplus10per,1.1,114.52455140975766,4.892114031012213,lpr:total_combined:bdpl,3.707885968987787
gen=1_member=11_pso,Tplus10per,1.1,115.8969358435168,5.237795609465054,lpr:total_combined:bdpl,3.362204390534946
gen=10_member=255_pso,Tplus10per,1.1,112.64799387278714,3.973237085292304,lpr:total_combined:bdpl,4.626762914707696
gen=33_member=841_pso,Tplus10per,1.1,114.52134649240784,4.875539935856343,lpr:total_combined:bdpl,3.7244600641436563
gen=24_member=601_pso,Tplus10per,1.1,112.06041065084719,3.620437423796746,lpr:total_combined:bdpl,4.979562576203254
gen=40_member=1034_pso,Tplus10per,1.1,114.2443065605277,4.842959982077732,lpr:total_combined:bdpl,3.757040017922268
gen=30_member=757_pso,Tplus10per,1.1,114.04762682749393,4.72887254380154,lpr:total_combined:bdpl,3.87112745619846
gen=39_member=995_pso,Tplus10per,1.1,116.0065794789773,5.27510724431251,lpr:total_combined:bdpl,3.3248927556874897
gen=5_member=109_pso,Tplus10per,1.1,114.02513033786914,4.717367199696698,lpr:total_combined:bdpl,3.882632800303302
gen=49_member=1258_pso,Tplus10per,1.1,114.56996120032184,4.898273231899658,lpr:total_combined:bdpl,3.7017267681003414
gen=48_member=1244_pso,Tplus10per,1.1,112.4173406356219,3.8865481888937925,lpr:total_combined:bdpl,4.713451811106207
gen=3_member=60_pso,Tplus10per,1.1,113.76053032322442,4.431825715062914,lpr:total_combined:bdpl,4.168174284937086
gen=20_member=519_pso,Tplus10per,1.1,115.86602649204998,5.2214274851461635,lpr:total_combined:bdpl,3.378572514853836
gen=45_member=1146_pso,Tplus10per,1.1,115.36144047316674,5.053270285424636,lpr:total_combined:bdpl,3.5467297145753633
gen=43_member=1101_pso,Tplus10per,1.1,114.21652055617379,4.828986233809545,lpr:total_combined:bdpl,3.771013766190455
gen=1_member=15_pso,Tplus10per,1.1,115.93391547298764,5.242982775975809,lpr:total_combined:bdpl,3.3570172240241902
gen=13_member=329_pso,Tplus10per,1.1,113.07066321210117,4.022465473604061,lpr:total_combined:bdpl,4.577534526395938
gen=4_member=88_pso,Tplus10per,1.1,115.27660351499159,5.064140702624284,lpr:total_combined:bdpl,3.5358592973757155
gen=7_member=177_pso,Tplus10per,1.1,113.60354059562574,4.374779315728422,lpr:total_combined:bdpl,4.225220684271577
gen=12_member=290_pso,Tplus10per,1.1,115.53554811458002,5.082042581700208,lpr:total_combined:bdpl,3.5179574182997913
gen=33_member=856_pso,Tplus10per,1.1,114.50892062098654,4.875294552621741,lpr:total_combined:bdpl,3.724705447378259
gen=42_member=1070_pso,Tplus10per,1.1,114.28144587580282,4.855291013834595,lpr:total_combined:bdpl,3.7447089861654046
gen=21_member=541_pso,Tplus10per,1.1,113.00707398130167,4.118055400726893,lpr:total_combined:bdpl,4.481944599273107
gen=18_member=461_pso,Tplus10per,1.1,111.678532186128,3.647232273900623,lpr:total_combined:bdpl,4.952767726099377
gen=47_member=1217_pso,Tplus10per,1.1,113.92002858209442,4.6155433550072935,lpr:total_combined:bdpl,3.984456644992706
gen=27_member=685_pso,Tplus10per,1.1,114.40182997120549,4.877018401353098,lpr:total_combined:bdpl,3.7229815986469017
gen=30_member=755_pso,Tplus10per,1.1,112.6363243882181,4.010048815696774,lpr:total_combined:bdpl,4.589951184303225
gen=48_member=1236_pso,Tplus10per,1.1,115.99710510182074,5.267260422801968,lpr:total_combined:bdpl,3.3327395771980317
gen=49_member=1252_pso,Tplus10per,1.1,113.68371186240043,4.507458798957978,lpr:total_combined:bdpl,4.092541201042022
gen=34_member=859_pso,Tplus10per,1.1,111.18250072515511,3.392617721913129,lpr:total_combined:bdpl,5.207382278086871
gen=46_member=1177_pso,Tplus10per,1.1,112.84477755347702,4.074346855378565,lpr:total_combined:bdpl,4.525653144621435
gen=44_member=1123_pso,Tplus10per,1.1,115.62230539244909,5.18513156376445,lpr:total_combined:bdpl,3.4148684362355493
gen=17_member=421_pso,Tplus10per,1.1,114.51922102788578,4.51603169689971,lpr:total_combined:bdpl,4.083968303100289
gen=22_member=547_pso,Tplus10per,1.1,111.37562447359747,3.400224554353855,lpr:total_combined:bdpl,5.199775445646145
gen=34_member=881_pso,Tplus10per,1.1,114.05958589352235,4.665320506073994,lpr:total_combined:bdpl,3.934679493926006
gen=33_member=834_pso,Tplus10per,1.1,112.76174467822732,4.053404645399097,lpr:total_combined:bdpl,4.546595354600902
gen=50_member=1288_pso,Tplus10per,1.1,110.48734139590833,3.0489968156799048,lpr:total_combined:bdpl,5.551003184320095
gen=50_member=1275_pso,Tplus10per,1.1,110.82794711036857,3.1454487575920957,lpr:total_combined:bdpl,5.454551242407904
gen=50_member=1282_pso,Tplus10per,1.1,112.06658031908583,3.687715153342581,lpr:total_combined:bdpl,4.9122848466574185
gen=50_member=1293_pso,Tplus10per,1.1,112.2399263265337,3.8106938663799346,lpr:total_combined:bdpl,4.789306133620065
9,Tmin10per,0.9,116.58748064579125,4.951368243683144,lpr:total_combined:bdpl,3.6486317563168553
20,Tmin10per,0.9,116.41038741132715,4.785391526970024,lpr:total_combined:bdpl,3.814608473029976
16,Tmin10per,0.9,116.55438848052034,4.8718739611164485,lpr:total_combined:bdpl,3.728126038883551
gen=47_member=1212_pso,Tmin10per,0.9,115.62567753667219,4.617491220432425,lpr:total_combined:bdpl,3.982508779567574
gen=34_member=878_pso,Tmin10per,0.9,111.57095387394364,3.1685071471015287,lpr:total_combined:bdpl,5.4314928528984705
19,Tmin10per,0.9,116.58993908206176,4.8941828476912335,lpr:total_combined:bdpl,3.705817152308766
gen=43_member=1111_pso,Tmin10per,0.9,111.38008816038939,2.987740371500615,lpr:total_combined:bdpl,5.612259628499384
gen=46_member=1180_pso,Tmin10per,0.9,110.83937720040423,2.8617593775417194,lpr:total_combined:bdpl,5.73824062245828
gen=40_member=1016_pso,Tmin10per,0.9,111.28430135441606,3.047523853875644,lpr:total_combined:bdpl,5.552476146124356
gen=18_member=450_pso,Tmin10per,0.9,115.43411549682344,4.631549672358847,lpr:total_combined:bdpl,3.9684503276411522
gen=25_member=642_pso,Tmin10per,0.9,112.18123759127589,3.265420298766532,lpr:total_combined:bdpl,5.3345797012334675
gen=12_member=305_pso,Tmin10per,0.9,113.12854315010297,3.5841542331619856,lpr:total_combined:bdpl,5.015845766838014
gen=45_member=1163_pso,Tmin10per,0.9,113.59659819296716,4.023296178184012,lpr:total_combined:bdpl,4.576703821815988
gen=11_member=285_pso,Tmin10per,0.9,116.09417970308344,4.7699501326397,lpr:total_combined:bdpl,3.8300498673603
gen=16_member=394_pso,Tmin10per,0.9,113.54871680658208,3.729059309531908,lpr:total_combined:bdpl,4.870940690468092
gen=27_member=697_pso,Tmin10per,0.9,113.05298219632672,3.7276629664445995,lpr:total_combined:bdpl,4.8723370335554
gen=32_member=821_pso,Tmin10per,0.9,113.25762004348205,3.888383410330322,lpr:total_combined:bdpl,4.711616589669678
gen=26_member=672_pso,Tmin10per,0.9,115.0943774992132,4.539419835434353,lpr:total_combined:bdpl,4.060580164565646
gen=18_member=462_pso,Tmin10per,0.9,114.03852999296808,4.233292584088672,lpr:total_combined:bdpl,4.3667074159113275
gen=38_member=974_pso,Tmin10per,0.9,110.51004302164726,2.805787431141668,lpr:total_combined:bdpl,5.794212568858331
gen=40_member=1031_pso,Tmin10per,0.9,112.13099878561277,3.3346266898183456,lpr:total_combined:bdpl,5.265373310181654
gen=30_member=762_pso,Tmin10per,0.9,114.25200421281576,4.12508513624404,lpr:total_combined:bdpl,4.474914863755959
gen=17_member=428_pso,Tmin10per,0.9,114.1205633674743,4.148658988307732,lpr:total_combined:bdpl,4.451341011692268
gen=19_member=487_pso,Tmin10per,0.9,112.53930023188714,3.5228772698913104,lpr:total_combined:bdpl,5.077122730108689
gen=47_member=1206_pso,Tmin10per,0.9,115.81376555435303,4.666277320257126,lpr:total_combined:bdpl,3.933722679742874
gen=16_member=406_pso,Tmin10per,0.9,112.22863662724188,3.3342919465861613,lpr:total_combined:bdpl,5.265708053413839
gen=17_member=437_pso,Tmin10per,0.9,114.93268590979082,4.463711324914007,lpr:total_combined:bdpl,4.136288675085993
gen=16_member=402_pso,Tmin10per,0.9,114.96887448208209,4.3510727974821375,lpr:total_combined:bdpl,4.248927202517862
gen=28_member=726_pso,Tmin10per,0.9,112.67843041255254,3.6111708608909634,lpr:total_combined:bdpl,4.988829139109036
gen=43_member=1107_pso,Tmin10per,0.9,112.96263440442053,3.513011274457304,lpr:total_combined:bdpl,5.086988725542696
gen=28_member=719_pso,Tmin10per,0.9,114.11166776578841,4.296303787802208,lpr:total_combined:bdpl,4.303696212197791
gen=35_member=901_pso,Tmin10per,0.9,115.22943232269914,4.476270591733014,lpr:total_combined:bdpl,4.1237294082669855
gen=20_member=499_pso,Tmin10per,0.9,116.02128796802265,4.621871660308025,lpr:total_combined:bdpl,3.978128339691975
gen=41_member=1063_pso,Tmin10per,0.9,111.77914591109396,3.0727021779290413,lpr:total_combined:bdpl,5.527297822070958
gen=18_member=454_pso,Tmin10per,0.9,114.26069232334656,3.9128278414802353,lpr:total_combined:bdpl,4.687172158519765
gen=37_member=953_pso,Tmin10per,0.9,115.75187060227628,4.642244587857907,lpr:total_combined:bdpl,3.9577554121420926
gen=31_member=788_pso,Tmin10per,0.9,111.7793187798905,3.114233881338484,lpr:total_combined:bdpl,5.485766118661516
gen=29_member=745_pso,Tmin10per,0.9,114.53282203857866,4.306838142045107,lpr:total_combined:bdpl,4.2931618579548925
gen=5_member=117_pso,Tmin10per,0.9,115.18555125263256,4.3916946976688305,lpr:total_combined:bdpl,4.208305302331169
gen=20_member=515_pso,Tmin10per,0.9,115.70594810325964,4.585774872174301,lpr:total_combined:bdpl,4.014225127825699
gen=35_member=906_pso,Tmin10per,0.9,113.86872140089177,3.866249547030047,lpr:total_combined:bdpl,4.733750452969953
gen=38_member=967_pso,Tmin10per,0.9,115.46638034468891,4.635928317172889,lpr:total_combined:bdpl,3.964071682827111
gen=23_member=579_pso,Tmin10per,0.9,112.81959892026248,3.6505280465338688,lpr:total_combined:bdpl,4.949471953466131
gen=41_member=1043_pso,Tmin10per,0.9,111.54391790078462,3.122400566415894,lpr:total_combined:bdpl,5.477599433584105
gen=33_member=832_pso,Tmin10per,0.9,114.61672932635581,4.1070368215693485,lpr:total_combined:bdpl,4.492963178430651
gen=47_member=1204_pso,Tmin10per,0.9,115.02867850365188,4.38108963306412,lpr:total_combined:bdpl,4.21891036693588
gen=32_member=828_pso,Tmin10per,0.9,114.11155643859921,4.251449018144467,lpr:total_combined:bdpl,4.348550981855532
gen=25_member=649_pso,Tmin10per,0.9,112.9179490391583,3.662771047019277,lpr:total_combined:bdpl,4.937228952980723
gen=12_member=294_pso,Tmin10per,0.9,114.96651895471228,4.354215664838485,lpr:total_combined:bdpl,4.245784335161515
gen=45_member=1157_pso,Tmin10per,0.9,113.90030237202417,3.9048617076896117,lpr:total_combined:bdpl,4.6951382923103875
gen=28_member=714_pso,Tmin10per,0.9,111.47887730327754,3.0812557933470903,lpr:total_combined:bdpl,5.51874420665291
gen=25_member=632_pso,Tmin10per,0.9,114.4638759123431,4.23415668337586,lpr:total_combined:bdpl,4.365843316624139
gen=42_member=1091_pso,Tmin10per,0.9,112.11097379322013,3.343371158038358,lpr:total_combined:bdpl,5.256628841961642
gen=37_member=939_pso,Tmin10per,0.9,113.16216105369595,3.7047506012183375,lpr:total_combined:bdpl,4.895249398781662
gen=44_member=1128_pso,Tmin10per,0.9,114.75531228855517,4.229056558062127,lpr:total_combined:bdpl,4.3709434419378725
gen=31_member=797_pso,Tmin10per,0.9,111.99905811675767,3.2497556982503473,lpr:total_combined:bdpl,5.350244301749653
gen=38_member=972_pso,Tmin10per,0.9,113.736069775289,4.057184466507926,lpr:total_combined:bdpl,4.542815533492074
gen=39_member=1004_pso,Tmin10per,0.9,114.01232726924137,4.14692939123791,lpr:total_combined:bdpl,4.45307060876209
gen=18_member=457_pso,Tmin10per,0.9,113.53093706618884,3.651798394702052,lpr:total_combined:bdpl,4.948201605297948
17,Tmin10per,0.9,115.96005258364849,4.624236021407731,lpr:total_combined:bdpl,3.9757639785922683
23,Tmin10per,0.9,115.9041627249751,4.693333471298699,lpr:total_combined:bdpl,3.906666528701301
gen=24_member=613_pso,Tmin10per,0.9,110.94902147113879,2.9111070360702125,lpr:total_combined:bdpl,5.688892963929787
gen=36_member=929_pso,Tmin10per,0.9,114.49575591575618,4.159670322835807,lpr:total_combined:bdpl,4.4403296771641925
gen=49_member=1259_pso,Tmin10per,0.9,115.00317716656387,4.36323067705589,lpr:total_combined:bdpl,4.2367693229441095
gen=16_member=399_pso,Tmin10per,0.9,113.61532154207849,4.033375335214079,lpr:total_combined:bdpl,4.5666246647859206
gen=15_member=371_pso,Tmin10per,0.9,114.00144934819589,4.227324454191619,lpr:total_combined:bdpl,4.372675545808381
gen=4_member=98_pso,Tmin10per,0.9,115.47874297363104,4.6023451449075425,lpr:total_combined:bdpl,3.997654855092457
gen=16_member=395_pso,Tmin10per,0.9,113.96096496424866,3.961011080348369,lpr:total_combined:bdpl,4.638988919651631
gen=27_member=677_pso,Tmin10per,0.9,111.00779243091786,2.9192212293106485,lpr:total_combined:bdpl,5.680778770689351
gen=34_member=883_pso,Tmin10per,0.9,112.52788139871609,3.4494626637549435,lpr:total_combined:bdpl,5.150537336245057
gen=14_member=362_pso,Tmin10per,0.9,114.94223837504708,4.417908434654742,lpr:total_combined:bdpl,4.1820915653452575
gen=39_member=1001_pso,Tmin10per,0.9,112.54799617850466,3.4596320314915934,lpr:total_combined:bdpl,5.140367968508406
22,Tmin10per,0.9,116.15904897604595,4.729724919574042,lpr:total_combined:bdpl,3.870275080425958
gen=11_member=276_pso,Tmin10per,0.9,114.72173344503459,4.355283337069315,lpr:total_combined:bdpl,4.244716662930685
gen=10_member=249_pso,Tmin10per,0.9,112.49730208938732,3.4647858341329334,lpr:total_combined:bdpl,5.135214165867066
gen=30_member=768_pso,Tmin10per,0.9,116.10521706036936,4.747330509056,lpr:total_combined:bdpl,3.852669490944
gen=25_member=635_pso,Tmin10per,0.9,115.12132576786944,4.48432826317783,lpr:total_combined:bdpl,4.115671736822169
gen=41_member=1064_pso,Tmin10per,0.9,114.00905822200339,4.231702696622841,lpr:total_combined:bdpl,4.368297303377159
gen=4_member=79_pso,Tmin10per,0.9,111.53524895334976,3.14903076723857,lpr:total_combined:bdpl,5.45096923276143
gen=47_member=1201_pso,Tmin10per,0.9,114.16250926221964,4.077259634204269,lpr:total_combined:bdpl,4.52274036579573
gen=38_member=978_pso,Tmin10per,0.9,115.3598175260364,4.5713675649658905,lpr:total_combined:bdpl,4.028632435034109
gen=34_member=860_pso,Tmin10per,0.9,111.90144773884965,3.1361209875283866,lpr:total_combined:bdpl,5.4638790124716134
gen=21_member=525_pso,Tmin10per,0.9,114.69959690499608,4.24365586238735,lpr:total_combined:bdpl,4.356344137612649
gen=43_member=1108_pso,Tmin10per,0.9,112.7059759708352,3.5896827543350787,lpr:total_combined:bdpl,5.010317245664921
gen=33_member=853_pso,Tmin10per,0.9,113.4901631880018,3.9906090149419264,lpr:total_combined:bdpl,4.609390985058074
gen=39_member=993_pso,Tmin10per,0.9,114.52455140975766,4.40338404612297,lpr:total_combined:bdpl,4.196615953877029
gen=1_member=11_pso,Tmin10per,0.9,115.8969358435168,4.717127614520823,lpr:total_combined:bdpl,3.8828723854791765
gen=10_member=255_pso,Tmin10per,0.9,112.64799387278714,3.540678716709864,lpr:total_combined:bdpl,5.059321283290135
gen=33_member=841_pso,Tmin10per,0.9,114.52134649240784,4.387229781237317,lpr:total_combined:bdpl,4.2127702187626825
gen=24_member=601_pso,Tmin10per,0.9,112.06041065084719,3.20796901719014,lpr:total_combined:bdpl,5.39203098280986
gen=40_member=1034_pso,Tmin10per,0.9,114.2443065605277,4.36021985681337,lpr:total_combined:bdpl,4.239780143186629
gen=30_member=757_pso,Tmin10per,0.9,114.04762682749393,4.252392015269415,lpr:total_combined:bdpl,4.347607984730585
gen=39_member=995_pso,Tmin10per,0.9,116.0065794789773,4.751625037487296,lpr:total_combined:bdpl,3.848374962512704
gen=5_member=109_pso,Tmin10per,0.9,114.02513033786914,4.241568927001709,lpr:total_combined:bdpl,4.3584310729982905
gen=49_member=1258_pso,Tmin10per,0.9,114.56996120032184,4.408904382992134,lpr:total_combined:bdpl,4.191095617007866
gen=48_member=1244_pso,Tmin10per,0.9,112.4173406356219,3.4612240534612604,lpr:total_combined:bdpl,5.13877594653874
gen=3_member=60_pso,Tmin10per,0.9,113.76053032322442,3.9678341157048926,lpr:total_combined:bdpl,4.632165884295107
gen=20_member=519_pso,Tmin10per,0.9,115.86602649204998,4.701917647721779,lpr:total_combined:bdpl,3.8980823522782204
gen=45_member=1146_pso,Tmin10per,0.9,115.36144047316674,4.546668057000026,lpr:total_combined:bdpl,4.053331942999973
gen=43_member=1101_pso,Tmin10per,0.9,114.21652055617379,4.347129159563666,lpr:total_combined:bdpl,4.252870840436334
gen=1_member=15_pso,Tmin10per,0.9,115.93391547298764,4.7219845668691605,lpr:total_combined:bdpl,3.878015433130839
gen=13_member=329_pso,Tmin10per,0.9,113.07066321210117,3.5820211156563393,lpr:total_combined:bdpl,5.017978884343661
gen=4_member=88_pso,Tmin10per,0.9,115.27660351499159,4.558220367740491,lpr:total_combined:bdpl,4.041779632259509
gen=7_member=177_pso,Tmin10per,0.9,113.60354059562574,3.915939786904613,lpr:total_combined:bdpl,4.684060213095387
gen=12_member=290_pso,Tmin10per,0.9,115.53554811458002,4.571556937074174,lpr:total_combined:bdpl,4.028443062925826
gen=33_member=856_pso,Tmin10per,0.9,114.50892062098654,4.388055245784704,lpr:total_combined:bdpl,4.2119447542152955
gen=42_member=1070_pso,Tmin10per,0.9,114.28144587580282,4.371587996052744,lpr:total_combined:bdpl,4.2284120039472555
gen=21_member=541_pso,Tmin10per,0.9,113.00707398130167,3.676812175222888,lpr:total_combined:bdpl,4.923187824777111
gen=18_member=461_pso,Tmin10per,0.9,111.678532186128,3.240021514703945,lpr:total_combined:bdpl,5.359978485296055
gen=47_member=1217_pso,Tmin10per,0.9,113.92002858209442,4.146025620143508,lpr:total_combined:bdpl,4.453974379856492
gen=27_member=685_pso,Tmin10per,0.9,114.40182997120549,4.390885049895853,lpr:total_combined:bdpl,4.209114950104147
gen=30_member=755_pso,Tmin10per,0.9,112.6363243882181,3.577345147944228,lpr:total_combined:bdpl,5.022654852055771
gen=48_member=1236_pso,Tmin10per,0.9,115.99710510182074,4.743995349199783,lpr:total_combined:bdpl,3.856004650800217
gen=49_member=1252_pso,Tmin10per,0.9,113.68371186240043,4.045171607810034,lpr:total_combined:bdpl,4.5548283921899655
gen=34_member=859_pso,Tmin10per,0.9,111.18250072515511,3.0014609148062243,lpr:total_combined:bdpl,5.598539085193775
gen=46_member=1177_pso,Tmin10per,0.9,112.84477755347702,3.6369779960108777,lpr:total_combined:bdpl,4.963022003989122
gen=44_member=1123_pso,Tmin10per,0.9,115.62230539244909,4.670524438111128,lpr:total_combined:bdpl,3.9294755618888715
gen=17_member=421_pso,Tmin10per,0.9,114.51922102788578,4.038796741275581,lpr:total_combined:bdpl,4.561203258724419
gen=22_member=547_pso,Tmin10per,0.9,111.37562447359747,3.0060744599676004,lpr:total_combined:bdpl,5.5939255400324
gen=34_member=881_pso,Tmin10per,0.9,114.05958589352235,4.191830177636278,lpr:total_combined:bdpl,4.408169822363722
gen=33_member=834_pso,Tmin10per,0.9,112.76174467822732,3.6173539034546205,lpr:total_combined:bdpl,4.982646096545379
gen=50_member=1288_pso,Tmin10per,0.9,110.48734139590833,2.680717393707842,lpr:total_combined:bdpl,5.919282606292158
gen=50_member=1275_pso,Tmin10per,0.9,110.82794711036857,2.7687272235855795,lpr:total_combined:bdpl,5.83127277641442
gen=50_member=1282_pso,Tmin10per,0.9,112.06658031908583,3.2745470348706514,lpr:total_combined:bdpl,5.325452965129348
gen=50_member=1293_pso,Tmin10per,0.9,112.2399263265337,3.390479675049564,lpr:total_combined:bdpl,5.209520324950436
