parnme,partrans,parchglim,parval1,parlbnd,parubnd,pargp,scale,offset,dercom,wellname
well_1013__q,fixed,relative,125.1,0.0,125.1,pumping,1.0,0.0,1,well_1013
well_1302__q,fixed,relative,88.2,0.0,88.2,pumping,1.0,0.0,1,well_1302
well_1323__q,fixed,relative,76.2,0.0,76.2,pumping,1.0,0.0,1,well_1323
well_1486__q,fixed,relative,222.8,0.0,222.8,pumping,1.0,0.0,1,well_1486
well_1584__q,fixed,relative,150.5,0.0,150.5,pumping,1.0,0.0,1,well_1584
well_1589__q,fixed,relative,264.1,0.0,264.1,pumping,1.0,0.0,1,well_1589
well_1643__q,fixed,relative,114.5,0.0,114.5,pumping,1.0,0.0,1,well_1643
well_1683__q,fixed,relative,260.6,0.0,260.6,pumping,1.0,0.0,1,well_1683
well_1860__q,fixed,relative,195.7,0.0,195.7,pumping,1.0,0.0,1,well_1860
well_23610__q,fixed,relative,201.7,0.0,201.7,pumping,1.0,0.0,1,well_23610
well_23611__q,fixed,relative,378.8,0.0,378.8,pumping,1.0,0.0,1,well_23611
well_23618__q,fixed,relative,253.9,0.0,253.9,pumping,1.0,0.0,1,well_23618
well_23620__q,fixed,relative,349.7,0.0,349.7,pumping,1.0,0.0,1,well_23620
well_23627__q,none,relative,276.5,0.0,276.5,decvars,1.0,0.0,1,well_23627
well_23629__q,fixed,relative,146.2,0.0,146.2,pumping,1.0,0.0,1,well_23629
well_23630__q,fixed,relative,255.5,0.0,255.5,pumping,1.0,0.0,1,well_23630
well_23631__q,fixed,relative,101.0,0.0,101.0,pumping,1.0,0.0,1,well_23631
well_23635__q,fixed,relative,282.8,0.0,282.8,pumping,1.0,0.0,1,well_23635
well_23637__q,fixed,relative,291.4,0.0,291.4,pumping,1.0,0.0,1,well_23637
well_23638__q,fixed,relative,409.8,0.0,409.8,pumping,1.0,0.0,1,well_23638
well_23639__q,fixed,relative,213.2,0.0,213.2,pumping,1.0,0.0,1,well_23639
well_23645__q,none,relative,158.8,0.0,158.8,decvars,1.0,0.0,1,well_23645
well_23646__q,fixed,relative,319.4,0.0,319.4,pumping,1.0,0.0,1,well_23646
well_23648__q,fixed,relative,137.8,0.0,137.8,pumping,1.0,0.0,1,well_23648
well_23653__q,none,relative,263.6,0.0,263.6,decvars,1.0,0.0,1,well_23653
well_23695__q,fixed,relative,141.4,0.0,141.4,pumping,1.0,0.0,1,well_23695
well_23697__q,fixed,relative,152.0,0.0,152.0,pumping,1.0,0.0,1,well_23697
well_23698__q,fixed,relative,369.4,0.0,369.4,pumping,1.0,0.0,1,well_23698
well_23699__q,fixed,relative,220.8,0.0,220.8,pumping,1.0,0.0,1,well_23699
well_23700__q,fixed,relative,121.7,0.0,121.7,pumping,1.0,0.0,1,well_23700
well_23709__q,fixed,relative,259.0,0.0,259.0,pumping,1.0,0.0,1,well_23709
well_23710__q,fixed,relative,105.6,0.0,105.6,pumping,1.0,0.0,1,well_23710
well_23715__q,fixed,relative,411.3,0.0,411.3,pumping,1.0,0.0,1,well_23715
well_23716__q,fixed,relative,256.1,0.0,256.1,pumping,1.0,0.0,1,well_23716
well_23720__q,fixed,relative,160.7,0.0,160.7,pumping,1.0,0.0,1,well_23720
well_23721__q,fixed,relative,236.8,0.0,236.8,pumping,1.0,0.0,1,well_23721
well_23722__q,fixed,relative,163.5,0.0,163.5,pumping,1.0,0.0,1,well_23722
well_23723__q,fixed,relative,236.5,0.0,236.5,pumping,1.0,0.0,1,well_23723
well_23726__q,fixed,relative,195.7,0.0,195.7,pumping,1.0,0.0,1,well_23726
well_23727__q,fixed,relative,86.0,0.0,86.0,pumping,1.0,0.0,1,well_23727
well_23728__q,fixed,relative,250.1,0.0,250.1,pumping,1.0,0.0,1,well_23728
well_23729__q,fixed,relative,244.6,0.0,244.6,pumping,1.0,0.0,1,well_23729
well_23751__q,fixed,relative,214.1,0.0,214.1,pumping,1.0,0.0,1,well_23751
well_23752__q,fixed,relative,296.0,0.0,296.0,pumping,1.0,0.0,1,well_23752
well_23753__q,fixed,relative,308.2,0.0,308.2,pumping,1.0,0.0,1,well_23753
well_23754__q,fixed,relative,325.0,0.0,325.0,pumping,1.0,0.0,1,well_23754
well_23755__q,none,relative,794.6,0.0,794.6,decvars,1.0,0.0,1,well_23755
well_23756__q,fixed,relative,324.2,0.0,324.2,pumping,1.0,0.0,1,well_23756
well_23757__q,fixed,relative,101.5,0.0,101.5,pumping,1.0,0.0,1,well_23757
well_23758__q,fixed,relative,148.4,0.0,148.4,pumping,1.0,0.0,1,well_23758
well_23770__q,none,relative,239.9,0.0,239.9,decvars,1.0,0.0,1,well_23770
well_23776__q,fixed,relative,78.4,0.0,78.4,pumping,1.0,0.0,1,well_23776
well_23778__q,fixed,relative,163.6,0.0,163.6,pumping,1.0,0.0,1,well_23778
well_23781__q,fixed,relative,450.6,0.0,450.6,pumping,1.0,0.0,1,well_23781
well_23790__q,fixed,relative,275.8,0.0,275.8,pumping,1.0,0.0,1,well_23790
well_23791__q,fixed,relative,204.9,0.0,204.9,pumping,1.0,0.0,1,well_23791
well_23794__q,fixed,relative,217.3,0.0,217.3,pumping,1.0,0.0,1,well_23794
well_23795__q,fixed,relative,110.6,0.0,110.6,pumping,1.0,0.0,1,well_23795
well_23798__q,fixed,relative,169.3,0.0,169.3,pumping,1.0,0.0,1,well_23798
well_23800__q,fixed,relative,364.0,0.0,364.0,pumping,1.0,0.0,1,well_23800
well_23807__q,fixed,relative,128.5,0.0,128.5,pumping,1.0,0.0,1,well_23807
well_23816__q,none,relative,149.4,0.0,149.4,decvars,1.0,0.0,1,well_23816
well_23818__q,fixed,relative,282.6,0.0,282.6,pumping,1.0,0.0,1,well_23818
well_23820__q,fixed,relative,86.9,0.0,86.9,pumping,1.0,0.0,1,well_23820
well_23823__q,fixed,relative,25.8,0.0,25.8,pumping,1.0,0.0,1,well_23823
well_23836__q,fixed,relative,568.6,0.0,568.6,pumping,1.0,0.0,1,well_23836
well_23837__q,fixed,relative,241.7,0.0,241.7,pumping,1.0,0.0,1,well_23837
well_23846__q,fixed,relative,291.7,0.0,291.7,pumping,1.0,0.0,1,well_23846
well_23847__q,fixed,relative,187.0,0.0,187.0,pumping,1.0,0.0,1,well_23847
well_23848__q,fixed,relative,289.7,0.0,289.7,pumping,1.0,0.0,1,well_23848
well_23851__q,fixed,relative,248.4,0.0,248.4,pumping,1.0,0.0,1,well_23851
well_23864__q,fixed,relative,1133.7,0.0,1133.7,pumping,1.0,0.0,1,well_23864
well_23865__q,fixed,relative,267.0,0.0,267.0,pumping,1.0,0.0,1,well_23865
well_23866__q,fixed,relative,177.7,0.0,177.7,pumping,1.0,0.0,1,well_23866
well_23867__q,fixed,relative,330.2,0.0,330.2,pumping,1.0,0.0,1,well_23867
well_23868__q,fixed,relative,416.5,0.0,416.5,pumping,1.0,0.0,1,well_23868
well_23869__q,fixed,relative,168.1,0.0,168.1,pumping,1.0,0.0,1,well_23869
well_23870__q,fixed,relative,205.0,0.0,205.0,pumping,1.0,0.0,1,well_23870
well_23876__q,none,relative,197.6,0.0,197.6,decvars,1.0,0.0,1,well_23876
well_23881__q,fixed,relative,131.0,0.0,131.0,pumping,1.0,0.0,1,well_23881
well_23883__q,fixed,relative,589.5,0.0,589.5,pumping,1.0,0.0,1,well_23883
well_23886__q,fixed,relative,215.2,0.0,215.2,pumping,1.0,0.0,1,well_23886
well_23888__q,fixed,relative,237.2,0.0,237.2,pumping,1.0,0.0,1,well_23888
well_23889__q,fixed,relative,459.8,0.0,459.8,pumping,1.0,0.0,1,well_23889
well_23890__q,fixed,relative,187.6,0.0,187.6,pumping,1.0,0.0,1,well_23890
well_23895__q,fixed,relative,216.9,0.0,216.9,pumping,1.0,0.0,1,well_23895
well_23898__q,fixed,relative,29.6,0.0,29.6,pumping,1.0,0.0,1,well_23898
well_23908__q,fixed,relative,365.0,0.0,365.0,pumping,1.0,0.0,1,well_23908
well_23909__q,fixed,relative,115.6,0.0,115.6,pumping,1.0,0.0,1,well_23909
well_23910__q,fixed,relative,345.0,0.0,345.0,pumping,1.0,0.0,1,well_23910
well_23913__q,fixed,relative,247.2,0.0,247.2,pumping,1.0,0.0,1,well_23913
well_23915__q,fixed,relative,152.5,0.0,152.5,pumping,1.0,0.0,1,well_23915
well_23919__q,fixed,relative,261.3,0.0,261.3,pumping,1.0,0.0,1,well_23919
well_23926__q,fixed,relative,243.0,0.0,243.0,pumping,1.0,0.0,1,well_23926
well_23928__q,fixed,relative,293.8,0.0,293.8,pumping,1.0,0.0,1,well_23928
well_23929__q,fixed,relative,203.7,0.0,203.7,pumping,1.0,0.0,1,well_23929
well_23930__q,fixed,relative,91.6,0.0,91.6,pumping,1.0,0.0,1,well_23930
well_23934__q,none,relative,370.6,0.0,370.6,decvars,1.0,0.0,1,well_23934
well_23936__q,fixed,relative,238.2,0.0,238.2,pumping,1.0,0.0,1,well_23936
well_23937__q,fixed,relative,183.4,0.0,183.4,pumping,1.0,0.0,1,well_23937
well_23939__q,fixed,relative,329.9,0.0,329.9,pumping,1.0,0.0,1,well_23939
well_23942__q,fixed,relative,132.9,0.0,132.9,pumping,1.0,0.0,1,well_23942
well_23944__q,fixed,relative,84.4,0.0,84.4,pumping,1.0,0.0,1,well_23944
well_23948__q,fixed,relative,254.6,0.0,254.6,pumping,1.0,0.0,1,well_23948
well_23956__q,fixed,relative,429.0,0.0,429.0,pumping,1.0,0.0,1,well_23956
well_23961__q,fixed,relative,270.5,0.0,270.5,pumping,1.0,0.0,1,well_23961
well_23962__q,fixed,relative,147.2,0.0,147.2,pumping,1.0,0.0,1,well_23962
well_23963__q,fixed,relative,105.8,0.0,105.8,pumping,1.0,0.0,1,well_23963
well_23966__q,fixed,relative,90.8,0.0,90.8,pumping,1.0,0.0,1,well_23966
well_23967__q,fixed,relative,231.5,0.0,231.5,pumping,1.0,0.0,1,well_23967
well_23972__q,fixed,relative,323.1,0.0,323.1,pumping,1.0,0.0,1,well_23972
well_23977__q,fixed,relative,152.5,0.0,152.5,pumping,1.0,0.0,1,well_23977
well_23978__q,fixed,relative,302.4,0.0,302.4,pumping,1.0,0.0,1,well_23978
well_23979__q,fixed,relative,186.4,0.0,186.4,pumping,1.0,0.0,1,well_23979
well_23980__q,fixed,relative,151.3,0.0,151.3,pumping,1.0,0.0,1,well_23980
well_23981__q,fixed,relative,87.2,0.0,87.2,pumping,1.0,0.0,1,well_23981
well_23983__q,fixed,relative,806.4,0.0,806.4,pumping,1.0,0.0,1,well_23983
well_23984__q,fixed,relative,278.9,0.0,278.9,pumping,1.0,0.0,1,well_23984
well_23985__q,fixed,relative,333.6,0.0,333.6,pumping,1.0,0.0,1,well_23985
well_23987__q,fixed,relative,419.8,0.0,419.8,pumping,1.0,0.0,1,well_23987
well_23998__q,fixed,relative,93.4,0.0,93.4,pumping,1.0,0.0,1,well_23998
well_24003__q,fixed,relative,117.8,0.0,117.8,pumping,1.0,0.0,1,well_24003
well_24005__q,fixed,relative,284.0,0.0,284.0,pumping,1.0,0.0,1,well_24005
well_24010__q,fixed,relative,249.9,0.0,249.9,pumping,1.0,0.0,1,well_24010
well_24011__q,fixed,relative,257.1,0.0,257.1,pumping,1.0,0.0,1,well_24011
well_24012__q,fixed,relative,188.1,0.0,188.1,pumping,1.0,0.0,1,well_24012
well_24016__q,fixed,relative,249.1,0.0,249.1,pumping,1.0,0.0,1,well_24016
well_24024__q,fixed,relative,161.7,0.0,161.7,pumping,1.0,0.0,1,well_24024
well_24030__q,fixed,relative,226.0,0.0,226.0,pumping,1.0,0.0,1,well_24030
well_24033__q,fixed,relative,267.2,0.0,267.2,pumping,1.0,0.0,1,well_24033
well_24036__q,fixed,relative,201.4,0.0,201.4,pumping,1.0,0.0,1,well_24036
well_24037__q,fixed,relative,283.8,0.0,283.8,pumping,1.0,0.0,1,well_24037
well_24042__q,fixed,relative,263.1,0.0,263.1,pumping,1.0,0.0,1,well_24042
well_24043__q,fixed,relative,111.4,0.0,111.4,pumping,1.0,0.0,1,well_24043
well_24045__q,fixed,relative,204.8,0.0,204.8,pumping,1.0,0.0,1,well_24045
well_24047__q,fixed,relative,91.5,0.0,91.5,pumping,1.0,0.0,1,well_24047
well_24049__q,fixed,relative,125.3,0.0,125.3,pumping,1.0,0.0,1,well_24049
well_24059__q,fixed,relative,111.8,0.0,111.8,pumping,1.0,0.0,1,well_24059
well_24063__q,fixed,relative,81.0,0.0,81.0,pumping,1.0,0.0,1,well_24063
well_24066__q,fixed,relative,224.2,0.0,224.2,pumping,1.0,0.0,1,well_24066
well_24080__q,fixed,relative,164.4,0.0,164.4,pumping,1.0,0.0,1,well_24080
well_24091__q,fixed,relative,88.9,0.0,88.9,pumping,1.0,0.0,1,well_24091
well_24093__q,fixed,relative,282.7,0.0,282.7,pumping,1.0,0.0,1,well_24093
well_24110__q,fixed,relative,342.3,0.0,342.3,pumping,1.0,0.0,1,well_24110
well_24120__q,fixed,relative,271.1,0.0,271.1,pumping,1.0,0.0,1,well_24120
well_24121__q,fixed,relative,80.0,0.0,80.0,pumping,1.0,0.0,1,well_24121
well_24125__q,fixed,relative,155.7,0.0,155.7,pumping,1.0,0.0,1,well_24125
well_24130__q,fixed,relative,282.3,0.0,282.3,pumping,1.0,0.0,1,well_24130
well_24135__q,fixed,relative,67.6,0.0,67.6,pumping,1.0,0.0,1,well_24135
well_24137__q,fixed,relative,185.1,0.0,185.1,pumping,1.0,0.0,1,well_24137
well_24165__q,fixed,relative,115.2,0.0,115.2,pumping,1.0,0.0,1,well_24165
well_24166__q,fixed,relative,115.3,0.0,115.3,pumping,1.0,0.0,1,well_24166
well_24169__q,fixed,relative,147.6,0.0,147.6,pumping,1.0,0.0,1,well_24169
well_24172__q,fixed,relative,71.9,0.0,71.9,pumping,1.0,0.0,1,well_24172
well_24195__q,fixed,relative,1.6,0.0,1.6,pumping,1.0,0.0,1,well_24195
well_24197__q,fixed,relative,249.1,0.0,249.1,pumping,1.0,0.0,1,well_24197
well_24203__q,fixed,relative,257.9,0.0,257.9,pumping,1.0,0.0,1,well_24203
well_24216__q,fixed,relative,156.2,0.0,156.2,pumping,1.0,0.0,1,well_24216
well_24225__q,fixed,relative,109.4,0.0,109.4,pumping,1.0,0.0,1,well_24225
well_24226__q,fixed,relative,2.1,0.0,2.1,pumping,1.0,0.0,1,well_24226
well_24227__q,fixed,relative,122.6,0.0,122.6,pumping,1.0,0.0,1,well_24227
well_24239__q,none,relative,271.5,0.0,271.5,decvars,1.0,0.0,1,well_24239
well_24240__q,fixed,relative,252.4,0.0,252.4,pumping,1.0,0.0,1,well_24240
well_24247__q,fixed,relative,65.5,0.0,65.5,pumping,1.0,0.0,1,well_24247
well_24249__q,fixed,relative,27.7,0.0,27.7,pumping,1.0,0.0,1,well_24249
well_24252__q,fixed,relative,156.8,0.0,156.8,pumping,1.0,0.0,1,well_24252
well_24253__q,fixed,relative,132.8,0.0,132.8,pumping,1.0,0.0,1,well_24253
well_24256__q,fixed,relative,63.1,0.0,63.1,pumping,1.0,0.0,1,well_24256
well_24265__q,fixed,relative,50.8,0.0,50.8,pumping,1.0,0.0,1,well_24265
well_24266__q,fixed,relative,42.9,0.0,42.9,pumping,1.0,0.0,1,well_24266
well_24274__q,fixed,relative,82.2,0.0,82.2,pumping,1.0,0.0,1,well_24274
well_24279__q,fixed,relative,102.3,0.0,102.3,pumping,1.0,0.0,1,well_24279
well_24283__q,fixed,relative,405.4,0.0,405.4,pumping,1.0,0.0,1,well_24283
well_24285__q,fixed,relative,172.8,0.0,172.8,pumping,1.0,0.0,1,well_24285
well_24286__q,fixed,relative,134.0,0.0,134.0,pumping,1.0,0.0,1,well_24286
well_24291__q,fixed,relative,95.4,0.0,95.4,pumping,1.0,0.0,1,well_24291
well_24293__q,fixed,relative,68.3,0.0,68.3,pumping,1.0,0.0,1,well_24293
well_24294__q,fixed,relative,108.4,0.0,108.4,pumping,1.0,0.0,1,well_24294
well_24302__q,fixed,relative,155.2,0.0,155.2,pumping,1.0,0.0,1,well_24302
well_24305__q,fixed,relative,0.8,0.0,0.8,pumping,1.0,0.0,1,well_24305
well_24307__q,fixed,relative,108.6,0.0,108.6,pumping,1.0,0.0,1,well_24307
well_24311__q,fixed,relative,248.0,0.0,248.0,pumping,1.0,0.0,1,well_24311
well_24317__q,fixed,relative,59.5,0.0,59.5,pumping,1.0,0.0,1,well_24317
well_24323__q,none,relative,206.4,0.0,206.4,decvars,1.0,0.0,1,well_24323
well_2544__q,fixed,relative,8.2,0.0,8.2,pumping,1.0,0.0,1,well_2544
well_2750__q,fixed,relative,120.7,0.0,120.7,pumping,1.0,0.0,1,well_2750
well_2886__q,fixed,relative,710.5,0.0,710.5,pumping,1.0,0.0,1,well_2886
well_3473__q,fixed,relative,83.3,0.0,83.3,pumping,1.0,0.0,1,well_3473
well_3949__q,fixed,relative,43.0,0.0,43.0,pumping,1.0,0.0,1,well_3949
well_4171__q,fixed,relative,7.5,0.0,7.5,pumping,1.0,0.0,1,well_4171
well_418__q,fixed,relative,109.5,0.0,109.5,pumping,1.0,0.0,1,well_418
well_466__q,fixed,relative,315.9,0.0,315.9,pumping,1.0,0.0,1,well_466
well_467__q,fixed,relative,296.9,0.0,296.9,pumping,1.0,0.0,1,well_467
well_490__q,fixed,relative,27.7,0.0,27.7,pumping,1.0,0.0,1,well_490
well_509__q,fixed,relative,0.1,0.0,0.1,pumping,1.0,0.0,1,well_509
well_58403__q,fixed,relative,139.2,0.0,139.2,pumping,1.0,0.0,1,well_58403
well_58405__q,fixed,relative,418.0,0.0,418.0,pumping,1.0,0.0,1,well_58405
well_58406__q,fixed,relative,416.4,0.0,416.4,pumping,1.0,0.0,1,well_58406
well_58407__q,fixed,relative,406.4,0.0,406.4,pumping,1.0,0.0,1,well_58407
well_58410__q,fixed,relative,215.3,0.0,215.3,pumping,1.0,0.0,1,well_58410
well_58411__q,fixed,relative,69.4,0.0,69.4,pumping,1.0,0.0,1,well_58411
well_58414__q,fixed,relative,18.2,0.0,18.2,pumping,1.0,0.0,1,well_58414
well_58416__q,fixed,relative,2.9,0.0,2.9,pumping,1.0,0.0,1,well_58416
well_58424__q,fixed,relative,121.1,0.0,121.1,pumping,1.0,0.0,1,well_58424
well_58433__q,fixed,relative,300.4,0.0,300.4,pumping,1.0,0.0,1,well_58433
well_58434__q,fixed,relative,0.2,0.0,0.2,pumping,1.0,0.0,1,well_58434
well_602__q,fixed,relative,0.5,0.0,0.5,pumping,1.0,0.0,1,well_602
well_603__q,fixed,relative,0.2,0.0,0.2,pumping,1.0,0.0,1,well_603
well_67673__q,fixed,relative,177.7,0.0,177.7,pumping,1.0,0.0,1,well_67673
well_67895__q,fixed,relative,0.1,0.0,0.1,pumping,1.0,0.0,1,well_67895
well_68008__q,fixed,relative,1.6,0.0,1.6,pumping,1.0,0.0,1,well_68008
well_68216__q,fixed,relative,0.1,0.0,0.1,pumping,1.0,0.0,1,well_68216
well_68218__q,fixed,relative,0.1,0.0,0.1,pumping,1.0,0.0,1,well_68218
well_68219__q,fixed,relative,0.2,0.0,0.2,pumping,1.0,0.0,1,well_68219
well_68220__q,fixed,relative,0.6,0.0,0.6,pumping,1.0,0.0,1,well_68220
well_68221__q,fixed,relative,1.0,0.0,1.0,pumping,1.0,0.0,1,well_68221
well_68294__q,fixed,relative,9.2,0.0,9.2,pumping,1.0,0.0,1,well_68294
well_68475__q,fixed,relative,577.5,0.0,577.5,pumping,1.0,0.0,1,well_68475
well_68529__q,none,relative,219.9,0.0,219.9,decvars,1.0,0.0,1,well_68529
well_68693__q,fixed,relative,13.0,0.0,13.0,pumping,1.0,0.0,1,well_68693
well_68695__q,fixed,relative,517.8,0.0,517.8,pumping,1.0,0.0,1,well_68695
well_68872__q,fixed,relative,1.4,0.0,1.4,pumping,1.0,0.0,1,well_68872
well_68917__q,fixed,relative,170.5,0.0,170.5,pumping,1.0,0.0,1,well_68917
well_68925__q,fixed,relative,3.1,0.0,3.1,pumping,1.0,0.0,1,well_68925
well_68926__q,fixed,relative,121.0,0.0,121.0,pumping,1.0,0.0,1,well_68926
well_69049__q,none,relative,37.6,0.0,37.6,decvars,1.0,0.0,1,well_69049
well_69065__q,fixed,relative,9.7,0.0,9.7,pumping,1.0,0.0,1,well_69065
well_69282__q,fixed,relative,156.2,0.0,156.2,pumping,1.0,0.0,1,well_69282
well_69288__q,fixed,relative,2.1,0.0,2.1,pumping,1.0,0.0,1,well_69288
well_69289__q,fixed,relative,135.1,0.0,135.1,pumping,1.0,0.0,1,well_69289
well_69480__q,fixed,relative,120.8,0.0,120.8,pumping,1.0,0.0,1,well_69480
well_69508__q,fixed,relative,108.7,0.0,108.7,pumping,1.0,0.0,1,well_69508
well_69576__q,fixed,relative,67.8,0.0,67.8,pumping,1.0,0.0,1,well_69576
well_69635__q,fixed,relative,126.2,0.0,126.2,pumping,1.0,0.0,1,well_69635
well_69636__q,fixed,relative,9.4,0.0,9.4,pumping,1.0,0.0,1,well_69636
well_69638__q,fixed,relative,2.2,0.0,2.2,pumping,1.0,0.0,1,well_69638
well_69669__q,fixed,relative,1.8,0.0,1.8,pumping,1.0,0.0,1,well_69669
well_69970__q,none,relative,62.9,0.0,62.9,decvars,1.0,0.0,1,well_69970
well_69990__q,fixed,relative,156.4,0.0,156.4,pumping,1.0,0.0,1,well_69990
well_70119__q,fixed,relative,192.2,0.0,192.2,pumping,1.0,0.0,1,well_70119
well_70120__q,fixed,relative,243.7,0.0,243.7,pumping,1.0,0.0,1,well_70120
well_70186__q,fixed,relative,125.1,0.0,125.1,pumping,1.0,0.0,1,well_70186
well_70191__q,fixed,relative,1.2,0.0,1.2,pumping,1.0,0.0,1,well_70191
well_70263__q,fixed,relative,165.9,0.0,165.9,pumping,1.0,0.0,1,well_70263
well_70517__q,fixed,relative,2.8,0.0,2.8,pumping,1.0,0.0,1,well_70517
well_70519__q,fixed,relative,23.5,0.0,23.5,pumping,1.0,0.0,1,well_70519
well_70520__q,fixed,relative,6.1,0.0,6.1,pumping,1.0,0.0,1,well_70520
well_70548__q,fixed,relative,368.5,0.0,368.5,pumping,1.0,0.0,1,well_70548
well_70881__q,fixed,relative,169.4,0.0,169.4,pumping,1.0,0.0,1,well_70881
well_70961__q,fixed,relative,66.4,0.0,66.4,pumping,1.0,0.0,1,well_70961
well_70974__q,fixed,relative,5.7,0.0,5.7,pumping,1.0,0.0,1,well_70974
well_70975__q,fixed,relative,1.0,0.0,1.0,pumping,1.0,0.0,1,well_70975
well_71044__q,fixed,relative,63.8,0.0,63.8,pumping,1.0,0.0,1,well_71044
well_71062__q,fixed,relative,19.6,0.0,19.6,pumping,1.0,0.0,1,well_71062
well_71063__q,fixed,relative,200.3,0.0,200.3,pumping,1.0,0.0,1,well_71063
well_71109__q,fixed,relative,15.0,0.0,15.0,pumping,1.0,0.0,1,well_71109
well_71110__q,fixed,relative,13.0,0.0,13.0,pumping,1.0,0.0,1,well_71110
well_71117__q,fixed,relative,356.0,0.0,356.0,pumping,1.0,0.0,1,well_71117
well_71156__q,fixed,relative,232.2,0.0,232.2,pumping,1.0,0.0,1,well_71156
well_71199__q,fixed,relative,12.3,0.0,12.3,pumping,1.0,0.0,1,well_71199
well_71495__q,fixed,relative,17.7,0.0,17.7,pumping,1.0,0.0,1,well_71495
well_71935__q,fixed,relative,33.5,0.0,33.5,pumping,1.0,0.0,1,well_71935
well_71998__q,fixed,relative,193.6,0.0,193.6,pumping,1.0,0.0,1,well_71998
well_72082__q,fixed,relative,23.8,0.0,23.8,pumping,1.0,0.0,1,well_72082
well_72094__q,fixed,relative,1.2,0.0,1.2,pumping,1.0,0.0,1,well_72094
well_72095__q,fixed,relative,1.2,0.0,1.2,pumping,1.0,0.0,1,well_72095
well_72269__q,fixed,relative,130.9,0.0,130.9,pumping,1.0,0.0,1,well_72269
well_72301__q,fixed,relative,0.8,0.0,0.8,pumping,1.0,0.0,1,well_72301
well_72304__q,fixed,relative,7.3,0.0,7.3,pumping,1.0,0.0,1,well_72304
well_72421__q,fixed,relative,1.1,0.0,1.1,pumping,1.0,0.0,1,well_72421
well_72422__q,fixed,relative,241.0,0.0,241.0,pumping,1.0,0.0,1,well_72422
well_72436__q,fixed,relative,2.2,0.0,2.2,pumping,1.0,0.0,1,well_72436
well_72437__q,fixed,relative,97.4,0.0,97.4,pumping,1.0,0.0,1,well_72437
well_72607__q,fixed,relative,71.3,0.0,71.3,pumping,1.0,0.0,1,well_72607
well_72610__q,fixed,relative,47.4,0.0,47.4,pumping,1.0,0.0,1,well_72610
well_72713__q,fixed,relative,8.2,0.0,8.2,pumping,1.0,0.0,1,well_72713
well_72756__q,fixed,relative,0.5,0.0,0.5,pumping,1.0,0.0,1,well_72756
well_72983__q,fixed,relative,2.7,0.0,2.7,pumping,1.0,0.0,1,well_72983
well_73153__q,fixed,relative,58.6,0.0,58.6,pumping,1.0,0.0,1,well_73153
well_73262__q,fixed,relative,90.0,0.0,90.0,pumping,1.0,0.0,1,well_73262
well_73280__q,fixed,relative,0.6,0.0,0.6,pumping,1.0,0.0,1,well_73280
well_73281__q,fixed,relative,128.0,0.0,128.0,pumping,1.0,0.0,1,well_73281
well_73372__q,fixed,relative,7.6,0.0,7.6,pumping,1.0,0.0,1,well_73372
well_73440__q,fixed,relative,72.9,0.0,72.9,pumping,1.0,0.0,1,well_73440
well_73481__q,fixed,relative,85.1,0.0,85.1,pumping,1.0,0.0,1,well_73481
well_73715__q,fixed,relative,64.2,0.0,64.2,pumping,1.0,0.0,1,well_73715
well_73737__q,fixed,relative,9.4,0.0,9.4,pumping,1.0,0.0,1,well_73737
well_73761__q,fixed,relative,0.4,0.0,0.4,pumping,1.0,0.0,1,well_73761
well_73762__q,fixed,relative,175.9,0.0,175.9,pumping,1.0,0.0,1,well_73762
well_73906__q,fixed,relative,6.9,0.0,6.9,pumping,1.0,0.0,1,well_73906
well_73940__q,fixed,relative,0.1,0.0,0.1,pumping,1.0,0.0,1,well_73940
well_73942__q,fixed,relative,62.0,0.0,62.0,pumping,1.0,0.0,1,well_73942
well_74131__q,fixed,relative,124.9,0.0,124.9,pumping,1.0,0.0,1,well_74131
well_74280__q,fixed,relative,20.8,0.0,20.8,pumping,1.0,0.0,1,well_74280
well_798__q,fixed,relative,135.6,0.0,135.6,pumping,1.0,0.0,1,well_798
well_807__q,fixed,relative,82.6,0.0,82.6,pumping,1.0,0.0,1,well_807
well_84404__q,fixed,relative,5.0,0.0,5.0,pumping,1.0,0.0,1,well_84404
well_84409__q,fixed,relative,2.4,0.0,2.4,pumping,1.0,0.0,1,well_84409
well_84411__q,fixed,relative,40.1,0.0,40.1,pumping,1.0,0.0,1,well_84411
well_850__q,fixed,relative,107.2,0.0,107.2,pumping,1.0,0.0,1,well_850
well_862__q,fixed,relative,4.6,0.0,4.6,pumping,1.0,0.0,1,well_862
well_91103__q,fixed,relative,127.8,0.0,127.8,pumping,1.0,0.0,1,well_91103
well_91173__q,fixed,relative,62.8,0.0,62.8,pumping,1.0,0.0,1,well_91173
well_91808__q,fixed,relative,49.4,0.0,49.4,pumping,1.0,0.0,1,well_91808
well_91996__q,fixed,relative,12.6,0.0,12.6,pumping,1.0,0.0,1,well_91996
well_91997__q,fixed,relative,287.7,0.0,287.7,pumping,1.0,0.0,1,well_91997
well_92099__q,fixed,relative,37.7,0.0,37.7,pumping,1.0,0.0,1,well_92099
well_92184__q,fixed,relative,153.1,0.0,153.1,pumping,1.0,0.0,1,well_92184
well_92299__q,fixed,relative,93.0,0.0,93.0,pumping,1.0,0.0,1,well_92299
well_92696__q,fixed,relative,11.6,0.0,11.6,pumping,1.0,0.0,1,well_92696
well_92714__q,fixed,relative,0.1,0.0,0.1,pumping,1.0,0.0,1,well_92714
well_92724__q,fixed,relative,0.6,0.0,0.6,pumping,1.0,0.0,1,well_92724
well_92743__q,fixed,relative,126.5,0.0,126.5,pumping,1.0,0.0,1,well_92743
well_92808__q,fixed,relative,53.4,0.0,53.4,pumping,1.0,0.0,1,well_92808
well_92885__q,fixed,relative,12.1,0.0,12.1,pumping,1.0,0.0,1,well_92885
well_92981__q,fixed,relative,41.7,0.0,41.7,pumping,1.0,0.0,1,well_92981
well_93142__q,fixed,relative,8.5,0.0,8.5,pumping,1.0,0.0,1,well_93142
well_93143__q,fixed,relative,0.6,0.0,0.6,pumping,1.0,0.0,1,well_93143
well_93349__q,fixed,relative,27.2,0.0,27.2,pumping,1.0,0.0,1,well_93349
well_93422__q,fixed,relative,0.1,0.0,0.1,pumping,1.0,0.0,1,well_93422
well_93423__q,fixed,relative,0.1,0.0,0.1,pumping,1.0,0.0,1,well_93423
well_93424__q,fixed,relative,0.2,0.0,0.2,pumping,1.0,0.0,1,well_93424
well_93469__q,fixed,relative,158.2,0.0,158.2,pumping,1.0,0.0,1,well_93469
well_93832__q,fixed,relative,14.6,0.0,14.6,pumping,1.0,0.0,1,well_93832
well_94302__q,fixed,relative,148.9,0.0,148.9,pumping,1.0,0.0,1,well_94302
well_94988__q,fixed,relative,11.1,0.0,11.1,pumping,1.0,0.0,1,well_94988
well_95068__q,fixed,relative,40.3,0.0,40.3,pumping,1.0,0.0,1,well_95068
