obsnme,obsval,weight,obgnme
lpr:1013:bdpl,2.3596942832707468e-09,0,obgnme
lpr:1302:bdpl,2.4009587181835797e-09,0,obgnme
lpr:1323:bdpl,6.015333221165459e-05,0,obgnme
lpr:1486:bdpl,0.0076527375954247,0,obgnme
lpr:1584:bdpl,0.0402448911354871,0,obgnme
lpr:1589:bdpl,1.1249925560750616e-06,0,obgnme
lpr:1643:bdpl,6.952443433858175e-05,0,obgnme
lpr:1683:bdpl,9.048275128310073e-08,0,obgnme
lpr:1860:bdpl,0.000104791784154,0,obgnme
lpr:23610:bdpl,0.0079016404047747,0,obgnme
lpr:23611:bdpl,0.0306637799937344,0,obgnme
lpr:23618:bdpl,0.0038273784733938,0,obgnme
lpr:23620:bdpl,6.82345794339583e-08,0,obgnme
lpr:23627:bdpl,0.3451669759820668,0,obgnme
lpr:23629:bdpl,0.0003003856715195,0,obgnme
lpr:23630:bdpl,0.0002163683626269,0,obgnme
lpr:23631:bdpl,0.0002593505804506,0,obgnme
lpr:23635:bdpl,7.073218932681944e-08,0,obgnme
lpr:23637:bdpl,1.1936359063820412e-05,0,obgnme
lpr:23638:bdpl,0.0613401571535326,0,obgnme
lpr:23639:bdpl,0.0065510336061263,0,obgnme
lpr:23645:bdpl,0.0789381337394696,0,obgnme
lpr:23646:bdpl,0.0687116602176004,0,obgnme
lpr:23648:bdpl,5.217993136523552e-08,0,obgnme
lpr:23653:bdpl,0.3264825852902851,0,obgnme
lpr:23695:bdpl,1.4073837936689686e-05,0,obgnme
lpr:23697:bdpl,2.0808372841790717e-11,0,obgnme
lpr:23698:bdpl,4.883511718095857e-10,0,obgnme
lpr:23699:bdpl,1.2017597104084602e-07,0,obgnme
lpr:23700:bdpl,1.224584455979543e-07,0,obgnme
lpr:23709:bdpl,0.0002020876964681,0,obgnme
lpr:23710:bdpl,6.867649020969605e-07,0,obgnme
lpr:23715:bdpl,0.0001592835146609,0,obgnme
lpr:23716:bdpl,7.444683097809335e-05,0,obgnme
lpr:23720:bdpl,0.0084601185521319,0,obgnme
lpr:23721:bdpl,0.006877043689321,0,obgnme
lpr:23722:bdpl,0.0057265327669622,0,obgnme
lpr:23723:bdpl,0.0008715130268763,0,obgnme
lpr:23726:bdpl,1.7187585631471516e-05,0,obgnme
lpr:23727:bdpl,1.4887402187341865e-05,0,obgnme
lpr:23728:bdpl,0.0002018733838375,0,obgnme
lpr:23729:bdpl,0.0003700061003353,0,obgnme
lpr:23751:bdpl,3.420074921407945e-05,0,obgnme
lpr:23752:bdpl,0.0365696647592229,0,obgnme
lpr:23753:bdpl,0.0102913128598044,0,obgnme
lpr:23754:bdpl,1.5899369182800292e-08,0,obgnme
lpr:23755:bdpl,0.3921938723258593,0,obgnme
lpr:23756:bdpl,1.832938028282939e-05,0,obgnme
lpr:23757:bdpl,4.877150957893191e-05,0,obgnme
lpr:23758:bdpl,0.0001877231577591,0,obgnme
lpr:23770:bdpl,0.1132420649310186,0,obgnme
lpr:23776:bdpl,5.756374681428644e-05,0,obgnme
lpr:23778:bdpl,0.000128728992251,0,obgnme
lpr:23781:bdpl,0.0423941013885975,0,obgnme
lpr:23790:bdpl,0.0004121229467544,0,obgnme
lpr:23791:bdpl,0.0004221524122711,0,obgnme
lpr:23794:bdpl,0.0523454339282928,0,obgnme
lpr:23795:bdpl,1.5339322657554595e-05,0,obgnme
lpr:23798:bdpl,0.0023180345898406,0,obgnme
lpr:23800:bdpl,0.0235408141423227,0,obgnme
lpr:23807:bdpl,1.262051875382882e-05,0,obgnme
lpr:23816:bdpl,0.0959383684360204,0,obgnme
lpr:23818:bdpl,4.14869145524996e-07,0,obgnme
lpr:23820:bdpl,3.57151340040426e-05,0,obgnme
lpr:23823:bdpl,2.6855040333540045e-05,0,obgnme
lpr:23836:bdpl,0.2110931791883664,0,obgnme
lpr:23837:bdpl,0.0379962122776806,0,obgnme
lpr:23846:bdpl,0.000218846040933,0,obgnme
lpr:23847:bdpl,0.0113956172901394,0,obgnme
lpr:23848:bdpl,0.0075943353233961,0,obgnme
lpr:23851:bdpl,0.0300678895342043,0,obgnme
lpr:23864:bdpl,0.00142500083539,0,obgnme
lpr:23865:bdpl,0.000898532004058,0,obgnme
lpr:23866:bdpl,3.795965865337992e-05,0,obgnme
lpr:23867:bdpl,4.936387491139783e-07,0,obgnme
lpr:23868:bdpl,1.6062662001869188e-06,0,obgnme
lpr:23869:bdpl,3.960720345582696e-07,0,obgnme
lpr:23870:bdpl,8.573421031068065e-07,0,obgnme
lpr:23876:bdpl,0.1169645835804448,0,obgnme
lpr:23881:bdpl,0.0077548191521182,0,obgnme
lpr:23883:bdpl,1.6239895751213004e-07,0,obgnme
lpr:23886:bdpl,3.632513302731124e-05,0,obgnme
lpr:23888:bdpl,0.018807997980739,0,obgnme
lpr:23889:bdpl,0.0324522665734444,0,obgnme
lpr:23890:bdpl,2.0905836563054565e-05,0,obgnme
lpr:23895:bdpl,0.0006221597696363,0,obgnme
lpr:23898:bdpl,1.2961285304396477e-06,0,obgnme
lpr:23908:bdpl,0.0074796680114195,0,obgnme
lpr:23909:bdpl,0.004542798519903,0,obgnme
lpr:23910:bdpl,0.0002389559784175,0,obgnme
lpr:23913:bdpl,2.316187773500281e-11,0,obgnme
lpr:23915:bdpl,6.361587092337395e-09,0,obgnme
lpr:23919:bdpl,0.0398301045718413,0,obgnme
lpr:23926:bdpl,1.1552603661489914e-05,0,obgnme
lpr:23928:bdpl,0.0037372048961373,0,obgnme
lpr:23929:bdpl,0.0309954662878512,0,obgnme
lpr:23930:bdpl,0.0030298195495718,0,obgnme
lpr:23934:bdpl,0.3981483076318026,0,obgnme
lpr:23936:bdpl,0.031912619914598,0,obgnme
lpr:23937:bdpl,0.0083114719160064,0,obgnme
lpr:23939:bdpl,0.0652469765566283,0,obgnme
lpr:23942:bdpl,0.00015358280667,0,obgnme
lpr:23944:bdpl,3.590196059904741e-06,0,obgnme
lpr:23948:bdpl,0.0031960831404685,0,obgnme
lpr:23956:bdpl,0.0003028032673373,0,obgnme
lpr:23961:bdpl,1.0561592136646357e-12,0,obgnme
lpr:23962:bdpl,9.079459897094234e-05,0,obgnme
lpr:23963:bdpl,3.93245920626038e-06,0,obgnme
lpr:23966:bdpl,1.6201891769311536e-06,0,obgnme
lpr:23967:bdpl,5.338115059326528e-05,0,obgnme
lpr:23972:bdpl,0.0003626114201733,0,obgnme
lpr:23977:bdpl,0.0035167675876678,0,obgnme
lpr:23978:bdpl,5.084232328523699e-09,0,obgnme
lpr:23979:bdpl,6.330797349299214e-07,0,obgnme
lpr:23980:bdpl,6.2360690571426405e-06,0,obgnme
lpr:23981:bdpl,0.0092437336492573,0,obgnme
lpr:23983:bdpl,0.0002799958444114,0,obgnme
lpr:23984:bdpl,0.0022684417709206,0,obgnme
lpr:23985:bdpl,0.0098584121862506,0,obgnme
lpr:23987:bdpl,0.000577929502544,0,obgnme
lpr:23998:bdpl,4.273956589816665e-06,0,obgnme
lpr:24003:bdpl,0.0010200674323862,0,obgnme
lpr:24005:bdpl,0.0017571728961318,0,obgnme
lpr:24010:bdpl,0.0746619458713406,0,obgnme
lpr:24011:bdpl,0.0193041712981466,0,obgnme
lpr:24012:bdpl,4.2431067398334825e-05,0,obgnme
lpr:24016:bdpl,7.942946645676318e-05,0,obgnme
lpr:24024:bdpl,5.502431449890725e-07,0,obgnme
lpr:24030:bdpl,0.0002133515898372,0,obgnme
lpr:24033:bdpl,0.0001468813341319,0,obgnme
lpr:24036:bdpl,2.868509457988284e-06,0,obgnme
lpr:24037:bdpl,1.525406761726029e-06,0,obgnme
lpr:24042:bdpl,3.878813887880549e-05,0,obgnme
lpr:24043:bdpl,8.996996227103856e-08,0,obgnme
lpr:24045:bdpl,0.030094715605879,0,obgnme
lpr:24047:bdpl,0.0002331441372243,0,obgnme
lpr:24049:bdpl,0.0036593845714716,0,obgnme
lpr:24059:bdpl,2.445424426605777e-05,0,obgnme
lpr:24063:bdpl,0.0005232841738557,0,obgnme
lpr:24066:bdpl,2.476476379858749e-06,0,obgnme
lpr:24080:bdpl,1.2978648588152244e-05,0,obgnme
lpr:24091:bdpl,4.42000358700709e-05,0,obgnme
lpr:24093:bdpl,0.0053628080064896,0,obgnme
lpr:24110:bdpl,0.0021870447791269,0,obgnme
lpr:24120:bdpl,6.023840334384272e-06,0,obgnme
lpr:24121:bdpl,0.0011964371269644,0,obgnme
lpr:24125:bdpl,0.0094536187626028,0,obgnme
lpr:24130:bdpl,1.9858757978756328e-05,0,obgnme
lpr:24135:bdpl,6.839072109000329e-05,0,obgnme
lpr:24137:bdpl,0.0245315574444543,0,obgnme
lpr:24165:bdpl,0.0006595217806806,0,obgnme
lpr:24166:bdpl,0.0004328388727201,0,obgnme
lpr:24169:bdpl,1.5673577978740214e-08,0,obgnme
lpr:24172:bdpl,0.0008115684542472,0,obgnme
lpr:24195:bdpl,2.986667320046539e-08,0,obgnme
lpr:24197:bdpl,0.018833568779917,0,obgnme
lpr:24203:bdpl,0.0618138969626149,0,obgnme
lpr:24216:bdpl,1.8439011276162474e-07,0,obgnme
lpr:24225:bdpl,0.0015194067063248,0,obgnme
lpr:24226:bdpl,4.7579405463122976e-05,0,obgnme
lpr:24227:bdpl,0.0018042193026715,0,obgnme
lpr:24239:bdpl,0.1669906032279805,0,obgnme
lpr:24240:bdpl,0.0010129585125525,0,obgnme
lpr:24247:bdpl,1.7647717328227764e-05,0,obgnme
lpr:24249:bdpl,4.3245566092695095e-06,0,obgnme
lpr:24252:bdpl,0.0007115288691193,0,obgnme
lpr:24253:bdpl,7.463808877907044e-06,0,obgnme
lpr:24256:bdpl,2.0036679557115216e-05,0,obgnme
lpr:24265:bdpl,0.0014422205064156,0,obgnme
lpr:24266:bdpl,0.0005823896798057,0,obgnme
lpr:24274:bdpl,0.0142420699288413,0,obgnme
lpr:24279:bdpl,0.001652888784541,0,obgnme
lpr:24283:bdpl,0.0033374396848,0,obgnme
lpr:24285:bdpl,1.4679684153408882e-08,0,obgnme
lpr:24286:bdpl,1.9317405123904857e-08,0,obgnme
lpr:24291:bdpl,0.0048440064999361,0,obgnme
lpr:24293:bdpl,0.0007734516464729,0,obgnme
lpr:24294:bdpl,1.4485984896649065e-08,0,obgnme
lpr:24302:bdpl,8.393447310092624e-11,0,obgnme
lpr:24305:bdpl,6.3613083859952785e-15,0,obgnme
lpr:24307:bdpl,0.0003918886189541,0,obgnme
lpr:24311:bdpl,0.0016020871569863,0,obgnme
lpr:24317:bdpl,0.0001549610650754,0,obgnme
lpr:24323:bdpl,0.1622355532107281,0,obgnme
lpr:2544:bdpl,0.0005013113311308,0,obgnme
lpr:2750:bdpl,1.933158597666595e-06,0,obgnme
lpr:2886:bdpl,0.0494305894751721,0,obgnme
lpr:3473:bdpl,2.9239866736103352e-06,0,obgnme
lpr:3949:bdpl,0.0023467020871096,0,obgnme
lpr:4171:bdpl,3.3903847465445534e-05,0,obgnme
lpr:418:bdpl,0.0066899310261558,0,obgnme
lpr:466:bdpl,0.3830910599467256,0,obgnme
lpr:467:bdpl,0.2874797103858698,0,obgnme
lpr:490:bdpl,5.0031774159423135e-12,0,obgnme
lpr:509:bdpl,2.75348487774215e-07,0,obgnme
lpr:58403:bdpl,0.0004934670046397,0,obgnme
lpr:58405:bdpl,0.2948617004080513,0,obgnme
lpr:58406:bdpl,0.0052794782367608,0,obgnme
lpr:58407:bdpl,0.0063012504614578,0,obgnme
lpr:58410:bdpl,0.0018221135130994,0,obgnme
lpr:58411:bdpl,0.0001411703965394,0,obgnme
lpr:58414:bdpl,4.912350187702825e-05,0,obgnme
lpr:58416:bdpl,1.3350417354794365e-05,0,obgnme
lpr:58424:bdpl,2.9233350554616517e-05,0,obgnme
lpr:58433:bdpl,0.0022718883265624,0,obgnme
lpr:58434:bdpl,1.971431377489288e-07,0,obgnme
lpr:602:bdpl,5.179374008667257e-15,0,obgnme
lpr:603:bdpl,2.728232616017569e-15,0,obgnme
lpr:67673:bdpl,0.0002475431298604,0,obgnme
lpr:67895:bdpl,1.1648247364038827e-09,0,obgnme
lpr:68008:bdpl,0.0007443794186076,0,obgnme
lpr:68216:bdpl,1.1839902550097897e-12,0,obgnme
lpr:68218:bdpl,3.1709222756366525e-13,0,obgnme
lpr:68219:bdpl,2.159367598773615e-12,0,obgnme
lpr:68220:bdpl,5.083517733408572e-12,0,obgnme
lpr:68221:bdpl,1.9000504431606344e-11,0,obgnme
lpr:68294:bdpl,1.0866183590646196e-15,0,obgnme
lpr:68475:bdpl,0.0053534513833576,0,obgnme
lpr:68529:bdpl,0.2740037335351595,0,obgnme
lpr:68693:bdpl,2.450943415040012e-07,0,obgnme
lpr:68695:bdpl,3.257724162542063e-06,0,obgnme
lpr:68872:bdpl,2.702691563134187e-05,0,obgnme
lpr:68917:bdpl,1.606060107134893e-07,0,obgnme
lpr:68925:bdpl,9.09244175823431e-05,0,obgnme
lpr:68926:bdpl,0.0006233371752139,0,obgnme
lpr:69049:bdpl,0.0390505541606507,0,obgnme
lpr:69065:bdpl,0.0001526406055083,0,obgnme
lpr:69282:bdpl,0.0108973670581667,0,obgnme
lpr:69288:bdpl,1.901598487165185e-09,0,obgnme
lpr:69289:bdpl,1.152177150508506e-08,0,obgnme
lpr:69480:bdpl,2.0028136121792508e-06,0,obgnme
lpr:69508:bdpl,5.429781091016883e-12,0,obgnme
lpr:69576:bdpl,9.575688381431589e-08,0,obgnme
lpr:69635:bdpl,1.839881125118581e-09,0,obgnme
lpr:69636:bdpl,4.5814772818982735e-10,0,obgnme
lpr:69638:bdpl,1.0733107746795259e-10,0,obgnme
lpr:69669:bdpl,1.1700153046568702e-14,0,obgnme
lpr:69970:bdpl,0.035863928565248,0,obgnme
lpr:69990:bdpl,9.275553515631615e-05,0,obgnme
lpr:70119:bdpl,0.0336915403546507,0,obgnme
lpr:70120:bdpl,0.0360194631995554,0,obgnme
lpr:70186:bdpl,0.0296224364544006,0,obgnme
lpr:70191:bdpl,1.931223180177792e-07,0,obgnme
lpr:70263:bdpl,4.1733056745113336e-10,0,obgnme
lpr:70517:bdpl,6.394405618270943e-11,0,obgnme
lpr:70519:bdpl,5.663700746260807e-10,0,obgnme
lpr:70520:bdpl,1.3081516432922238e-10,0,obgnme
lpr:70548:bdpl,8.825292161289193e-11,0,obgnme
lpr:70881:bdpl,0.0033335774777618,0,obgnme
lpr:70961:bdpl,2.481871296986712e-07,0,obgnme
lpr:70974:bdpl,4.573352080064609e-08,0,obgnme
lpr:70975:bdpl,8.023424701867736e-09,0,obgnme
lpr:71044:bdpl,0.0208725999475597,0,obgnme
lpr:71062:bdpl,1.5215978596333414e-05,0,obgnme
lpr:71063:bdpl,0.000392334146648,0,obgnme
lpr:71109:bdpl,0.0140819920695383,0,obgnme
lpr:71110:bdpl,0.0092195393821456,0,obgnme
lpr:71117:bdpl,8.267699909764375e-08,0,obgnme
lpr:71156:bdpl,3.406081594253063e-06,0,obgnme
lpr:71199:bdpl,1.1736023020280528e-06,0,obgnme
lpr:71495:bdpl,0.0002879328297735,0,obgnme
lpr:71935:bdpl,0.0005540384850505,0,obgnme
lpr:71998:bdpl,1.190204925866249e-09,0,obgnme
lpr:72082:bdpl,0.0001185695896693,0,obgnme
lpr:72094:bdpl,6.48470311261795e-06,0,obgnme
lpr:72095:bdpl,5.307248256683558e-06,0,obgnme
lpr:72269:bdpl,0.0005680929130504,0,obgnme
lpr:72301:bdpl,1.509155205156045e-07,0,obgnme
lpr:72304:bdpl,1.0965021446677332e-06,0,obgnme
lpr:72421:bdpl,2.1476583295704517e-14,0,obgnme
lpr:72422:bdpl,8.625596751850076e-13,0,obgnme
lpr:72436:bdpl,2.738876880228215e-07,0,obgnme
lpr:72437:bdpl,2.9130445560607667e-06,0,obgnme
lpr:72607:bdpl,0.0003720102212232,0,obgnme
lpr:72610:bdpl,0.0022555592325552,0,obgnme
lpr:72713:bdpl,0.0004261951346573,0,obgnme
lpr:72756:bdpl,3.483383770942538e-05,0,obgnme
lpr:72983:bdpl,1.1353138460515097e-07,0,obgnme
lpr:73153:bdpl,5.739006507755426e-07,0,obgnme
lpr:73262:bdpl,5.063838344725825e-14,0,obgnme
lpr:73280:bdpl,7.059952878721912e-06,0,obgnme
lpr:73281:bdpl,0.000779382171728,0,obgnme
lpr:73372:bdpl,9.084780716705325e-08,0,obgnme
lpr:73440:bdpl,8.700385672674723e-07,0,obgnme
lpr:73481:bdpl,0.0002076812769823,0,obgnme
lpr:73715:bdpl,0.0061042300136927,0,obgnme
lpr:73737:bdpl,7.644446158020231e-11,0,obgnme
lpr:73761:bdpl,1.7272563622723424e-05,0,obgnme
lpr:73762:bdpl,0.0067578963249136,0,obgnme
lpr:73906:bdpl,2.4471103667423357e-08,0,obgnme
lpr:73940:bdpl,6.789193443183034e-09,0,obgnme
lpr:73942:bdpl,7.012852629145419e-07,0,obgnme
lpr:74131:bdpl,3.2904953509016917e-09,0,obgnme
lpr:74280:bdpl,1.9577893778357185e-11,0,obgnme
lpr:798:bdpl,6.53525236086237e-08,0,obgnme
lpr:807:bdpl,0.0003775120519856,0,obgnme
lpr:84404:bdpl,0.0001074817438621,0,obgnme
lpr:84409:bdpl,0.0008343004430052,0,obgnme
lpr:84411:bdpl,0.0112015234338711,0,obgnme
lpr:850:bdpl,9.103725878762451e-06,0,obgnme
lpr:862:bdpl,6.120902270615761e-05,0,obgnme
lpr:91103:bdpl,1.2246390408144966e-08,0,obgnme
lpr:91173:bdpl,6.901967860059489e-06,0,obgnme
lpr:91808:bdpl,1.4625179452353485e-12,0,obgnme
lpr:91996:bdpl,1.2929366798949315e-10,0,obgnme
lpr:91997:bdpl,5.786038952117332e-09,0,obgnme
lpr:92099:bdpl,2.3718788253377606e-07,0,obgnme
lpr:92184:bdpl,3.463222347657104e-05,0,obgnme
lpr:92299:bdpl,1.8124280558586e-11,0,obgnme
lpr:92696:bdpl,1.325001373983379e-15,0,obgnme
lpr:92714:bdpl,9.628864021141852e-09,0,obgnme
lpr:92724:bdpl,4.970867734995953e-15,0,obgnme
lpr:92743:bdpl,1.0728663860736936e-12,0,obgnme
lpr:92808:bdpl,2.3959400578075384e-08,0,obgnme
lpr:92885:bdpl,2.690385256246658e-05,0,obgnme
lpr:92981:bdpl,1.7959314971742223e-09,0,obgnme
lpr:93142:bdpl,0.0005774497049849,0,obgnme
lpr:93143:bdpl,5.52997575790864e-05,0,obgnme
lpr:93349:bdpl,4.276794990121022e-05,0,obgnme
lpr:93422:bdpl,8.196494041199464e-15,0,obgnme
lpr:93423:bdpl,8.78946248588967e-15,0,obgnme
lpr:93424:bdpl,1.9512558592349924e-14,0,obgnme
lpr:93469:bdpl,0.0065857187141116,0,obgnme
lpr:93832:bdpl,4.3120883753331294e-14,0,obgnme
lpr:94302:bdpl,0.0370403643270445,0,obgnme
lpr:94988:bdpl,2.4809791430451154e-08,0,obgnme
lpr:95068:bdpl,7.244530347405125e-06,0,obgnme
lpr:total_combined:bdpl,4.685475733959509,1,less_than_depletion
lpr:total_existing:bdpl,4.679641202616836,0,obgnme
lpr:total_proposed:bdpl,0.0066899310261558,0,obgnme
