,parval1,wellno,total_receipts
well_418__q,109.5,418,26249.065273019205
well_466__q,315.9,466,0.0
well_467__q,296.9,467,0.0
well_490__q,27.7,490,0.0
well_509__q,0.1,509,0.0
well_602__q,0.5,602,0.0
well_603__q,0.2,603,0.0
well_798__q,135.6,798,82097.26138979309
well_807__q,82.6,807,37559.5158453488
well_850__q,107.2,850,55303.65239598937
well_862__q,4.6,862,0.0
well_1013__q,125.1,1013,44649.16720961192
well_1302__q,88.2,1302,64979.93767955099
well_1323__q,76.2,1323,52093.57312939013
well_1486__q,222.8,1486,68666.32758681942
well_1584__q,150.5,1584,102789.96648608928
well_1589__q,264.1,1589,57315.23286714196
well_1643__q,114.5,1643,58074.00269090251
well_1683__q,260.6,1683,47785.36871947967
well_1860__q,195.7,1860,64566.44411179555
well_2544__q,8.2,2544,0.0
well_2750__q,120.7,2750,129926.68601484149
well_2886__q,710.5,2886,0.0
well_3473__q,83.3,3473,76077.9688151975
well_3949__q,43.0,3949,73857.23094285384
well_4171__q,7.5,4171,0.0
well_23610__q,201.7,23610,64920.75049581768
well_23611__q,378.8,23611,0.0
well_23618__q,253.9,23618,56413.79314459266
well_23620__q,349.7,23620,61188.899686948775
well_23627__q,276.5,23627,73527.80656615112
well_23629__q,146.2,23629,48356.760492008965
well_23630__q,255.5,23630,57610.37185816887
well_23631__q,101.0,23631,35501.43772622216
well_23635__q,282.8,23635,62034.011261723484
well_23637__q,291.4,23637,72086.62237055825
well_23638__q,409.8,23638,67503.23533817769
well_23639__q,213.2,23639,57588.69301335842
well_23645__q,158.8,23645,55881.2588819923
well_23646__q,319.4,23646,56853.04553944818
well_23648__q,137.8,23648,0.0
well_23653__q,263.6,23653,68945.72711228403
well_23695__q,141.4,23695,28323.13668453005
well_23697__q,152.0,23697,16780.154994370703
well_23698__q,369.4,23698,16479.54699035007
well_23699__q,220.8,23699,63751.82661697942
well_23700__q,121.7,23700,69289.3282226268
well_23709__q,259.0,23709,63290.83659066749
well_23710__q,105.6,23710,62098.76898643622
well_23715__q,411.3,23715,61037.60819368807
well_23716__q,256.1,23716,65217.93756491807
well_23720__q,160.7,23720,49235.23126151381
well_23721__q,236.8,23721,61038.67543353324
well_23722__q,163.5,23722,51776.36262782991
well_23723__q,236.5,23723,70084.98066641398
well_23726__q,195.7,23726,71472.83509959053
well_23727__q,86.0,23727,28189.2745578258
well_23728__q,250.1,23728,64234.76822739625
well_23729__q,244.6,23729,59410.0303906709
well_23751__q,214.1,23751,62241.56407102562
well_23752__q,296.0,23752,63733.39500269513
well_23753__q,308.2,23753,89028.34346493264
well_23754__q,325.0,23754,66123.64595471698
well_23755__q,794.6,23755,58964.55234222828
well_23756__q,324.2,23756,66537.37832446497
well_23757__q,101.5,23757,58669.8539925044
well_23758__q,148.4,23758,65295.20811438631
well_23770__q,239.9,23770,57936.29407247013
well_23776__q,78.4,23776,30087.9711260628
well_23778__q,163.6,23778,66757.69795014657
well_23781__q,450.6,23781,73301.63393346446
well_23790__q,275.8,23790,62017.07709673431
well_23791__q,204.9,23791,39937.91440078402
well_23794__q,217.3,23794,50600.981852883146
well_23795__q,110.6,23795,55515.45653459471
well_23798__q,169.3,23798,48263.24199841904
well_23800__q,364.0,23800,60616.34787517894
well_23807__q,128.5,23807,34786.19901585439
well_23816__q,149.4,23816,59429.91437092561
well_23818__q,282.6,23818,64123.709728010894
well_23820__q,86.9,23820,46528.88278000252
well_23823__q,25.8,23823,69456.80014230864
well_23836__q,568.6,23836,46839.40197804489
well_23837__q,241.7,23837,67465.00299397507
well_23846__q,291.7,23846,52749.85170970057
well_23847__q,187.0,23847,62572.02688298275
well_23848__q,289.7,23848,67566.47051954758
well_23851__q,248.4,23851,47758.01631822415
well_23864__q,1133.7,23864,67765.33993758779
well_23865__q,267.0,23865,63990.17735164463
well_23866__q,177.7,23866,116795.36598750664
well_23867__q,330.2,23867,60690.870666932926
well_23868__q,416.5,23868,50018.41557661575
well_23869__q,168.1,23869,94631.32547799037
well_23870__q,205.0,23870,92237.4050336262
well_23876__q,197.6,23876,19524.52728518925
well_23881__q,131.0,23881,0.0
well_23883__q,589.5,23883,62348.7743618992
well_23886__q,215.2,23886,68881.43050073892
well_23888__q,237.2,23888,56026.83190931006
well_23889__q,459.8,23889,70044.96797191616
well_23890__q,187.6,23890,61676.11162363984
well_23895__q,216.9,23895,48369.48001385751
well_23898__q,29.6,23898,34077.53635826072
well_23908__q,365.0,23908,49736.04730724522
well_23909__q,115.6,23909,72202.29814587496
well_23910__q,345.0,23910,59474.89158082359
well_23913__q,247.2,23913,0.0
well_23915__q,152.5,23915,58244.747693877216
well_23919__q,261.3,23919,42701.68100013176
well_23926__q,243.0,23926,74901.4175836364
well_23928__q,293.8,23928,63696.06694440526
well_23929__q,203.7,23929,0.0
well_23930__q,91.6,23930,57793.51017982962
well_23934__q,370.6,23934,76886.72998382885
well_23936__q,238.2,23936,64980.08351510592
well_23937__q,183.4,23937,62476.22879635988
well_23939__q,329.9,23939,64959.18410798479
well_23942__q,132.9,23942,43108.39970899113
well_23944__q,84.4,23944,33640.11593886691
well_23948__q,254.6,23948,54158.70357117613
well_23956__q,429.0,23956,62946.68130334969
well_23961__q,270.5,23961,45121.84989545689
well_23962__q,147.2,23962,71052.4022641866
well_23963__q,105.8,23963,52947.93809195847
well_23966__q,90.8,23966,37644.49120120657
well_23967__q,231.5,23967,26881.941814750106
well_23972__q,323.1,23972,64639.58381862071
well_23977__q,152.5,23977,25006.868686812417
well_23978__q,302.4,23978,37437.8285244704
well_23979__q,186.4,23979,42372.37836360884
well_23980__q,151.3,23980,65651.0921796516
well_23981__q,87.2,23981,0.0
well_23983__q,806.4,23983,66429.46891588613
well_23984__q,278.9,23984,60759.67563502643
well_23985__q,333.6,23985,56821.56173372666
well_23987__q,419.8,23987,17231.17469758238
well_23998__q,93.4,23998,31133.84423420157
well_24003__q,117.8,24003,63932.07636783377
well_24005__q,284.0,24005,65196.40292039816
well_24010__q,249.9,24010,59390.82377902209
well_24011__q,257.1,24011,56115.636302333965
well_24012__q,188.1,24012,60274.68298686948
well_24016__q,249.1,24016,68456.2876924629
well_24024__q,161.7,24024,118692.83527696609
well_24030__q,226.0,24030,109367.6066689908
well_24033__q,267.2,24033,46789.6850035848
well_24036__q,201.4,24036,68692.28638634451
well_24037__q,283.8,24037,28375.29489824596
well_24042__q,263.1,24042,17389.113730661844
well_24043__q,111.4,24043,60496.59311513636
well_24045__q,204.8,24045,166047.1692493742
well_24047__q,91.5,24047,23475.34322224809
well_24049__q,125.3,24049,57813.56700202318
well_24059__q,111.8,24059,24082.52492761866
well_24063__q,81.0,24063,56621.40740325233
well_24066__q,224.2,24066,83978.37124828363
well_24080__q,164.4,24080,64087.76198073958
well_24091__q,88.9,24091,34635.04059732193
well_24093__q,282.7,24093,64602.0471157634
well_24110__q,342.3,24110,60233.08558637887
well_24120__q,271.1,24120,17475.204400378778
well_24121__q,80.0,24121,38857.56527101507
well_24125__q,155.7,24125,57066.46394241961
well_24130__q,282.3,24130,21863.86791134793
well_24135__q,67.6,24135,0.0
well_24137__q,185.1,24137,29610.974707425416
well_24165__q,115.2,24165,64528.80115941956
well_24166__q,115.3,24166,63841.24997697858
well_24169__q,147.6,24169,59843.47848281936
well_24172__q,71.9,24172,0.0
well_24195__q,1.6,24195,25109.82722861889
well_24197__q,249.1,24197,68203.05100174708
well_24203__q,257.9,24203,59390.82377902209
well_24216__q,156.2,24216,79153.84776086865
well_24225__q,109.4,24225,65218.14401367778
well_24226__q,2.1,24226,63465.14401598979
well_24227__q,122.6,24227,110075.37619987858
well_24239__q,271.5,24239,59994.01989697893
well_24240__q,252.4,24240,0.0
well_24247__q,65.5,24247,58675.32182618166
well_24249__q,27.7,24249,38578.30084479595
well_24252__q,156.8,24252,67482.8600437016
well_24253__q,132.8,24253,89809.16606038323
well_24256__q,63.1,24256,66259.20695999966
well_24265__q,50.8,24265,63465.14401598979
well_24266__q,42.9,24266,24436.087047184254
well_24274__q,82.2,24274,27161.066162785763
well_24279__q,102.3,24279,61902.2365626215
well_24283__q,405.4,24283,0.0
well_24285__q,172.8,24285,37664.33632319402
well_24286__q,134.0,24286,42221.09783024992
well_24291__q,95.4,24291,62103.62308893302
well_24293__q,68.3,24293,24060.67603279025
well_24294__q,108.4,24294,0.0
well_24302__q,155.2,24302,21302.893937530047
well_24305__q,0.8,24305,0.0
well_24307__q,108.6,24307,70031.02264226657
well_24311__q,248.0,24311,89855.98739164874
well_24317__q,59.5,24317,0.0
well_24323__q,206.4,24323,59153.36150800727
well_58403__q,139.2,58403,0.0
well_58405__q,418.0,58405,0.0
well_58406__q,416.4,58406,0.0
well_58407__q,406.4,58407,0.0
well_58410__q,215.3,58410,0.0
well_58411__q,69.4,58411,0.0
well_58414__q,18.2,58414,0.0
well_58416__q,2.9,58416,0.0
well_58424__q,121.1,58424,0.0
well_58433__q,300.4,58433,0.0
well_58434__q,0.2,58434,0.0
well_67673__q,177.7,67673,129724.35097598944
well_67895__q,0.1,67895,0.0
well_68008__q,1.6,68008,0.0
well_68216__q,0.1,68216,0.0
well_68218__q,0.1,68218,0.0
well_68219__q,0.2,68219,0.0
well_68220__q,0.6,68220,0.0
well_68221__q,1.0,68221,0.0
well_68294__q,9.2,68294,0.0
well_68475__q,577.5,68475,0.0
well_68529__q,219.9,68529,72760.63713425917
well_68693__q,13.0,68693,0.0
well_68695__q,517.8,68695,24242.05561730148
well_68872__q,1.4,68872,0.0
well_68917__q,170.5,68917,21404.87607649252
well_68925__q,3.1,68925,0.0
well_68926__q,121.0,68926,25171.75124332511
well_69049__q,37.6,69049,20355.358233512405
well_69065__q,9.7,69065,0.0
well_69282__q,156.2,69282,86273.58984011428
well_69288__q,2.1,69288,0.0
well_69289__q,135.1,69289,20153.585410637294
well_69480__q,120.8,69480,46875.32112990538
well_69508__q,108.7,69508,27926.956625310715
well_69576__q,67.8,69576,19555.479810704663
well_69635__q,126.2,69635,20358.73790197871
well_69636__q,9.4,69636,0.0
well_69638__q,2.2,69638,17574.13578310561
well_69669__q,1.8,69669,0.0
well_69970__q,62.9,69970,61099.39191249362
well_69990__q,156.4,69990,30080.89972296667
well_70119__q,192.2,70119,61307.37932796864
well_70120__q,243.7,70120,67630.40770946702
well_70186__q,125.1,70186,69826.84779604281
well_70191__q,1.2,70191,61941.353954889615
well_70263__q,165.9,70263,77126.69437617977
well_70517__q,2.8,70517,0.0
well_70519__q,23.5,70519,0.0
well_70520__q,6.1,70520,0.0
well_70548__q,368.5,70548,28591.884163997915
well_70881__q,169.4,70881,35428.49058841563
well_70961__q,66.4,70961,13142.356431494134
well_70974__q,5.7,70974,0.0
well_70975__q,1.0,70975,0.0
well_71044__q,63.8,71044,25157.726733841817
well_71062__q,19.6,71062,0.0
well_71063__q,200.3,71063,24248.146995076662
well_71109__q,15.0,71109,0.0
well_71110__q,13.0,71110,0.0
well_71117__q,356.0,71117,27760.724740620237
well_71156__q,232.2,71156,61135.11682102076
well_71199__q,12.3,71199,13007.087769505682
well_71495__q,17.7,71495,0.0
well_71935__q,33.5,71935,61469.38477019153
well_71998__q,193.6,71998,39147.94176104123
well_72082__q,23.8,72082,38769.29536503767
well_72094__q,1.2,72094,0.0
well_72095__q,1.2,72095,0.0
well_72269__q,130.9,72269,58312.726501555786
well_72301__q,0.8,72301,9554.555905498271
well_72304__q,7.3,72304,9554.555905498271
well_72421__q,1.1,72421,0.0
well_72422__q,241.0,72422,24538.60855425654
well_72436__q,2.2,72436,0.0
well_72437__q,97.4,72437,18508.084952002944
well_72607__q,71.3,72607,66413.0968296458
well_72610__q,47.4,72610,51020.99796135005
well_72713__q,8.2,72713,0.0
well_72756__q,0.5,72756,0.0
well_72983__q,2.7,72983,27488.12605107436
well_73153__q,58.6,73153,14342.145589871672
well_73262__q,90.0,73262,17287.354139697418
well_73280__q,0.6,73280,0.0
well_73281__q,128.0,73281,27203.42586964585
well_73372__q,7.6,73372,0.0
well_73440__q,72.9,73440,16322.059600685054
well_73481__q,85.1,73481,35011.842475146
well_73715__q,64.2,73715,66065.12741523815
well_73737__q,9.4,73737,19489.466184806293
well_73761__q,0.4,73761,0.0
well_73762__q,175.9,73762,40498.04105182063
well_73906__q,6.9,73906,0.0
well_73940__q,0.1,73940,0.0
well_73942__q,62.0,73942,0.0
well_74131__q,124.9,74131,54679.05718237058
well_74280__q,20.8,74280,21186.189181773283
well_84404__q,5.0,84404,0.0
well_84409__q,2.4,84409,0.0
well_84411__q,40.1,84411,0.0
well_91103__q,127.8,91103,59525.04169482185
well_91173__q,62.8,91173,0.0
well_91808__q,49.4,91808,15498.32752091246
well_91996__q,12.6,91996,0.0
well_91997__q,287.7,91997,21347.64915368736
well_92099__q,37.7,92099,18256.52554520533
well_92184__q,153.1,92184,0.0
well_92299__q,93.0,92299,0.0
well_92696__q,11.6,92696,0.0
well_92714__q,0.1,92714,0.0
well_92724__q,0.6,92724,0.0
well_92743__q,126.5,92743,0.0
well_92808__q,53.4,92808,0.0
well_92885__q,12.1,92885,0.0
well_92981__q,41.7,92981,0.0
well_93142__q,8.5,93142,0.0
well_93143__q,0.6,93143,0.0
well_93349__q,27.2,93349,0.0
well_93422__q,0.1,93422,0.0
well_93423__q,0.1,93423,0.0
well_93424__q,0.2,93424,0.0
well_93469__q,158.2,93469,0.0
well_93832__q,14.6,93832,0.0
well_94302__q,148.9,94302,0.0
well_94988__q,11.1,94988,0.0
well_95068__q,40.3,95068,0.0
