member,generation,raw_total_pumping_cfs,effective_total_pumping_cfs,T_value__T_minus_10pct,T_value__T_plus_10pct,T_value__baseline_T,absolute_streamflow_error_cfs__T_minus_10pct,absolute_streamflow_error_cfs__T_plus_10pct,absolute_streamflow_error_cfs__baseline_T,depletion_cfs__T_minus_10pct,depletion_cfs__T_plus_10pct,depletion_cfs__baseline_T,depletion_change_from_baseline_cfs__T_minus_10pct,depletion_change_from_baseline_cfs__T_plus_10pct,depletion_change_from_baseline_cfs__baseline_T,streamflow_cfs__T_minus_10pct,streamflow_cfs__T_plus_10pct,streamflow_cfs__baseline_T,streamflow_change_from_baseline_cfs__T_minus_10pct,streamflow_change_from_baseline_cfs__T_plus_10pct,streamflow_change_from_baseline_cfs__baseline_T,streamflow_shortfall_below_baseline_cfs__T_minus_10pct,streamflow_shortfall_below_baseline_cfs__T_plus_10pct,streamflow_shortfall_below_baseline_cfs__baseline_T
105,50,116.58488216275714,116.58488216275714,1530.0,1870.0000000000002,1700.0,0.24645446858549924,0.22885888617430084,0.0,4.345759256245747,4.8210726110055475,4.592213724831247,-0.24645446858549924,0.22885888617430084,0.0,4.254240743754252,3.778927388994452,4.007786275168753,0.24645446858549924,-0.22885888617430084,0.0,0.0,0.22885888617430084,0.0
18,50,116.27397312519085,116.27397312519085,1530.0,1870.0000000000002,1700.0,0.24419220266973252,0.22662011660542092,0.0,4.322867983040561,4.793680302315715,4.567060185710294,-0.24419220266973252,0.22662011660542092,0.0,4.277132016959438,3.806319697684285,4.032939814289706,0.24419220266973252,-0.22662011660542092,0.0,0.0,0.22662011660542092,0.0
30,50,116.27315743031438,116.27315743031438,1530.0,1870.0000000000002,1700.0,0.24632564487126363,0.22843081257600328,0.0,4.4443360055369245,4.9190924629841914,4.690661650408188,-0.24632564487126363,0.22843081257600328,0.0,4.155663994463075,3.680907537015808,3.9093383495918115,0.24632564487126363,-0.22843081257600328,0.0,0.0,0.22843081257600328,0.0
35,50,117.41565744237754,117.41565744237754,1530.0,1870.0000000000002,1700.0,0.2541554283586489,0.23582114900384354,0.0,4.540685200807719,5.030661778170211,4.794840629166368,-0.2541554283586489,0.23582114900384354,0.0,4.059314799192281,3.5693382218297884,3.805159370833632,0.2541554283586489,-0.23582114900384354,0.0,0.0,0.23582114900384354,0.0
56,50,117.27557653095823,117.27557653095823,1530.0,1870.0000000000002,1700.0,0.25287290090371606,0.23478744206197444,0.0,4.544447536037786,5.032107879003476,4.797320436941502,-0.25287290090371606,0.23478744206197444,0.0,4.055552463962214,3.5678921209965235,3.802679563058498,0.25287290090371606,-0.23478744206197444,0.0,0.0,0.23478744206197444,0.0
64,50,116.39420226778142,116.39420226778142,1530.0,1870.0000000000002,1700.0,0.24151886039212478,0.22436533404240944,0.0,4.215746404959052,4.6816305993935865,4.457265265351177,-0.24151886039212478,0.22436533404240944,0.0,4.384253595040947,3.918369400606413,4.142734734648823,0.24151886039212478,-0.22436533404240944,0.0,0.0,0.22436533404240944,0.0
8,50,116.81868744021499,116.81868744021499,1530.0,1870.0000000000002,1700.0,0.2469785052628497,0.22960078205942658,0.0,4.327392435663461,4.803971722985738,4.574370940926311,-0.2469785052628497,0.22960078205942658,0.0,4.272607564336538,3.796028277014262,4.0256290590736885,0.2469785052628497,-0.22960078205942658,0.0,0.0,0.22960078205942658,0.0
90,50,116.67420011609178,116.67420011609178,1530.0,1870.0000000000002,1700.0,0.24518031293214637,0.22788376551364387,0.0,4.330041279993649,4.803105358439439,4.5752215929257956,-0.24518031293214637,0.22788376551364387,0.0,4.2699587200063505,3.7968946415605602,4.024778407074204,0.24518031293214637,-0.22788376551364387,0.0,0.0,0.22788376551364387,0.0
gen=23_member=2880_pso,50,112.92684908610946,112.54441838708175,1530.0,1870.0000000000002,1700.0,0.194084644540923,0.1817507780779648,0.0,3.192334496026636,3.568169918645523,3.3864191405675586,-0.19408464454092256,0.18175077807796436,0.0,5.407665503973364,5.031830081354476,5.213580859432441,0.194084644540923,-0.1817507780779648,0.0,0.0,0.1817507780779648,0.0
gen=24_member=2976_pso,50,111.28605767434495,109.8459283969095,1530.0,1870.0000000000002,1700.0,0.16866972460458207,0.15805519945834678,0.0,2.5163804046191856,2.843105328682115,2.6850501292237676,-0.16866972460458207,0.15805519945834723,0.0,6.083619595380814,5.756894671317885,5.914949870776232,0.16866972460458207,-0.15805519945834678,0.0,0.0,0.15805519945834678,0.0
gen=25_member=3126_pso,50,110.7456458264628,109.82082187647725,1530.0,1870.0000000000002,1700.0,0.16857942722723607,0.15796514317266386,0.0,2.5148603715411557,2.841404941941055,2.6834397987683913,-0.16857942722723562,0.15796514317266386,0.0,6.085139628458844,5.758595058058944,5.916560201231608,0.16857942722723607,-0.15796514317266386,0.0,0.0,0.15796514317266386,0.0
gen=26_member=3274_pso,50,112.82445245292094,112.07927088773285,1530.0,1870.0000000000002,1700.0,0.18754091907132686,0.17574136924114114,0.0,2.955547498424788,3.3188297867372554,3.143088417496115,-0.1875409190713273,0.17574136924114026,0.0,5.644452501575212,5.281170213262744,5.456911582503885,0.18754091907132686,-0.17574136924114114,0.0,0.0,0.17574136924114114,0.0
gen=27_member=3377_pso,50,113.5056141385198,113.33158190018415,1530.0,1870.0000000000002,1700.0,0.20699965007325805,0.1930993798966325,0.0,3.5635855098612352,3.9636845398311267,3.7705851599344937,-0.2069996500732585,0.19309937989663295,0.0,5.036414490138764,4.636315460168873,4.829414840065506,0.20699965007325805,-0.1930993798966325,0.0,0.0,0.1930993798966325,0.0
gen=27_member=3397_pso,50,113.58781394206393,112.63178913719814,1530.0,1870.0000000000002,1700.0,0.19228458501797707,0.18039517288424545,0.0,3.047557574967239,3.420237332869462,3.2398421599852165,-0.19228458501797752,0.18039517288424545,0.0,5.55244242503276,5.179762667130538,5.360157840014783,0.19228458501797707,-0.18039517288424545,0.0,0.0,0.18039517288424545,0.0
gen=28_member=3493_pso,50,112.70825437281928,111.98587538795978,1530.0,1870.0000000000002,1700.0,0.18348765273152967,0.1719360739779603,0.0,2.907319189567583,3.2627429162770727,3.090806842299113,-0.18348765273152967,0.17193607397795985,0.0,5.6926808104324165,5.3372570837229265,5.509193157700887,0.18348765273152967,-0.1719360739779603,0.0,0.0,0.1719360739779603,0.0
gen=29_member=3643_pso,50,104.2103519446892,102.35342522480737,1530.0,1870.0000000000002,1700.0,0.12501692879120263,0.11758959370488675,0.0,1.767839495759514,2.0104460182556028,1.8928564245507165,-0.1250169287912024,0.11758959370488631,0.0,6.832160504240486,6.589553981744396,6.707143575449283,0.12501692879120263,-0.11758959370488675,0.0,0.0,0.11758959370488675,0.0
gen=29_member=3677_pso,50,107.49075901812276,106.21526603405167,1530.0,1870.0000000000002,1700.0,0.13890515390752878,0.13033461809580693,0.0,2.070577230384387,2.339817002387723,2.209482384291916,-0.13890515390752922,0.13033461809580693,0.0,6.529422769615612,6.260182997612277,6.390517615708084,0.13890515390752878,-0.13033461809580693,0.0,0.0,0.13033461809580693,0.0
gen=30_member=3730_pso,50,113.79520213225304,113.21681184879121,1530.0,1870.0000000000002,1700.0,0.20119192891970084,0.1884509745951366,0.0,3.3452376244530972,3.734880527967935,3.5464295533727976,-0.2011919289197004,0.1884509745951375,0.0,5.254762375546902,4.865119472032065,5.053570446627202,0.20119192891970084,-0.1884509745951366,0.0,0.0,0.1884509745951366,0.0
gen=30_member=3743_pso,50,101.70001094966716,98.87435427861422,1530.0,1870.0000000000002,1700.0,0.11254996751688928,0.10627409941155719,0.0,1.6010390238400447,1.8198630907684907,1.713588991356934,-0.11254996751688928,0.10627409941155674,0.0,6.998960976159955,6.7801369092315085,6.886411008643066,0.11254996751688928,-0.10627409941155719,0.0,0.0,0.10627409941155719,0.0
gen=30_member=3767_pso,50,112.62120985927325,111.94017644161329,1530.0,1870.0000000000002,1700.0,0.18250577346829377,0.1711702215345392,0.0,2.8758429813988453,3.2295189764016787,3.058348754867139,-0.18250577346829377,0.17117022153453965,0.0,5.724157018601154,5.370481023598321,5.541651245132861,0.18250577346829377,-0.1711702215345392,0.0,0.0,0.1711702215345392,0.0
gen=31_member=3852_pso,50,113.20384734630632,112.4311769372547,1530.0,1870.0000000000002,1700.0,0.19315987138558022,0.18062427931946345,0.0,3.1769262252388244,3.550710375943868,3.3700860966244046,-0.19315987138558022,0.18062427931946345,0.0,5.423073774761175,5.049289624056131,5.229913903375595,0.19315987138558022,-0.18062427931946345,0.0,0.0,0.18062427931946345,0.0
gen=31_member=3912_pso,50,109.43586853534921,108.11778793382103,1530.0,1870.0000000000002,1700.0,0.15151425020922726,0.14157209383735836,0.0,2.2449935964021086,2.5380799404486947,2.3965078466113363,-0.1515142502092277,0.14157209383735836,0.0,6.355006403597891,6.061920059551305,6.203492153388663,0.15151425020922726,-0.14157209383735836,0.0,0.0,0.14157209383735836,0.0
gen=31_member=3915_pso,50,113.13347995202655,113.0032712800369,1530.0,1870.0000000000002,1700.0,0.20344890308243713,0.18979610436127903,0.0,3.4581352203206177,3.8513802277643334,3.661584123403055,-0.20344890308243713,0.18979610436127858,0.0,5.141864779679382,4.748619772235666,4.938415876596945,0.20344890308243713,-0.18979610436127903,0.0,0.0,0.18979610436127903,0.0
gen=31_member=3921_pso,50,113.08998190908493,112.60699541547174,1530.0,1870.0000000000002,1700.0,0.19596523105224684,0.18327340777454815,0.0,3.2362940319314557,3.615532670758251,3.432259262983702,-0.1959652310522464,0.18327340777454904,0.0,5.363705968068544,4.984467329241749,5.167740737016297,0.19596523105224684,-0.18327340777454815,0.0,0.0,0.18327340777454815,0.0
gen=32_member=3978_pso,50,110.25053912128294,108.89158967774969,1530.0,1870.0000000000002,1700.0,0.14985560962089473,0.1399235998738817,0.0,2.3034583718201382,2.593237581314914,2.453313981441033,-0.14985560962089473,0.13992359987388125,0.0,6.296541628179861,6.006762418685085,6.146686018558967,0.14985560962089473,-0.1399235998738817,0.0,0.0,0.1399235998738817,0.0
gen=32_member=3991_pso,50,114.11748498664006,113.6728294514638,1530.0,1870.0000000000002,1700.0,0.21087586566003402,0.19685527219807497,0.0,3.647922944150732,4.055654082008841,3.8587988098107666,-0.21087586566003447,0.19685527219807453,0.0,4.9520770558492675,4.5443459179911585,4.7412011901892335,0.21087586566003402,-0.19685527219807497,0.0,0.0,0.19685527219807497,0.0
gen=33_member=4144_pso,50,97.77897338467862,96.24435466052263,1530.0,1870.0000000000002,1700.0,0.10280171394497106,0.09732353283007722,0.0,1.4483022677709323,1.6484275145459806,1.5511039817159038,-0.1028017139449715,0.09732353283007678,0.0,7.151697732229067,6.951572485454019,7.048896018284096,0.10280171394497106,-0.09732353283007722,0.0,0.0,0.09732353283007722,0.0
gen=33_member=4157_pso,50,114.04680931292806,113.29195117004582,1530.0,1870.0000000000002,1700.0,0.20718641982841746,0.19325183471023877,0.0,3.5715697237121025,3.972007978250758,3.7787561435405195,-0.207186419828417,0.19325183471023832,0.0,5.028430276287898,4.627992021749241,4.82124385645948,0.20718641982841746,-0.19325183471023877,0.0,0.0,0.19325183471023877,0.0
gen=33_member=4206_pso,50,108.43121424251783,106.53460570377749,1530.0,1870.0000000000002,1700.0,0.14169352259101942,0.13285128821358594,0.0,2.1241147266780747,2.39865953748268,2.265808249269094,-0.14169352259101942,0.13285128821358594,0.0,6.475885273321925,6.20134046251732,6.334191750730906,0.14169352259101942,-0.13285128821358594,0.0,0.0,0.13285128821358594,0.0
gen=34_member=4241_pso,50,114.4614280237375,113.14276330565143,1530.0,1870.0000000000002,1700.0,0.2002302583344564,0.1875433824362105,0.0,3.3131010019857134,3.7008746427563803,3.5133312603201694,-0.20023025833445596,0.18754338243621094,0.0,5.286898998014286,4.899125357243619,5.08666873967983,0.2002302583344564,-0.1875433824362105,0.0,0.0,0.1875433824362105,0.0
gen=34_member=4254_pso,50,109.81719802653583,109.37435490938714,1530.0,1870.0000000000002,1700.0,0.1574384388494714,0.1482697178123189,0.0,2.4105510513701263,2.716259208031916,2.567989490219597,-0.15743843884947095,0.1482697178123189,0.0,6.189448948629874,5.8837407919680835,6.032010509780402,0.1574384388494714,-0.1482697178123189,0.0,0.0,0.1482697178123189,0.0
gen=34_member=4333_pso,50,109.59674723816163,106.99026041312557,1530.0,1870.0000000000002,1700.0,0.1428271060616222,0.13486201706344758,0.0,2.1297067264818548,2.407395849606925,2.272533832543477,-0.1428271060616222,0.13486201706344803,0.0,6.470293273518145,6.192604150393075,6.327466167456523,0.1428271060616222,-0.13486201706344758,0.0,0.0,0.13486201706344758,0.0
gen=35_member=4358_pso,50,113.86524662813433,113.64986756608504,1530.0,1870.0000000000002,1700.0,0.2108873482842375,0.1968237916589679,0.0,3.6532606545924855,4.060971794535691,3.8641480028767226,-0.21088734828423705,0.19682379165896835,0.0,4.946739345407514,4.539028205464309,4.735851997123277,0.2108873482842375,-0.1968237916589679,0.0,0.0,0.1968237916589679,0.0
gen=35_member=4371_pso,50,109.40350715755716,108.63855991370374,1530.0,1870.0000000000002,1700.0,0.15213191982738117,0.14205528089024178,0.0,2.283906014352471,2.5780932150700946,2.4360379341798524,-0.15213191982738117,0.14205528089024222,0.0,6.316093985647528,6.0219067849299055,6.163962065820147,0.15213191982738117,-0.14205528089024178,0.0,0.0,0.14205528089024178,0.0
gen=35_member=4383_pso,50,98.91353384100007,97.35903839517434,1530.0,1870.0000000000002,1700.0,0.10409794601611111,0.09874037568676908,0.0,1.4864647281584709,1.689303049861351,1.5905626741745822,-0.10409794601611133,0.09874037568676886,0.0,7.113535271841529,6.910696950138648,7.0094373258254175,0.10409794601611111,-0.09874037568676908,0.0,0.0,0.09874037568676908,0.0
gen=35_member=4426_pso,50,112.00787006888845,112.00787006888845,1530.0,1870.0000000000002,1700.0,0.18308435587926297,0.17165403726229123,0.0,2.8899463748554624,3.244684767997017,3.0730307307347253,-0.18308435587926297,0.17165403726229167,0.0,5.710053625144537,5.355315232002983,5.526969269265274,0.18308435587926297,-0.17165403726229123,0.0,0.0,0.17165403726229123,0.0
gen=35_member=4441_pso,50,112.7408049492039,112.55041235853676,1530.0,1870.0000000000002,1700.0,0.1945774889990961,0.18217136627575847,0.0,3.203184731430501,3.579933586705355,3.397762220429597,-0.1945774889990961,0.18217136627575803,0.0,5.396815268569499,5.020066413294645,5.202237779570403,0.1945774889990961,-0.18217136627575847,0.0,0.0,0.18217136627575847,0.0
gen=35_member=4446_pso,50,108.73697829937431,105.4367433639537,1530.0,1870.0000000000002,1700.0,0.13661642798145923,0.12837129029417227,0.0,1.9767888312284034,2.2417765495040345,2.113405259209862,-0.1366164279814588,0.12837129029417227,0.0,6.623211168771596,6.358223450495965,6.486594740790137,0.13661642798145923,-0.12837129029417227,0.0,0.0,0.12837129029417227,0.0
gen=36_member=4494_pso,50,98.48460680972522,96.85103265995991,1530.0,1870.0000000000002,1700.0,0.10311252371290891,0.09772631803920984,0.0,1.4788802925425768,1.679719134294696,1.5819928162554864,-0.10311252371290958,0.09772631803920961,0.0,7.121119707457423,6.920280865705304,7.018007183744514,0.10311252371290891,-0.09772631803920984,0.0,0.0,0.09772631803920984,0.0
gen=36_member=4525_pso,50,104.19322171008152,103.08180649590791,1530.0,1870.0000000000002,1700.0,0.12448767578159448,0.11753785417244611,0.0,1.824552092925339,2.0665776228793797,1.9490397687069334,-0.12448767578159448,0.11753785417244633,0.0,6.7754479070746605,6.53342237712062,6.650960231293066,0.12448767578159448,-0.11753785417244611,0.0,0.0,0.11753785417244611,0.0
gen=36_member=4531_pso,50,113.7461384682562,113.7461384682562,1530.0,1870.0000000000002,1700.0,0.21641341611619946,0.20134550755483271,0.0,3.8184120952983847,4.236171018969417,4.034825511414584,-0.21641341611619946,0.20134550755483271,0.0,4.781587904701615,4.363828981030583,4.5651744885854155,0.21641341611619946,-0.20134550755483271,0.0,0.0,0.20134550755483271,0.0
gen=36_member=4573_pso,50,95.34454684297248,94.42085314682879,1530.0,1870.0000000000002,1700.0,0.09614311919478435,0.09123339659735841,0.0,1.3708931071095682,1.5582696229017106,1.4670362263043522,-0.09614311919478391,0.09123339659735841,0.0,7.229106892890432,7.041730377098289,7.132963773695647,0.09614311919478435,-0.09123339659735841,0.0,0.0,0.09123339659735841,0.0
gen=36_member=4595_pso,50,112.83089954214338,112.53138228389614,1530.0,1870.0000000000002,1700.0,0.1906031859137105,0.17885678448473463,0.0,2.9975757442099176,3.367035714608363,3.188178930123629,-0.1906031859137114,0.1788567844847342,0.0,5.602424255790082,5.2329642853916365,5.411821069876371,0.1906031859137105,-0.17885678448473463,0.0,0.0,0.17885678448473463,0.0
gen=36_member=4597_pso,50,113.75666201895073,112.60748481932349,1530.0,1870.0000000000002,1700.0,0.19206775846429913,0.18020941006897395,0.0,3.042704662397575,3.414981830930848,3.2347724208618747,-0.19206775846429958,0.1802094100689735,0.0,5.557295337602424,5.185018169069151,5.365227579138125,0.19206775846429913,-0.18020941006897395,0.0,0.0,0.18020941006897395,0.0
gen=37_member=4683_pso,50,108.44556761794604,108.24771035629453,1530.0,1870.0000000000002,1700.0,0.1482759057922154,0.1385288694835829,0.0,2.2557976661294754,2.542602441405274,2.4040735719216904,-0.14827590579221495,0.13852886948358378,0.0,6.344202333870524,6.057397558594726,6.195926428078309,0.1482759057922154,-0.1385288694835829,0.0,0.0,0.1385288694835829,0.0
gen=37_member=4697_pso,50,95.6479327163654,94.70530117801378,1530.0,1870.0000000000002,1700.0,0.09705894250613589,0.09215806992767206,0.0,1.3737935326423913,1.5630105450762,1.470852475148528,-0.09705894250613656,0.09215806992767206,0.0,7.226206467357608,7.0369894549238,7.129147524851472,0.09705894250613589,-0.09215806992767206,0.0,0.0,0.09215806992767206,0.0
gen=37_member=4713_pso,50,113.62329616992702,113.25725659789096,1530.0,1870.0000000000002,1700.0,0.20563882451097015,0.1919603603858393,0.0,3.5193924808750667,3.9169916657718766,3.725031305386037,-0.20563882451097015,0.19196036038583975,0.0,5.080607519124933,4.6830083342281235,4.874968694613963,0.20563882451097015,-0.1919603603858393,0.0,0.0,0.1919603603858393,0.0
gen=37_member=4723_pso,50,106.8511723206405,104.51778202732396,1530.0,1870.0000000000002,1700.0,0.1307609472497262,0.1231750705949084,0.0,1.903988769478621,2.157924787323256,2.034749716728347,-0.13076094724972598,0.12317507059490884,0.0,6.696011230521378,6.442075212676744,6.565250283271652,0.1307609472497262,-0.1231750705949084,0.0,0.0,0.1231750705949084,0.0
gen=37_member=4733_pso,50,110.94304023871513,108.61110973443459,1530.0,1870.0000000000002,1700.0,0.1508262579872266,0.14083790160455933,0.0,2.2774743731633786,2.5691385327551655,2.428300631150606,-0.15082625798722749,0.14083790160455933,0.0,6.322525626836621,6.030861467244835,6.171699368849394,0.1508262579872266,-0.14083790160455933,0.0,0.0,0.14083790160455933,0.0
gen=38_member=4768_pso,50,99.4337445899463,97.90858493273069,1530.0,1870.0000000000002,1700.0,0.10599621943229476,0.10043945963016832,0.0,1.5186982208704085,1.725133899932872,1.6246944403027037,-0.1059962194322952,0.10043945963016832,0.0,7.081301779129591,6.874866100067128,6.975305559697296,0.10599621943229476,-0.10043945963016832,0.0,0.0,0.10043945963016832,0.0
gen=38_member=4772_pso,50,105.96187333443666,104.91317880806483,1530.0,1870.0000000000002,1700.0,0.13826963737185594,0.12948610089230872,0.0,1.9310292278298407,2.1987849660940055,2.069298865201697,-0.13826963737185616,0.12948610089230872,0.0,6.668970772170159,6.401215033905994,6.530701134798303,0.13826963737185594,-0.12948610089230872,0.0,0.0,0.12948610089230872,0.0
gen=38_member=4778_pso,50,96.28697086898289,95.73899656502617,1530.0,1870.0000000000002,1700.0,0.1002867578603297,0.09517419258607163,0.0,1.432014780002346,1.6274757304487473,1.532301537862676,-0.10028675786033014,0.09517419258607118,0.0,7.167985219997654,6.972524269551252,7.067698462137324,0.1002867578603297,-0.09517419258607163,0.0,0.0,0.09517419258607163,0.0
gen=38_member=4779_pso,50,106.95197505014431,106.563046480051,1530.0,1870.0000000000002,1700.0,0.13882615560850642,0.1301553572222911,0.0,2.0919217490134114,2.3609032618442094,2.2307479046219183,-0.13882615560850686,0.1301553572222911,0.0,6.508078250986588,6.239096738155791,6.369252095378082,0.13882615560850642,-0.1301553572222911,0.0,0.0,0.1301553572222911,0.0
gen=38_member=4784_pso,50,106.1827838891305,103.04783317258301,1530.0,1870.0000000000002,1700.0,0.12318045632954444,0.11635236215061173,0.0,1.8104049457994704,2.049937764279627,1.9335854021290155,-0.12318045632954511,0.11635236215061151,0.0,6.789595054200529,6.550062235720373,6.666414597870984,0.12318045632954444,-0.11635236215061173,0.0,0.0,0.11635236215061173,0.0
gen=38_member=4788_pso,50,113.26712697697172,112.6235183624327,1530.0,1870.0000000000002,1700.0,0.1955892832162789,0.18263271985978413,0.0,3.2276016482672585,3.605823651343322,3.423190931483538,-0.19558928321627933,0.18263271985978413,0.0,5.372398351732741,4.994176348656678,5.176809068516462,0.1955892832162789,-0.18263271985978413,0.0,0.0,0.18263271985978413,0.0
gen=38_member=4799_pso,50,112.07050960387664,110.56961921480378,1530.0,1870.0000000000002,1700.0,0.17444464608904742,0.16312467152319332,0.0,2.7055157113299364,3.043085028942177,2.8799603574189843,-0.17444464608904786,0.16312467152319288,0.0,5.894484288670063,5.5569149710578225,5.720039642581016,0.17444464608904742,-0.16312467152319332,0.0,0.0,0.16312467152319332,0.0
gen=38_member=4827_pso,50,113.58228336854604,113.21257762424806,1530.0,1870.0000000000002,1700.0,0.20471788095037802,0.19100494542818502,0.0,3.489505962630398,3.8852287890089605,3.6942238435807764,-0.20471788095037846,0.19100494542818414,0.0,5.110494037369602,4.714771210991039,4.905776156419224,0.20471788095037802,-0.19100494542818502,0.0,0.0,0.19100494542818502,0.0
gen=38_member=4840_pso,50,111.54088928533567,110.65515065434496,1530.0,1870.0000000000002,1700.0,0.17520392385266348,0.16387288381947585,0.0,2.7189464388034064,3.0580232464755466,2.89415036265607,-0.17520392385266348,0.16387288381947673,0.0,5.881053561196593,5.5419767535244535,5.705849637343929,0.17520392385266348,-0.16387288381947585,0.0,0.0,0.16387288381947585,0.0
gen=38_member=4844_pso,50,113.49729508533946,113.23465912581813,1530.0,1870.0000000000002,1700.0,0.20134657835784697,0.18858511478145612,0.0,3.3487042622944476,3.7386359554337503,3.550050840652294,-0.20134657835784653,0.18858511478145612,0.0,5.2512957377055525,4.861364044566249,5.0499491593477055,0.20134657835784697,-0.18858511478145612,0.0,0.0,0.18858511478145612,0.0
gen=39_member=4882_pso,50,102.04861038689992,99.8747179039148,1530.0,1870.0000000000002,1700.0,0.11178444739861604,0.1057039568888527,0.0,1.6193798398545118,1.8368682441419808,1.7311642872531274,-0.1117844473986156,0.10570395688885337,0.0,6.980620160145488,6.763131755858019,6.868835712746872,0.11178444739861604,-0.1057039568888527,0.0,0.0,0.1057039568888527,0.0
gen=39_member=4883_pso,50,108.90827610733855,108.14164050688167,1530.0,1870.0000000000002,1700.0,0.14590688467806423,0.13651823008486907,0.0,2.2274858546896383,2.509910969452571,2.373392739367702,-0.1459068846780638,0.13651823008486907,0.0,6.372514145310362,6.0900890305474285,6.2266072606322975,0.14590688467806423,-0.13651823008486907,0.0,0.0,0.13651823008486907,0.0
gen=39_member=4884_pso,50,109.73919419703346,108.19045999864461,1530.0,1870.0000000000002,1700.0,0.15190088185331696,0.1419009237846396,0.0,2.257927829104577,2.5517296347425336,2.409828710957895,-0.15190088185331785,0.1419009237846387,0.0,6.342072170895422,6.048270365257466,6.190171289042105,0.15190088185331696,-0.1419009237846396,0.0,0.0,0.1419009237846396,0.0
gen=39_member=4886_pso,50,112.49553281816937,112.16405433851398,1530.0,1870.0000000000002,1700.0,0.18777456800698822,0.1759557179296305,0.0,2.956785233495081,3.3205155194317,3.1445598015020697,-0.18777456800698866,0.1759557179296305,0.0,5.643214766504919,5.2794844805683,5.45544019849793,0.18777456800698822,-0.1759557179296305,0.0,0.0,0.1759557179296305,0.0
gen=39_member=4891_pso,50,114.04452867622658,114.03231986760247,1530.0,1870.0000000000002,1700.0,0.2197162981963725,0.20442704521070443,0.0,3.9142064744667353,4.338349817873812,4.133922772663108,-0.2197162981963725,0.20442704521070443,0.0,4.685793525533264,4.261650182126187,4.466077227336892,0.2197162981963725,-0.20442704521070443,0.0,0.0,0.20442704521070443,0.0
gen=39_member=4901_pso,50,95.88550708593822,94.20507927130309,1530.0,1870.0000000000002,1700.0,0.09564678843301966,0.09076326195265594,0.0,1.3678462219367333,1.5542562723224085,1.4634930103697525,-0.09564678843301921,0.09076326195265594,0.0,7.2321537780632665,7.045743727677591,7.136506989630247,0.09564678843301966,-0.09076326195265594,0.0,0.0,0.09076326195265594,0.0
gen=39_member=4904_pso,50,100.67469989672378,98.31130961541429,1530.0,1870.0000000000002,1700.0,0.10745016944607233,0.1016960707882486,0.0,1.5446245390838156,1.753770779318136,1.6520747085298877,-0.10745016944607211,0.10169607078824838,0.0,7.055375460916184,6.846229220681863,6.947925291470112,0.10745016944607233,-0.1016960707882486,0.0,0.0,0.1016960707882486,0.0
gen=39_member=4906_pso,50,106.00551992707378,102.6470658946195,1530.0,1870.0000000000002,1700.0,0.1251088173323902,0.11770057501665399,0.0,1.7998957364409742,2.042705128790019,1.9250045537733647,-0.12510881733239043,0.11770057501665421,0.0,6.800104263559025,6.557294871209981,6.674995446226635,0.1251088173323902,-0.11770057501665399,0.0,0.0,0.11770057501665399,0.0
gen=39_member=4925_pso,50,111.72583306287677,110.5852186046211,1530.0,1870.0000000000002,1700.0,0.16989648340487573,0.16129364845735328,0.0,2.5658058771706584,2.8969960090328883,2.7357023605755346,-0.16989648340487618,0.16129364845735372,0.0,6.034194122829341,5.703003990967112,5.864297639424465,0.16989648340487573,-0.16129364845735328,0.0,0.0,0.16129364845735328,0.0
gen=39_member=4935_pso,50,106.3801681691645,103.94532287253078,1530.0,1870.0000000000002,1700.0,0.1299458941807785,0.12216309864994823,0.0,1.8913658813510754,2.143474874181802,2.0213117755318537,-0.1299458941807783,0.12216309864994823,0.0,6.7086341186489244,6.456525125818198,6.578688224468146,0.1299458941807785,-0.12216309864994823,0.0,0.0,0.12216309864994823,0.0
gen=39_member=4943_pso,50,110.40547897790981,107.53122809735844,1530.0,1870.0000000000002,1700.0,0.14165038784742734,0.13255842167103715,0.0,2.2087135071755934,2.4829223166940575,2.350363895023021,-0.14165038784742734,0.1325584216710367,0.0,6.391286492824406,6.117077683305942,6.249636104976979,0.14165038784742734,-0.13255842167103715,0.0,0.0,0.13255842167103715,0.0
gen=39_member=4970_pso,50,112.550902105522,111.96893622141724,1530.0,1870.0000000000002,1700.0,0.1870330859259548,0.17523442096912323,0.0,2.94644385374508,3.3087113606401584,3.133476939671035,-0.18703308592595524,0.17523442096912323,0.0,5.653556146254919,5.291288639359841,5.4665230603289645,0.1870330859259548,-0.17523442096912323,0.0,0.0,0.17523442096912323,0.0
gen=40_member=5021_pso,50,114.42298858972939,112.60045387547066,1530.0,1870.0000000000002,1700.0,0.195556418597711,0.18278959136037454,0.0,3.2042445378552995,3.5825905478133846,3.3998009564530096,-0.1955564185977101,0.18278959136037498,0.0,5.395755462144701,5.017409452186615,5.20019904354699,0.195556418597711,-0.18278959136037454,0.0,0.0,0.18278959136037454,0.0
gen=40_member=5041_pso,50,102.29118560995296,99.76343136219128,1530.0,1870.0000000000002,1700.0,0.11431293348893146,0.107850099197357,0.0,1.605925961421964,1.828088994108253,1.7202388949108955,-0.11431293348893146,0.10785009919735744,0.0,6.994074038578035,6.771911005891747,6.879761105089104,0.11431293348893146,-0.107850099197357,0.0,0.0,0.107850099197357,0.0
gen=40_member=5054_pso,50,108.68417066619094,107.34892054322654,1530.0,1870.0000000000002,1700.0,0.14281807329941376,0.13381704295293417,0.0,2.1363187127335825,2.412953828985931,2.2791367860329963,-0.14281807329941376,0.13381704295293462,0.0,6.463681287266417,6.187046171014069,6.320863213967003,0.14281807329941376,-0.13381704295293417,0.0,0.0,0.13381704295293417,0.0
gen=40_member=5066_pso,50,109.7860988585555,108.71705079604108,1530.0,1870.0000000000002,1700.0,0.1499215425236251,0.14393381752971468,0.0,2.3082269714168246,2.6020823314701644,2.4581485139404498,-0.1499215425236251,0.14393381752971468,0.0,6.291773028583175,5.997917668529835,6.14185148605955,0.1499215425236251,-0.14393381752971468,0.0,0.0,0.14393381752971468,0.0
gen=40_member=5076_pso,50,110.12340825700751,109.05327032793033,1530.0,1870.0000000000002,1700.0,0.15491154471895907,0.14578274272098657,0.0,2.352005261816565,2.65269954925651,2.506916806535524,-0.15491154471895907,0.14578274272098612,0.0,6.247994738183435,5.947300450743489,6.093083193464476,0.15491154471895907,-0.14578274272098657,0.0,0.0,0.14578274272098657,0.0
gen=40_member=5082_pso,50,100.5597504330896,97.74289426286462,1530.0,1870.0000000000002,1700.0,0.10534809944877299,0.09986558585951766,0.0,1.5356241320300108,1.7408378173383012,1.6409722314787833,-0.10534809944877255,0.09986558585951788,0.0,7.064375867969989,6.859162182661699,6.959027768521216,0.10534809944877299,-0.09986558585951766,0.0,0.0,0.09986558585951766,0.0
gen=40_member=5102_pso,50,113.76569959363228,113.76569959363228,1530.0,1870.0000000000002,1700.0,0.2115504301124176,0.19745591685885966,0.0,3.6572161563872325,4.066222503358509,3.86876658649965,-0.2115504301124176,0.19745591685885922,0.0,4.942783843612768,4.53377749664149,4.73123341350035,0.2115504301124176,-0.19745591685885966,0.0,0.0,0.19745591685885966,0.0
gen=40_member=5105_pso,50,115.56391478569493,114.61935880162932,1530.0,1870.0000000000002,1700.0,0.22597608713868844,0.21032780059999645,0.0,4.055122009288167,4.4914258970268515,4.281098096426855,-0.22597608713868844,0.21032780059999645,0.0,4.544877990711833,4.108574102973148,4.318901903573145,0.22597608713868844,-0.21032780059999645,0.0,0.0,0.21032780059999645,0.0
gen=40_member=5107_pso,50,113.2918564342654,112.80548479904043,1530.0,1870.0000000000002,1700.0,0.19709241580735792,0.18441463241004108,0.0,3.2609550311781947,3.6424620793955937,3.4580474469855527,-0.19709241580735792,0.18441463241004108,0.0,5.3390449688218045,4.9575379206044055,5.1419525530144465,0.19709241580735792,-0.18441463241004108,0.0,0.0,0.18441463241004108,0.0
gen=41_member=5136_pso,50,97.87988049441658,97.16210146826178,1530.0,1870.0000000000002,1700.0,0.10423548641766267,0.09881132398766468,0.0,1.466957284391828,1.6700040947971555,1.5711927708094908,-0.10423548641766289,0.09881132398766468,0.0,7.1330427156081715,6.929995905202844,7.028807229190509,0.10423548641766267,-0.09881132398766468,0.0,0.0,0.09881132398766468,0.0
gen=41_member=5141_pso,50,103.98262990240966,101.96251410763159,1530.0,1870.0000000000002,1700.0,0.12201927055942452,0.11492631110425844,0.0,1.7358267767614048,1.9727723584250876,1.8578460473208291,-0.1220192705594243,0.11492631110425844,0.0,6.864173223238595,6.627227641574912,6.74215395267917,0.12201927055942452,-0.11492631110425844,0.0,0.0,0.11492631110425844,0.0
gen=41_member=5185_pso,50,108.02841432727222,105.72719791278043,1530.0,1870.0000000000002,1700.0,0.13584504586977708,0.12740538139197266,0.0,2.0077881215485744,2.271038548810324,2.1436331674183515,-0.13584504586977708,0.12740538139197266,0.0,6.592211878451425,6.3289614511896755,6.456366832581648,0.13584504586977708,-0.12740538139197266,0.0,0.0,0.12740538139197266,0.0
gen=41_member=5212_pso,50,113.39280908408173,112.64868744227903,1530.0,1870.0000000000002,1700.0,0.19244073145235419,0.18053267702850384,0.0,3.0513302383986893,3.424303646879548,3.243770969851043,-0.19244073145235374,0.18053267702850473,0.0,5.54866976160131,5.175696353120452,5.356229030148956,0.19244073145235419,-0.18053267702850384,0.0,0.0,0.18053267702850384,0.0
gen=41_member=5214_pso,50,112.83850155832631,111.63241981318505,1530.0,1870.0000000000002,1700.0,0.1760272034023389,0.16533964844533244,0.0,2.7457403014964727,3.0871071533441445,2.9217675048988117,-0.1760272034023389,0.1653396484453329,0.0,5.854259698503527,5.5128928466558555,5.678232495101188,0.1760272034023389,-0.16533964844533244,0.0,0.0,0.16533964844533244,0.0
gen=41_member=5219_pso,50,102.11167767092121,100.48885944280241,1530.0,1870.0000000000002,1700.0,0.1170774503680363,0.11030512130618852,0.0,1.6485803710842308,1.8759629427584559,1.765657821452267,-0.11707745036803607,0.11030512130618897,0.0,6.951419628915769,6.724037057241544,6.8343421785477325,0.1170774503680363,-0.11030512130618852,0.0,0.0,0.11030512130618852,0.0
gen=41_member=5241_pso,50,107.3323158920554,105.80415205228012,1530.0,1870.0000000000002,1700.0,0.136501759945161,0.12805789369404508,0.0,1.999519708705937,2.2640793623451425,2.136021468651098,-0.13650175994516078,0.12805789369404463,0.0,6.600480291294063,6.335920637654857,6.463978531348902,0.136501759945161,-0.12805789369404508,0.0,0.0,0.12805789369404508,0.0
gen=42_member=5263_pso,50,114.5217720819255,114.2226322908421,1530.0,1870.0000000000002,1700.0,0.2219489428971686,0.20645751635716003,0.0,3.972068483781182,4.400474943035511,4.194017426678351,-0.22194894289716904,0.20645751635716003,0.0,4.627931516218817,4.199525056964489,4.405982573321649,0.2219489428971686,-0.20645751635716003,0.0,0.0,0.20645751635716003,0.0
gen=42_member=5264_pso,50,115.23581890516928,114.57582236251024,1530.0,1870.0000000000002,1700.0,0.22501588058466648,0.20944937297389643,0.0,4.017601579463494,4.452066833022057,4.2426174600481605,-0.22501588058466648,0.20944937297389643,0.0,4.582398420536506,4.147933166977943,4.357382539951839,0.22501588058466648,-0.20944937297389643,0.0,0.0,0.20944937297389643,0.0
gen=42_member=5267_pso,50,110.0059671154613,107.45552852264503,1530.0,1870.0000000000002,1700.0,0.1439256117210741,0.13456365997316944,0.0,2.2034200963904658,2.4819093680847097,2.34734570811154,-0.1439256117210741,0.13456365997316988,0.0,6.396579903609534,6.11809063191529,6.25265429188846,0.1439256117210741,-0.13456365997316944,0.0,0.0,0.13456365997316944,0.0
gen=42_member=5321_pso,50,112.74271276140006,111.78601953470147,1530.0,1870.0000000000002,1700.0,0.18162369242687415,0.17021734255424636,0.0,2.8559192629302386,3.207760297911359,3.0375429553571123,-0.1816236924268737,0.1702173425542468,0.0,5.744080737069761,5.392239702088641,5.562457044642887,0.18162369242687415,-0.17021734255424636,0.0,0.0,0.17021734255424636,0.0
gen=42_member=5333_pso,50,101.40107764307871,99.02927744287139,1530.0,1870.0000000000002,1700.0,0.10927185680945506,0.10350061757178253,0.0,1.5967494337185442,1.8095219080997826,1.7060212905279992,-0.10927185680945506,0.10350061757178342,0.0,7.003250566281455,6.7904780919002174,6.893978709472,0.10927185680945506,-0.10350061757178253,0.0,0.0,0.10350061757178253,0.0
gen=42_member=5368_pso,50,113.60327523642833,112.08410136181466,1530.0,1870.0000000000002,1700.0,0.18763888655145955,0.17582226459465033,0.0,2.958595018847031,3.3220561699931412,3.1462339053984913,-0.18763888655146044,0.1758222645946499,0.0,5.641404981152968,5.277943830006858,5.453766094601509,0.18763888655145955,-0.17582226459465033,0.0,0.0,0.17582226459465033,0.0
gen=42_member=5374_pso,50,113.20058552538926,112.55915192767122,1530.0,1870.0000000000002,1700.0,0.19089909585571796,0.17912281912972539,0.0,3.0044668709832183,3.374488785968662,3.1953659668389367,-0.1908990958557184,0.17912281912972539,0.0,5.595533129016781,5.225511214031338,5.404634033161063,0.19089909585571796,-0.17912281912972539,0.0,0.0,0.17912281912972539,0.0
gen=43_member=5399_pso,50,112.87509962484884,112.655441579843,1530.0,1870.0000000000002,1700.0,0.19249207887475173,0.18057791477929186,0.0,3.0524150612293806,3.4254850548834237,3.2449071401041327,-0.19249207887475217,0.18057791477929097,0.0,5.547584938770619,5.1745149451165755,5.355092859895867,0.19249207887475173,-0.18057791477929186,0.0,0.0,0.18057791477929186,0.0
gen=43_member=5401_pso,50,112.31383278235177,111.84259153558438,1530.0,1870.0000000000002,1700.0,0.18213406287175982,0.1706370337359342,0.0,2.880606056593563,3.2333771532012574,3.0627401194653223,-0.18213406287175937,0.17063703373593508,0.0,5.719393943406437,5.366622846798743,5.537259880534677,0.18213406287175982,-0.1706370337359342,0.0,0.0,0.1706370337359342,0.0
gen=43_member=5423_pso,50,114.14786179689636,114.14786179689636,1530.0,1870.0000000000002,1700.0,0.22090222095251288,0.2054939559324822,0.0,3.9404893204381537,4.366885497323149,4.161391541390667,-0.22090222095251288,0.2054939559324822,0.0,4.659510679561846,4.233114502676851,4.438608458609333,0.22090222095251288,-0.2054939559324822,0.0,0.0,0.2054939559324822,0.0
gen=43_member=5437_pso,50,110.89639124266456,110.03669614928387,1530.0,1870.0000000000002,1700.0,0.1626504781075715,0.1528867169834447,0.0,2.5015032537458577,2.8170404488368743,2.664153731853429,-0.1626504781075715,0.15288671698344514,0.0,6.098496746254142,5.782959551163126,5.9358462681465705,0.1626504781075715,-0.1528867169834447,0.0,0.0,0.1528867169834447,0.0
gen=43_member=5440_pso,50,113.26056522804235,112.78527199842394,1530.0,1870.0000000000002,1700.0,0.197052766012364,0.1843730046279468,0.0,3.2609168179694343,3.6423425886097456,3.4579695839817983,-0.197052766012364,0.18437300462794726,0.0,5.339083182030565,4.9576574113902545,5.142030416018201,0.197052766012364,-0.1843730046279468,0.0,0.0,0.1843730046279468,0.0
gen=43_member=5487_pso,50,112.65362085740898,112.59704141874091,1530.0,1870.0000000000002,1700.0,0.19182670098888366,0.1799452716484451,0.0,3.031478803668409,3.403250776305738,3.2233055046572927,-0.19182670098888366,0.1799452716484451,0.0,5.568521196331591,5.196749223694262,5.376694495342707,0.19182670098888366,-0.1799452716484451,0.0,0.0,0.1799452716484451,0.0
gen=44_member=5517_pso,50,114.64506990106455,113.16967286457135,1530.0,1870.0000000000002,1700.0,0.20058506038378443,0.18784425058456478,0.0,3.3233141527388943,3.711743463707243,3.523899213122679,-0.20058506038378487,0.1878442505845639,0.0,5.276685847261105,4.888256536292756,5.076100786877321,0.20058506038378443,-0.18784425058456478,0.0,0.0,0.18784425058456478,0.0
gen=44_member=5537_pso,50,100.63717773873304,98.65700758717853,1530.0,1870.0000000000002,1700.0,0.10868935276723679,0.10307531559489469,0.0,1.5668961699541073,1.7786608383162392,1.675585522721344,-0.10868935276723679,0.10307531559489513,0.0,7.033103830045892,6.821339161683761,6.924414477278655,0.10868935276723679,-0.10307531559489469,0.0,0.0,0.10307531559489469,0.0
gen=44_member=5538_pso,50,110.35978999043485,109.149700497981,1530.0,1870.0000000000002,1700.0,0.15173148948057325,0.14194260429856342,0.0,2.3704832128401416,2.6641573066192787,2.5222147023207153,-0.1517314894805737,0.14194260429856342,0.0,6.229516787159858,5.935842693380721,6.077785297679284,0.15173148948057325,-0.14194260429856342,0.0,0.0,0.14194260429856342,0.0
gen=44_member=5540_pso,50,114.53935053258057,114.24014400405802,1530.0,1870.0000000000002,1700.0,0.22210652495404481,0.2065947344541339,0.0,3.9755948187690247,4.404296078177204,4.19770134372307,-0.22210652495404526,0.2065947344541339,0.0,4.6244051812309745,4.195703921822796,4.40229865627693,0.22210652495404481,-0.2065947344541339,0.0,0.0,0.2065947344541339,0.0
gen=44_member=5545_pso,50,108.99844165553478,107.39647421406681,1530.0,1870.0000000000002,1700.0,0.14345166931100284,0.13436457278834357,0.0,2.1496980787787905,2.4275143208781365,2.2931497480897933,-0.14345166931100284,0.13436457278834313,0.0,6.450301921221209,6.172485679121863,6.306850251910206,0.14345166931100284,-0.13436457278834357,0.0,0.0,0.13436457278834357,0.0
gen=44_member=5555_pso,50,108.35905241245798,106.33391522597017,1530.0,1870.0000000000002,1700.0,0.14198152886239335,0.13292667570716876,0.0,2.038146452474376,2.3130546570439376,2.1801279813367684,-0.14198152886239246,0.1329266757071692,0.0,6.561853547525624,6.286945342956062,6.419872018663231,0.14198152886239335,-0.13292667570716876,0.0,0.0,0.13292667570716876,0.0
gen=44_member=5567_pso,50,95.7796865465025,93.72999863771516,1530.0,1870.0000000000002,1700.0,0.09376438089653938,0.08911529374759652,0.0,1.345785290080232,1.5286649647243682,1.4395496709767714,-0.09376438089653938,0.08911529374759675,0.0,7.254214709919768,7.071335035275632,7.160450329023228,0.09376438089653938,-0.08911529374759652,0.0,0.0,0.08911529374759652,0.0
gen=44_member=5578_pso,50,100.9755272472946,97.54597327332193,1530.0,1870.0000000000002,1700.0,0.10522938736014442,0.09969770514172716,0.0,1.5079195579632603,1.712846650465132,1.613148945323405,-0.10522938736014464,0.09969770514172716,0.0,7.092080442036739,6.887153349534867,6.9868510546765945,0.10522938736014442,-0.09969770514172716,0.0,0.0,0.09969770514172716,0.0
gen=44_member=5592_pso,50,113.83513390610548,113.76481946062475,1530.0,1870.0000000000002,1700.0,0.21137151026555312,0.19735787494916757,0.0,3.649789800791017,4.0585191860057375,3.86116131105657,-0.21137151026555312,0.19735787494916757,0.0,4.950210199208983,4.541480813994262,4.73883868894343,0.21137151026555312,-0.19735787494916757,0.0,0.0,0.19735787494916757,0.0
gen=44_member=5596_pso,50,103.21540709514603,102.5820707638887,1530.0,1870.0000000000002,1700.0,0.12423940788493493,0.11698797648261028,0.0,1.782203699426767,2.0234310837943124,1.9064431073117016,-0.1242394078849347,0.11698797648261072,0.0,6.8177963005732325,6.576568916205687,6.693556892688298,0.12423940788493493,-0.11698797648261028,0.0,0.0,0.11698797648261028,0.0
gen=44_member=5611_pso,50,111.15740233106504,110.13209746911461,1530.0,1870.0000000000002,1700.0,0.16981959864106955,0.15864007546778147,0.0,2.6030469027764584,2.9315065768853095,2.772866501417529,-0.16981959864107044,0.15864007546778058,0.0,5.996953097223541,5.66849342311469,5.827133498582471,0.16981959864106955,-0.15864007546778147,0.0,0.0,0.15864007546778147,0.0
gen=45_member=5633_pso,50,96.22967772665474,95.30103517422398,1530.0,1870.0000000000002,1700.0,0.09770901583653302,0.09288496442236216,0.0,1.3951703278324719,1.5857643080913668,1.4928793436690044,-0.09770901583653258,0.09288496442236238,0.0,7.204829672167528,7.014235691908633,7.107120656330995,0.09770901583653302,-0.09288496442236216,0.0,0.0,0.09288496442236216,0.0
gen=45_member=5670_pso,50,98.45889126003648,97.16152504482936,1530.0,1870.0000000000002,1700.0,0.10424869307586615,0.09882827181518117,0.0,1.4663621065844774,1.669439071475525,1.5706107996603436,-0.10424869307586615,0.09882827181518139,0.0,7.133637893415522,6.930560928524475,7.029389200339656,0.10424869307586615,-0.09882827181518117,0.0,0.0,0.09882827181518117,0.0
gen=45_member=5683_pso,50,99.55477716486982,96.66013154313829,1530.0,1870.0000000000002,1700.0,0.10091729625203172,0.09587604153082818,0.0,1.4331626908190813,1.6299560286019414,1.5340799870711133,-0.10091729625203194,0.09587604153082818,0.0,7.166837309180918,6.970043971398058,7.065920012928887,0.10091729625203172,-0.09587604153082818,0.0,0.0,0.09587604153082818,0.0
gen=45_member=5693_pso,50,100.28955246444755,98.77147178738257,1530.0,1870.0000000000002,1700.0,0.11212702182278278,0.10596887192543658,0.0,1.5734662478856372,1.7915621416338563,1.6855932697084197,-0.11212702182278256,0.10596887192543658,0.0,7.0265337521143625,6.808437858366143,6.91440673029158,0.11212702182278278,-0.10596887192543658,0.0,0.0,0.10596887192543658,0.0
gen=45_member=5694_pso,50,111.0093069433019,110.26586276980991,1530.0,1870.0000000000002,1700.0,0.17132246495967873,0.15993712766287782,0.0,2.6444097729162865,2.9756693655388435,2.8157322378759657,-0.17132246495967918,0.15993712766287782,0.0,5.955590227083713,5.624330634461156,5.784267762124034,0.17132246495967873,-0.15993712766287782,0.0,0.0,0.15993712766287782,0.0
gen=45_member=5711_pso,50,100.17642906394414,98.88330928345108,1530.0,1870.0000000000002,1700.0,0.109403927002103,0.10373449967951931,0.0,1.56856564293954,1.7817040696211628,1.677969569941643,-0.109403927002103,0.10373449967951975,0.0,7.031434357060459,6.818295930378837,6.922030430058356,0.109403927002103,-0.10373449967951931,0.0,0.0,0.10373449967951931,0.0
gen=45_member=5714_pso,50,111.5441493218038,110.83594791720645,1530.0,1870.0000000000002,1700.0,0.17979447830218742,0.1680649864178374,0.0,2.778567424592553,3.126426889312578,2.9583619028947408,-0.17979447830218787,0.1680649864178374,0.0,5.821432575407447,5.473573110687422,5.641638097105259,0.17979447830218742,-0.1680649864178374,0.0,0.0,0.1680649864178374,0.0
gen=45_member=5721_pso,50,102.66137190388338,101.16634606078696,1530.0,1870.0000000000002,1700.0,0.1199642707133668,0.1129017558416674,0.0,1.6797172968279601,1.9125833233829936,1.7996815675413265,-0.11996427071336635,0.11290175584166717,0.0,6.92028270317204,6.687416676617006,6.800318432458673,0.1199642707133668,-0.1129017558416674,0.0,0.0,0.1129017558416674,0.0
gen=45_member=5725_pso,50,96.33107850210814,94.92444773110908,1530.0,1870.0000000000002,1700.0,0.09604029089680033,0.09137523871176345,0.0,1.4035359957927998,1.5909515254013642,1.4995762866896,-0.09604029089680033,0.09137523871176412,0.0,7.1964640042072,7.009048474598636,7.100423713310399,0.09604029089680033,-0.09137523871176345,0.0,0.0,0.09137523871176345,0.0
gen=45_member=5738_pso,50,101.44176925683179,100.08957248694635,1530.0,1870.0000000000002,1700.0,0.11415655961810867,0.10799489854460731,0.0,1.6552958525699482,1.8774473107326637,1.7694524121880564,-0.11415655961810822,0.10799489854460731,0.0,6.944704147430052,6.722552689267336,6.830547587811943,0.11415655961810867,-0.10799489854460731,0.0,0.0,0.10799489854460731,0.0
gen=46_member=5774_pso,50,113.69864725552864,113.69864725552864,1530.0,1870.0000000000002,1700.0,0.20964669867796903,0.19571841733078088,0.0,3.591170219917376,3.996535335926126,3.8008169185953444,-0.2096466986779686,0.19571841733078177,0.0,5.008829780082624,4.603464664073874,4.799183081404655,0.20964669867796903,-0.19571841733078088,0.0,0.0,0.19571841733078088,0.0
gen=46_member=5787_pso,50,112.2492079241474,112.17822411256682,1530.0,1870.0000000000002,1700.0,0.18787227096171044,0.17603201968151794,0.0,2.9595390852779517,3.323443375921179,3.1474113562396613,-0.18787227096170955,0.17603201968151794,0.0,5.640460914722048,5.27655662407882,5.452588643760338,0.18787227096171044,-0.17603201968151794,0.0,0.0,0.17603201968151794,0.0
gen=46_member=5794_pso,50,110.69241741717775,110.1235704348894,1530.0,1870.0000000000002,1700.0,0.17013973105170255,0.15887414946841627,0.0,2.616687699192705,2.945701579712823,2.786827430244407,-0.1701397310517021,0.15887414946841627,0.0,5.983312300807295,5.654298420287176,5.813172569755593,0.17013973105170255,-0.15887414946841627,0.0,0.0,0.15887414946841627,0.0
gen=46_member=5800_pso,50,97.65505960065083,96.39936894667757,1530.0,1870.0000000000002,1700.0,0.1017160872849292,0.09652045225495609,0.0,1.4373103770222704,1.6355469165621552,1.5390264643071996,-0.1017160872849292,0.09652045225495565,0.0,7.162689622977729,6.964453083437844,7.0609735356928,0.1017160872849292,-0.09652045225495609,0.0,0.0,0.09652045225495609,0.0
gen=46_member=5801_pso,50,113.22196912434818,113.1202239034437,1530.0,1870.0000000000002,1700.0,0.20064433151898875,0.18785781640541543,0.0,3.307633080579183,3.6961352285035876,3.5082774120981726,-0.20064433151898964,0.187857816405415,0.0,5.292366919420816,4.903864771496412,5.0917225879018275,0.20064433151898875,-0.18785781640541543,0.0,0.0,0.18785781640541543,0.0
gen=46_member=5826_pso,50,113.58942872082606,113.32643562664363,1530.0,1870.0000000000002,1700.0,0.20656518955551206,0.19277169149391327,0.0,3.5467010558334695,3.946037936882895,3.753266245388982,-0.2065651895555125,0.19277169149391282,0.0,5.05329894416653,4.653962063117104,4.846733754611018,0.20656518955551206,-0.19277169149391327,0.0,0.0,0.19277169149391327,0.0
gen=46_member=5827_pso,50,114.11920195538859,113.22333719727689,1530.0,1870.0000000000002,1700.0,0.20146038037533653,0.18864567300916946,0.0,3.352873664679044,3.7429797180635505,3.55433404505438,-0.2014603803753361,0.18864567300917034,0.0,5.247126335320956,4.85702028193645,5.045665954945619,0.20146038037533653,-0.18864567300916946,0.0,0.0,0.18864567300916946,0.0
gen=46_member=5849_pso,50,100.75129470860493,96.55375941776099,1530.0,1870.0000000000002,1700.0,0.1012242228411182,0.09605334072432914,0.0,1.4500971114826657,1.6473746750481135,1.551321334323784,-0.1012242228411182,0.09605334072432958,0.0,7.1499028885173335,6.952625324951886,7.048678665676215,0.1012242228411182,-0.09605334072432914,0.0,0.0,0.09605334072432914,0.0
gen=46_member=5862_pso,50,113.34583744841463,113.0969236413901,1530.0,1870.0000000000002,1700.0,0.19923978697644884,0.18654827891566406,0.0,3.273373398421715,3.659161464313828,3.472613185398164,-0.19923978697644884,0.18654827891566406,0.0,5.326626601578285,4.940838535686172,5.127386814601836,0.19923978697644884,-0.18654827891566406,0.0,0.0,0.18654827891566406,0.0
gen=46_member=5863_pso,50,110.06685037277339,107.6435948669181,1530.0,1870.0000000000002,1700.0,0.14560255375479514,0.1363380253592119,0.0,2.1664971830619817,2.448437762175988,2.312099736816777,-0.14560255375479514,0.13633802535921102,0.0,6.433502816938018,6.151562237824011,6.287900263183223,0.14560255375479514,-0.1363380253592119,0.0,0.0,0.1363380253592119,0.0
gen=46_member=5865_pso,50,99.34269837540397,97.8101484614914,1530.0,1870.0000000000002,1700.0,0.107143708347742,0.10149341498431497,0.0,1.5163254297222886,1.724962553054345,1.6234691380700301,-0.10714370834774156,0.10149341498431497,0.0,7.0836745702777115,6.8750374469456546,6.9765308619299695,0.107143708347742,-0.10149341498431497,0.0,0.0,0.10149341498431497,0.0
gen=46_member=5867_pso,50,105.21533215860791,103.53371204745807,1530.0,1870.0000000000002,1700.0,0.12599456972681367,0.11886627207828049,0.0,1.852607100959544,2.0974679427646374,1.9786016706863572,-0.12599456972681322,0.11886627207828027,0.0,6.747392899040456,6.502532057235362,6.621398329313642,0.12599456972681367,-0.11886627207828049,0.0,0.0,0.11886627207828049,0.0
gen=47_member=5893_pso,50,99.51097389730381,95.09080212042277,1530.0,1870.0000000000002,1700.0,0.09774220680695489,0.0928318725731776,0.0,1.3755174700109913,1.566091549391124,1.4732596768179467,-0.09774220680695533,0.09283187257317738,0.0,7.224482529989008,7.033908450608876,7.126740323182053,0.09774220680695489,-0.0928318725731776,0.0,0.0,0.0928318725731776,0.0
gen=47_member=5898_pso,50,109.20208556624591,108.85591904641383,1530.0,1870.0000000000002,1700.0,0.15033148099716875,0.14038174022632788,0.0,2.3134884280598613,2.604201649283357,2.4638199090570296,-0.1503314809971683,0.14038174022632743,0.0,6.286511571940139,5.995798350716642,6.13618009094297,0.15033148099716875,-0.14038174022632788,0.0,0.0,0.14038174022632788,0.0
gen=47_member=5902_pso,50,104.82619723989076,102.73306098283294,1530.0,1870.0000000000002,1700.0,0.12639512571230505,0.11883752479403498,0.0,1.777121939082779,2.0223545895891193,1.9035170647950834,-0.12639512571230438,0.11883752479403586,0.0,6.822878060917221,6.577645410410881,6.696482935204916,0.12639512571230505,-0.11883752479403498,0.0,0.0,0.11883752479403498,0.0
gen=47_member=5907_pso,50,94.52947087594241,92.98903145662663,1530.0,1870.0000000000002,1700.0,0.09181008111774691,0.08727919739041656,0.0,1.333014701783983,1.5121039802921465,1.4248247829017298,-0.09181008111774669,0.08727919739041679,0.0,7.266985298216016,7.087896019707853,7.175175217098269,0.09181008111774691,-0.08727919739041656,0.0,0.0,0.08727919739041656,0.0
gen=47_member=5916_pso,50,110.94259024453996,110.27564630500643,1530.0,1870.0000000000002,1700.0,0.17141409268754337,0.1600289261030765,0.0,2.6471187758977313,2.9785617946883507,2.818532868585274,-0.17141409268754293,0.1600289261030765,0.0,5.952881224102269,5.621438205311649,5.7814671314147255,0.17141409268754337,-0.1600289261030765,0.0,0.0,0.1600289261030765,0.0
gen=47_member=5927_pso,50,113.3891113585374,113.32560510319023,1530.0,1870.0000000000002,1700.0,0.20773988764605544,0.19376876283577005,0.0,3.589401796817447,3.9909104472992722,3.797141684463503,-0.2077398876460559,0.19376876283576916,0.0,5.0105982031825524,4.609089552700727,4.802858315536497,0.20773988764605544,-0.19376876283577005,0.0,0.0,0.19376876283577005,0.0
gen=47_member=5934_pso,50,113.82797755135174,113.82797755135174,1530.0,1870.0000000000002,1700.0,0.21184725115765524,0.19774909014283626,0.0,3.6606292834730714,4.070225624773562,3.8724765346307266,-0.21184725115765524,0.19774909014283581,0.0,4.939370716526929,4.529774375226437,4.7275234653692735,0.21184725115765524,-0.19774909014283626,0.0,0.0,0.19774909014283626,0.0
gen=47_member=5956_pso,50,113.51642230234141,113.30463357982367,1530.0,1870.0000000000002,1700.0,0.20637778570482812,0.19259471683684737,0.0,3.5413202054084048,3.9402927079500802,3.747697991113233,-0.20637778570482812,0.19259471683684737,0.0,5.058679794591595,4.659707292049919,4.852302008886767,0.20637778570482812,-0.19259471683684737,0.0,0.0,0.19259471683684737,0.0
gen=47_member=5958_pso,50,104.46886342205235,103.68786455809354,1530.0,1870.0000000000002,1700.0,0.12846161254225397,0.12072683109795435,0.0,1.8741906409838858,2.1233790846240943,2.0026522535261395,-0.12846161254225374,0.12072683109795479,0.0,6.725809359016114,6.476620915375905,6.59734774647386,0.12846161254225397,-0.12072683109795435,0.0,0.0,0.12072683109795435,0.0
gen=47_member=5964_pso,50,101.01781352558181,99.7331389643857,1530.0,1870.0000000000002,1700.0,0.11362176665930246,0.1075322558599412,0.0,1.6277603916982963,1.84891441421754,1.7413821583575984,-0.11362176665930201,0.10753225585994164,0.0,6.972239608301703,6.75108558578246,6.858617841642401,0.11362176665930246,-0.1075322558599412,0.0,0.0,0.1075322558599412,0.0
gen=47_member=5966_pso,50,108.07935121426111,106.8318816343605,1530.0,1870.0000000000002,1700.0,0.13899028679531433,0.13016335225372977,0.0,2.112595899747401,2.381749538796445,2.2515861865427147,-0.1389902867953139,0.1301633522537302,0.0,6.487404100252599,6.218250461203555,6.3484138134572845,0.13899028679531433,-0.13016335225372977,0.0,0.0,0.13016335225372977,0.0
gen=47_member=5970_pso,50,112.98882236975206,112.64563778789609,1530.0,1870.0000000000002,1700.0,0.19240929463896173,0.18050440480722685,0.0,3.0518853197787856,3.4247990192249738,3.2442946144177465,-0.19240929463896084,0.1805044048072273,0.0,5.5481146802212145,5.175200980775026,5.355705385582253,0.19240929463896173,-0.18050440480722685,0.0,0.0,0.18050440480722685,0.0
gen=47_member=5976_pso,50,107.22293932834354,104.56205629468799,1530.0,1870.0000000000002,1700.0,0.1298208926177029,0.1219983627335699,0.0,1.9605126269293602,2.2123318822806337,2.0903335195470634,-0.12982089261770313,0.12199836273357034,0.0,6.639487373070639,6.387668117719366,6.509666480452936,0.1298208926177029,-0.1219983627335699,0.0,0.0,0.1219983627335699,0.0
gen=47_member=5999_pso,50,100.64403481361417,98.01395825622748,1530.0,1870.0000000000002,1700.0,0.10633095873113163,0.10073659522256762,0.0,1.524857835021022,1.731925388974721,1.631188793752154,-0.10633095873113207,0.10073659522256695,0.0,7.075142164978978,6.868074611025278,6.968811206247846,0.10633095873113163,-0.10073659522256762,0.0,0.0,0.10073659522256762,0.0
gen=47_member=6002_pso,50,97.00051719808124,95.10238539262453,1530.0,1870.0000000000002,1700.0,0.09612955252553235,0.09149930235075132,0.0,1.4141117248824433,1.601740579758727,1.5102412774079752,-0.0961295525255319,0.09149930235075177,0.0,7.185888275117557,6.998259420241273,7.089758722592024,0.09612955252553235,-0.09149930235075132,0.0,0.0,0.09149930235075132,0.0
gen=48_member=6031_pso,50,112.60765764772395,112.20077846311648,1530.0,1870.0000000000002,1700.0,0.187977379846199,0.17613904051896334,0.0,2.960150465539963,3.3242668859051254,3.1481278453861616,-0.18797737984619856,0.17613904051896379,0.0,5.639849534460037,5.275733114094875,5.451872154613838,0.187977379846199,-0.17613904051896334,0.0,0.0,0.17613904051896334,0.0
gen=48_member=6063_pso,50,112.93032608863865,111.52667253885436,1530.0,1870.0000000000002,1700.0,0.1778671341946172,0.1665802341036997,0.0,2.777187406072341,3.121634774370658,2.955054540266959,-0.17786713419461764,0.16658023410369927,0.0,5.822812593927658,5.478365225629341,5.644945459733041,0.1778671341946172,-0.1665802341036997,0.0,0.0,0.1665802341036997,0.0
gen=48_member=6077_pso,50,110.31867225573538,109.01400043970366,1530.0,1870.0000000000002,1700.0,0.15116390823036863,0.1412485935476866,0.0,2.357218570775184,2.649631072553239,2.508382479005553,-0.15116390823036907,0.1412485935476857,0.0,6.242781429224816,5.95036892744676,6.091617520994447,0.15116390823036863,-0.1412485935476866,0.0,0.0,0.1412485935476866,0.0
gen=48_member=6130_pso,50,108.10197565175143,106.17257835942013,1530.0,1870.0000000000002,1700.0,0.13620112210299506,0.12756617598375808,0.0,2.0738863797610425,2.337653677847795,2.210087501864037,-0.13620112210299462,0.12756617598375808,0.0,6.526113620238958,6.262346322152204,6.3899124981359625,0.13620112210299506,-0.12756617598375808,0.0,0.0,0.12756617598375808,0.0
gen=49_member=6144_pso,50,93.87032135886894,93.14157028132627,1530.0,1870.0000000000002,1700.0,0.09255932364814345,0.08792086839014512,0.0,1.3459160899614546,1.5263962819997428,1.4384754136095979,-0.09255932364814323,0.0879208683901449,0.0,7.2540839100385455,7.073603718000257,7.161524586390402,0.09255932364814345,-0.08792086839014512,0.0,0.0,0.08792086839014512,0.0
gen=49_member=6158_pso,50,111.2629568994341,110.07893984150185,1530.0,1870.0000000000002,1700.0,0.16905753896915776,0.15786477821291278,0.0,2.5829243738796457,2.9098466910617162,2.751981912848804,-0.1690575389691582,0.15786477821291234,0.0,6.017075626120354,5.690153308938283,5.848018087151196,0.16905753896915776,-0.15786477821291278,0.0,0.0,0.15786477821291278,0.0
gen=49_member=6159_pso,50,101.74785503091832,100.67367930629531,1530.0,1870.0000000000002,1700.0,0.11645858860193847,0.11002548634452136,0.0,1.6609128747254613,1.8873969496719216,1.7773714633273998,-0.11645858860193847,0.1100254863445218,0.0,6.939087125274538,6.712603050328078,6.8226285366726,0.11645858860193847,-0.11002548634452136,0.0,0.0,0.11002548634452136,0.0
gen=49_member=6161_pso,50,96.12077302943432,95.02082706734132,1530.0,1870.0000000000002,1700.0,0.09618854588848791,0.09153709519617603,0.0,1.4109332298124315,1.5986588708970948,1.507121775700919,-0.09618854588848746,0.09153709519617581,0.0,7.189066770187568,7.001341129102904,7.09287822429908,0.09618854588848791,-0.09153709519617603,0.0,0.0,0.09153709519617603,0.0
gen=49_member=6177_pso,50,113.24006846059348,113.18633487060403,1530.0,1870.0000000000002,1700.0,0.20143893689948378,0.18861174559368088,0.0,3.3338500012508656,3.723900683744031,3.5352889381503494,-0.20143893689948378,0.18861174559368177,0.0,5.266149998749134,4.876099316255969,5.06471106184965,0.20143893689948378,-0.18861174559368088,0.0,0.0,0.18861174559368088,0.0
gen=49_member=6197_pso,50,103.38252010742895,101.62467203250553,1530.0,1870.0000000000002,1700.0,0.12251122359122402,0.11517117467490579,0.0,1.710400780945144,1.948083179211274,1.8329120045363683,-0.12251122359122424,0.11517117467490579,0.0,6.889599219054856,6.651916820788726,6.767087995463632,0.12251122359122402,-0.11517117467490579,0.0,0.0,0.11517117467490579,0.0
gen=49_member=6198_pso,50,108.17573092153894,105.98749701789104,1530.0,1870.0000000000002,1700.0,0.13661391872794226,0.1283491209444847,0.0,2.0139311251291123,2.278894164801539,2.150545043857054,-0.13661391872794182,0.1283491209444847,0.0,6.586068874870888,6.321105835198461,6.4494549561429455,0.13661391872794226,-0.1283491209444847,0.0,0.0,0.1283491209444847,0.0
gen=49_member=6216_pso,50,110.87853722112972,110.45432501578411,1530.0,1870.0000000000002,1700.0,0.17729491440677236,0.166288148130465,0.0,2.659822143272981,3.0034052058102185,2.837117057679754,-0.1772949144067728,0.16628814813046455,0.0,5.9401778567270185,5.596594794189781,5.762882942320246,0.17729491440677236,-0.166288148130465,0.0,0.0,0.166288148130465,0.0
gen=49_member=6222_pso,50,113.86456508053438,113.86456508053438,1530.0,1870.0000000000002,1700.0,0.2124826847579495,0.19833489607744248,0.0,3.6816699627228275,4.092487543558219,3.894152647480776,-0.21248268475794863,0.19833489607744292,0.0,4.9183300372771726,4.507512456441781,4.705847352519223,0.2124826847579495,-0.19833489607744248,0.0,0.0,0.19833489607744248,0.0
gen=49_member=6242_pso,50,110.93962256124044,109.70805418139967,1530.0,1870.0000000000002,1700.0,0.16636161528496718,0.15603446078356242,0.0,2.4487996836583483,2.7711957597268784,2.615161298943316,-0.16636161528496762,0.15603446078356242,0.0,6.151200316341651,5.828804240273121,5.984838701056684,0.16636161528496718,-0.15603446078356242,0.0,0.0,0.15603446078356242,0.0
gen=50_member=6307_pso,50,97.48088883739008,94.41283992446174,1530.0,1870.0000000000002,1700.0,0.09489174747901252,0.090295529400648,0.0,1.376242477021427,1.5614297539010875,1.4711342245004395,-0.09489174747901252,0.090295529400648,0.0,7.223757522978572,7.038570246098912,7.12886577549956,0.09489174747901252,-0.090295529400648,0.0,0.0,0.090295529400648,0.0
gen=50_member=6311_pso,50,113.50255122228927,113.27180171753508,1530.0,1870.0000000000002,1700.0,0.20302196402734118,0.1898332350278391,0.0,3.3848334980325787,3.77768869708776,3.58785546205992,-0.20302196402734118,0.18983323502784,0.0,5.2151665019674205,4.82231130291224,5.012144537940079,0.20302196402734118,-0.1898332350278391,0.0,0.0,0.1898332350278391,0.0
gen=50_member=6314_pso,50,113.86884680000001,113.86884680000001,1530.0,1870.0000000000002,1700.0,0.21254568689112663,0.1983935840693709,0.0,3.682685675666714,4.093624946627211,3.895231362557841,-0.21254568689112707,0.19839358406937047,0.0,4.917314324333286,4.506375053372788,4.704768637442159,0.21254568689112663,-0.1983935840693709,0.0,0.0,0.1983935840693709,0.0
gen=50_member=6331_pso,50,114.13882836846665,114.05054430401732,1530.0,1870.0000000000002,1700.0,0.21877197795574332,0.20358456210233822,0.0,3.8788647869701522,4.301221327028234,4.097636764925896,-0.21877197795574332,0.20358456210233822,0.0,4.721135213029847,4.298778672971766,4.502363235074104,0.21877197795574332,-0.20358456210233822,0.0,0.0,0.20358456210233822,0.0
gen=50_member=6332_pso,50,104.88944693775548,103.52297256238982,1530.0,1870.0000000000002,1700.0,0.1296893027096182,0.12174395536871252,0.0,1.8396939196060682,2.091127177684399,1.9693832223156864,-0.1296893027096182,0.12174395536871252,0.0,6.760306080393931,6.508872822315601,6.630616777684313,0.1296893027096182,-0.12174395536871252,0.0,0.0,0.12174395536871252,0.0
gen=50_member=6333_pso,50,103.37773224715643,102.20628686234474,1530.0,1870.0000000000002,1700.0,0.1230859528076449,0.11567964447675028,0.0,1.7444360850416465,1.9832016823260419,1.867522037849292,-0.12308595280764556,0.11567964447674983,0.0,6.855563914958353,6.6167983176739575,6.732477962150708,0.1230859528076449,-0.11567964447675028,0.0,0.0,0.11567964447675028,0.0
gen=50_member=6337_pso,50,112.96343703652411,111.86815544127347,1530.0,1870.0000000000002,1700.0,0.18547159247834966,0.1737598517803729,0.0,2.911498517344482,3.2707299616032044,3.0969701098228315,-0.18547159247834966,0.1737598517803729,0.0,5.688501482655518,5.329270038396795,5.503029890177168,0.18547159247834966,-0.1737598517803729,0.0,0.0,0.1737598517803729,0.0
gen=50_member=6369_pso,50,100.98821742317558,99.82847117045175,1530.0,1870.0000000000002,1700.0,0.11436950753871056,0.10790708641734525,0.0,1.6180862693839757,1.8403628633400309,1.7324557769226856,-0.11436950753870989,0.10790708641734525,0.0,6.981913730616024,6.759637136659968,6.867544223077314,0.11436950753871056,-0.10790708641734525,0.0,0.0,0.10790708641734525,0.0
gen=50_member=6375_pso,50,114.69132797029671,114.69132797029671,1530.0,1870.0000000000002,1700.0,0.2266431873061352,0.21095154328005972,0.0,4.066695608142198,4.504290338728393,4.293338795448333,-0.2266431873061352,0.21095154328005972,0.0,4.5333043918578015,4.095709661271607,4.306661204551666,0.2266431873061352,-0.21095154328005972,0.0,0.0,0.21095154328005972,0.0
gen=50_member=6378_pso,50,103.01387905851547,101.99905238085735,1530.0,1870.0000000000002,1700.0,0.12312983311672099,0.11570022767598598,0.0,1.7224745684055782,1.9613046291982856,1.8456044015222999,-0.12312983311672165,0.11570022767598576,0.0,6.877525431594421,6.638695370801714,6.7543955984777,0.12312983311672099,-0.11570022767598598,0.0,0.0,0.11570022767598598,0.0
gen=50_member=6385_pso,50,100.2375818522005,98.91710248830104,1530.0,1870.0000000000002,1700.0,0.1063283841726772,0.10096172936152126,0.0,1.5949473715587539,1.8022374850929523,1.7012757557314309,-0.10632838417267698,0.10096172936152148,0.0,7.005052628441246,6.797762514907047,6.898724244268569,0.1063283841726772,-0.10096172936152126,0.0,0.0,0.10096172936152126,0.0
gen=50_member=6392_pso,50,103.38209531073947,101.68467497343006,1530.0,1870.0000000000002,1700.0,0.12178634409812705,0.1145672429071043,0.0,1.696936438443708,1.9332900254489391,1.8187227825418355,-0.1217863440981275,0.11456724290710363,0.0,6.903063561556292,6.66670997455106,6.781277217458165,0.12178634409812705,-0.1145672429071043,0.0,0.0,0.1145672429071043,0.0
