total_pumping_cfs,depletion_metric_cfs,streamflow_metric_cfs,member,scenario
0.0,0.25839389058101236,-0.25839389058101236,0,Tplus10per
0.0,0.2653402342779527,-0.2653402342779527,10,Tplus10per
0.0,0.26452949283169414,-0.26452949283169414,12,Tplus10per
0.0,0.25560398346348645,-0.25560398346348645,20,Tplus10per
0.0,0.2583936858004936,-0.2583936858004936,28,Tplus10per
0.0,0.25667860956921995,-0.25667860956921995,30,Tplus10per
0.0,0.2616652403208857,-0.2616652403208857,36,Tplus10per
0.0,0.26486829938535994,-0.26486829938535994,8,Tplus10per
0.0,0.24200197265349033,-0.24200197265349033,gen=10_member=348_pso,Tplus10per
0.0,0.24018107208343054,-0.24018107208343054,gen=11_member=402_pso,Tplus10per
0.0,0.23752914985682505,-0.23752914985682505,gen=11_member=412_pso,Tplus10per
0.0,0.18284679553623695,-0.1828467955362365,gen=12_member=420_pso,Tplus10per
0.0,0.24253616131832967,-0.24253616131832967,gen=12_member=452_pso,Tplus10per
0.0,0.24766740125287345,-0.24766740125287345,gen=12_member=454_pso,Tplus10per
0.0,0.2309921546079714,-0.2309921546079714,gen=13_member=469_pso,Tplus10per
0.0,0.18140646767822854,-0.18140646767822854,gen=15_member=533_pso,Tplus10per
0.0,0.21026983563569157,-0.21026983563569157,gen=16_member=590_pso,Tplus10per
0.0,0.19959314596526667,-0.19959314596526667,gen=16_member=602_pso,Tplus10per
0.0,0.2342064082741393,-0.2342064082741393,gen=16_member=606_pso,Tplus10per
0.0,0.19668346874056475,-0.19668346874056475,gen=17_member=633_pso,Tplus10per
0.0,0.20250719221364388,-0.20250719221364388,gen=17_member=644_pso,Tplus10per
0.0,0.24094003389871066,-0.24094003389871066,gen=18_member=662_pso,Tplus10per
0.0,0.2044666298286395,-0.20446662982863906,gen=18_member=675_pso,Tplus10per
0.0,0.23796559452006516,-0.23796559452006516,gen=18_member=676_pso,Tplus10per
0.0,0.2473390409290337,-0.2473390409290337,gen=18_member=683_pso,Tplus10per
0.0,0.20693385566424238,-0.20693385566424194,gen=19_member=704_pso,Tplus10per
0.0,0.23301353399678693,-0.23301353399678693,gen=19_member=712_pso,Tplus10per
0.0,0.18104377145773087,-0.18104377145773132,gen=19_member=718_pso,Tplus10per
0.0,0.23533567493673768,-0.23533567493673768,gen=20_member=729_pso,Tplus10per
0.0,0.23746100373054535,-0.23746100373054535,gen=20_member=738_pso,Tplus10per
0.0,0.18421594047638612,-0.18421594047638656,gen=21_member=768_pso,Tplus10per
0.0,0.23888498858294938,-0.23888498858294938,gen=21_member=780_pso,Tplus10per
0.0,0.21695268815455693,-0.21695268815455737,gen=21_member=789_pso,Tplus10per
0.0,0.20701483796306075,-0.20701483796306075,gen=22_member=800_pso,Tplus10per
0.0,0.23692011356473675,-0.23692011356473675,gen=22_member=807_pso,Tplus10per
0.0,0.24301200852701488,-0.24301200852701488,gen=22_member=817_pso,Tplus10per
0.0,0.2261089253087527,-0.22610892530875315,gen=22_member=819_pso,Tplus10per
0.0,0.19869375656470245,-0.1986937565647029,gen=22_member=820_pso,Tplus10per
0.0,0.23392150962433966,-0.23392150962433966,gen=23_member=838_pso,Tplus10per
0.0,0.20834205540407424,-0.20834205540407424,gen=23_member=839_pso,Tplus10per
0.0,0.24471481678924878,-0.24471481678924878,gen=23_member=843_pso,Tplus10per
0.0,0.20946971262709457,-0.20946971262709457,gen=23_member=858_pso,Tplus10per
0.0,0.21574335296723524,-0.21574335296723568,gen=24_member=876_pso,Tplus10per
0.0,0.2317605679531738,-0.2317605679531738,gen=24_member=882_pso,Tplus10per
0.0,0.21213395547895653,-0.21213395547895608,gen=24_member=887_pso,Tplus10per
0.0,0.20323856971255738,-0.20323856971255783,gen=24_member=905_pso,Tplus10per
0.0,0.21441970974216762,-0.21441970974216762,gen=25_member=924_pso,Tplus10per
0.0,0.2357675677713038,-0.2357675677713038,gen=25_member=939_pso,Tplus10per
0.0,0.19355401428532826,-0.19355401428532826,gen=25_member=940_pso,Tplus10per
0.0,0.20911338554268877,-0.20911338554268877,gen=25_member=941_pso,Tplus10per
0.0,0.2535966228050395,-0.2535966228050395,gen=26_member=959_pso,Tplus10per
0.0,0.24838062692102358,-0.24838062692102358,gen=26_member=962_pso,Tplus10per
0.0,0.1974045694859763,-0.1974045694859763,gen=27_member=1007_pso,Tplus10per
0.0,0.22513397453806672,-0.22513397453806672,gen=27_member=1010_pso,Tplus10per
0.0,0.23531817437567693,-0.23531817437567693,gen=27_member=1018_pso,Tplus10per
0.0,0.2521803516724068,-0.2521803516724068,gen=27_member=1020_pso,Tplus10per
0.0,0.22702752671728943,-0.22702752671728987,gen=27_member=993_pso,Tplus10per
0.0,0.23086862353067872,-0.23086862353067872,gen=27_member=996_pso,Tplus10per
0.0,0.25703518567683403,-0.25703518567683403,gen=28_member=1030_pso,Tplus10per
0.0,0.24048470137169797,-0.24048470137169797,gen=28_member=1037_pso,Tplus10per
0.0,0.2010886058813064,-0.2010886058813064,gen=28_member=1045_pso,Tplus10per
0.0,0.19165725004881384,-0.19165725004881384,gen=28_member=1048_pso,Tplus10per
0.0,0.2324387618429844,-0.2324387618429844,gen=28_member=1060_pso,Tplus10per
0.0,0.18564865466163338,-0.18564865466163294,gen=28_member=1062_pso,Tplus10per
0.0,0.2436959399095011,-0.2436959399095011,gen=29_member=1067_pso,Tplus10per
0.0,0.23138237604337508,-0.23138237604337508,gen=29_member=1069_pso,Tplus10per
0.0,0.2022403358287721,-0.20224033582877254,gen=29_member=1071_pso,Tplus10per
0.0,0.17944574367586785,-0.17944574367586785,gen=29_member=1091_pso,Tplus10per
0.0,0.21567084269701242,-0.21567084269701287,gen=29_member=1095_pso,Tplus10per
0.0,0.21084740295044346,-0.2108474029504439,gen=30_member=1106_pso,Tplus10per
0.0,0.22894554702395187,-0.22894554702395187,gen=30_member=1109_pso,Tplus10per
0.0,0.23380338068513584,-0.23380338068513584,gen=30_member=1110_pso,Tplus10per
0.0,0.20433006704185708,-0.20433006704185708,gen=30_member=1117_pso,Tplus10per
0.0,0.24618607083885813,-0.24618607083885813,gen=30_member=1124_pso,Tplus10per
0.0,0.24109758508262225,-0.24109758508262225,gen=30_member=1130_pso,Tplus10per
0.0,0.18173278873027643,-0.18173278873027687,gen=31_member=1143_pso,Tplus10per
0.0,0.2284334585615988,-0.22843345856159925,gen=31_member=1151_pso,Tplus10per
0.0,0.24773801753662283,-0.24773801753662283,gen=31_member=1153_pso,Tplus10per
0.0,0.22995678329835423,-0.22995678329835378,gen=31_member=1158_pso,Tplus10per
0.0,0.2242913084093474,-0.22429130840934697,gen=31_member=1160_pso,Tplus10per
0.0,0.2521654144511576,-0.2521654144511576,gen=31_member=1161_pso,Tplus10per
0.0,0.2188484478168382,-0.2188484478168382,gen=31_member=1164_pso,Tplus10per
0.0,0.21705234416628816,-0.21705234416628816,gen=31_member=1169_pso,Tplus10per
0.0,0.2031438690959373,-0.2031438690959373,gen=31_member=1170_pso,Tplus10per
0.0,0.2253731322818755,-0.2253731322818755,gen=31_member=1176_pso,Tplus10per
0.0,0.18763870705187946,-0.18763870705187902,gen=32_member=1182_pso,Tplus10per
0.0,0.23255883946628586,-0.23255883946628586,gen=32_member=1192_pso,Tplus10per
0.0,0.22974439707544292,-0.22974439707544292,gen=32_member=1204_pso,Tplus10per
0.0,0.25020388632434276,-0.25020388632434276,gen=32_member=1207_pso,Tplus10per
0.0,0.20679799449779068,-0.20679799449779068,gen=32_member=1210_pso,Tplus10per
0.0,0.22737037733236054,-0.22737037733236054,gen=32_member=1213_pso,Tplus10per
0.0,0.1845617568906528,-0.1845617568906528,gen=33_member=1225_pso,Tplus10per
0.0,0.22353534633357075,-0.22353534633357075,gen=33_member=1226_pso,Tplus10per
0.0,0.23426835561644843,-0.23426835561644843,gen=33_member=1227_pso,Tplus10per
0.0,0.24281032953590742,-0.24281032953590742,gen=33_member=1241_pso,Tplus10per
0.0,0.246015223670625,-0.246015223670625,gen=33_member=1244_pso,Tplus10per
0.0,0.19582418835143933,-0.19582418835143933,gen=34_member=1258_pso,Tplus10per
0.0,0.20490230936376674,-0.2049023093637663,gen=34_member=1266_pso,Tplus10per
0.0,0.21297692358600928,-0.21297692358600973,gen=34_member=1267_pso,Tplus10per
0.0,0.21059410517823896,-0.21059410517823896,gen=34_member=1281_pso,Tplus10per
0.0,0.23162343852296363,-0.23162343852296363,gen=34_member=1286_pso,Tplus10per
0.0,0.22301882638260517,-0.22301882638260473,gen=35_member=1300_pso,Tplus10per
0.0,0.191512765646209,-0.191512765646209,gen=35_member=1311_pso,Tplus10per
0.0,0.24485722006410615,-0.24485722006410615,gen=35_member=1312_pso,Tplus10per
0.0,0.1955295910822179,-0.19552959108221835,gen=35_member=1321_pso,Tplus10per
0.0,0.22150597838447794,-0.22150597838447794,gen=35_member=1329_pso,Tplus10per
0.0,0.21052495005805705,-0.2105249500580575,gen=36_member=1334_pso,Tplus10per
0.0,0.2538210760572115,-0.2538210760572115,gen=36_member=1342_pso,Tplus10per
0.0,0.2285886884243462,-0.2285886884243462,gen=36_member=1364_pso,Tplus10per
0.0,0.17993128735316777,-0.17993128735316777,gen=37_member=1368_pso,Tplus10per
0.0,0.2514858894828844,-0.2514858894828844,gen=37_member=1378_pso,Tplus10per
0.0,0.19436539659203955,-0.19436539659203955,gen=37_member=1384_pso,Tplus10per
0.0,0.209316114188554,-0.209316114188554,gen=37_member=1392_pso,Tplus10per
0.0,0.23756929723821152,-0.23756929723821152,gen=37_member=1396_pso,Tplus10per
0.0,0.23367182643671391,-0.23367182643671391,gen=37_member=1398_pso,Tplus10per
0.0,0.1782639293093342,-0.17826392930933466,gen=38_member=1427_pso,Tplus10per
0.0,0.253987748425212,-0.253987748425212,gen=38_member=1428_pso,Tplus10per
0.0,0.2014528444505177,-0.20145284445051814,gen=38_member=1432_pso,Tplus10per
0.0,0.21431304425459263,-0.21431304425459263,gen=38_member=1440_pso,Tplus10per
0.0,0.23281708292267034,-0.23281708292267034,gen=38_member=1441_pso,Tplus10per
0.0,0.23256507969542906,-0.23256507969542906,gen=39_member=1460_pso,Tplus10per
0.0,0.18122495809378236,-0.18122495809378236,gen=39_member=1465_pso,Tplus10per
0.0,0.2366125668776613,-0.2366125668776613,gen=39_member=1474_pso,Tplus10per
0.0,0.18921738288396206,-0.18921738288396206,gen=40_member=1489_pso,Tplus10per
0.0,0.24170324365679008,-0.24170324365679008,gen=40_member=1496_pso,Tplus10per
0.0,0.24611491665527385,-0.24611491665527385,gen=40_member=1507_pso,Tplus10per
0.0,0.17751679370172413,-0.17751679370172457,gen=41_member=1520_pso,Tplus10per
0.0,0.1965504549019772,-0.19655045490197676,gen=41_member=1526_pso,Tplus10per
0.0,0.18701012540732664,-0.1870101254073262,gen=41_member=1534_pso,Tplus10per
0.0,0.23491941399733385,-0.23491941399733385,gen=41_member=1550_pso,Tplus10per
0.0,0.2340475948851255,-0.2340475948851255,gen=41_member=1553_pso,Tplus10per
0.0,0.24692950661296464,-0.24692950661296464,gen=42_member=1564_pso,Tplus10per
0.0,0.24882746960807278,-0.24882746960807278,gen=42_member=1565_pso,Tplus10per
0.0,0.22160686643943617,-0.22160686643943617,gen=42_member=1570_pso,Tplus10per
0.0,0.20452686374663687,-0.20452686374663642,gen=42_member=1575_pso,Tplus10per
0.0,0.18962533190905217,-0.18962533190905173,gen=42_member=1590_pso,Tplus10per
0.0,0.21106679390976701,-0.21106679390976701,gen=42_member=1595_pso,Tplus10per
0.0,0.22014842823441994,-0.22014842823442038,gen=43_member=1604_pso,Tplus10per
0.0,0.19231829071743256,-0.19231829071743256,gen=43_member=1607_pso,Tplus10per
0.0,0.20327129095959506,-0.20327129095959506,gen=43_member=1609_pso,Tplus10per
0.0,0.21376077740674138,-0.21376077740674138,gen=43_member=1614_pso,Tplus10per
0.0,0.2412921941930728,-0.2412921941930728,gen=43_member=1618_pso,Tplus10per
0.0,0.2541728175680129,-0.2541728175680129,gen=43_member=1628_pso,Tplus10per
0.0,0.1863045137814714,-0.1863045137814714,gen=43_member=1630_pso,Tplus10per
0.0,0.2559800938072003,-0.2559800938072003,gen=44_member=1641_pso,Tplus10per
0.0,0.2409081318959405,-0.2409081318959405,gen=44_member=1646_pso,Tplus10per
0.0,0.22828578750538586,-0.22828578750538586,gen=44_member=1653_pso,Tplus10per
0.0,0.2154084622545347,-0.21540846225453425,gen=44_member=1661_pso,Tplus10per
0.0,0.23657189827262837,-0.23657189827262837,gen=44_member=1663_pso,Tplus10per
0.0,0.23881919024028164,-0.23881919024028164,gen=44_member=1670_pso,Tplus10per
0.0,0.24418584219359563,-0.24418584219359563,gen=45_member=1687_pso,Tplus10per
0.0,0.2230088627906457,-0.22300886279064525,gen=45_member=1692_pso,Tplus10per
0.0,0.23539160542370485,-0.23539160542370485,gen=45_member=1695_pso,Tplus10per
0.0,0.2311291905470192,-0.2311291905470192,gen=45_member=1698_pso,Tplus10per
0.0,0.21065964972336548,-0.21065964972336548,gen=46_member=1716_pso,Tplus10per
0.0,0.2505552598747256,-0.2505552598747256,gen=46_member=1728_pso,Tplus10per
0.0,0.24694364356585652,-0.24694364356585652,gen=46_member=1734_pso,Tplus10per
0.0,0.24948955138950346,-0.24948955138950346,gen=46_member=1738_pso,Tplus10per
0.0,0.22401394702159516,-0.2240139470215956,gen=46_member=1746_pso,Tplus10per
0.0,0.2331122128219585,-0.2331122128219585,gen=47_member=1757_pso,Tplus10per
0.0,0.2260816310058411,-0.2260816310058411,gen=47_member=1759_pso,Tplus10per
0.0,0.21892265577314962,-0.21892265577314962,gen=47_member=1765_pso,Tplus10per
0.0,0.19034233832319325,-0.1903423383231928,gen=47_member=1772_pso,Tplus10per
0.0,0.17737142721733923,-0.17737142721733878,gen=48_member=1793_pso,Tplus10per
0.0,0.2127366725678712,-0.2127366725678712,gen=48_member=1796_pso,Tplus10per
0.0,0.2499931641763693,-0.2499931641763693,gen=48_member=1815_pso,Tplus10per
0.0,0.23096869281450072,-0.23096869281450072,gen=48_member=1819_pso,Tplus10per
0.0,0.2083190647455626,-0.20831906474556217,gen=48_member=1821_pso,Tplus10per
0.0,0.17623754356461152,-0.17623754356461152,gen=49_member=1825_pso,Tplus10per
0.0,0.24885116784608563,-0.24885116784608563,gen=49_member=1830_pso,Tplus10per
0.0,0.2404771242186312,-0.2404771242186312,gen=49_member=1833_pso,Tplus10per
0.0,0.1965873092583612,-0.1965873092583612,gen=49_member=1842_pso,Tplus10per
0.0,0.20613231218429817,-0.20613231218429817,gen=49_member=1852_pso,Tplus10per
0.0,0.2207736619852927,-0.2207736619852927,gen=50_member=1866_pso,Tplus10per
0.0,0.24728638076846465,-0.24728638076846465,gen=50_member=1871_pso,Tplus10per
0.0,0.24211130339278775,-0.24211130339278775,gen=50_member=1880_pso,Tplus10per
0.0,0.24560765017793518,-0.24560765017793518,gen=7_member=253_pso,Tplus10per
0.0,0.2530449055471582,-0.2530449055471582,gen=7_member=260_pso,Tplus10per
0.0,0.2511632923441063,-0.2511632923441063,gen=9_member=318_pso,Tplus10per
0.0,-0.27643768659313306,0.27643768659313306,0,Tmin10per
0.0,-0.2841965938391331,0.2841965938391331,10,Tmin10per
0.0,-0.2833025318871716,0.2833025318871716,12,Tmin10per
0.0,-0.2732688201722864,0.2732688201722864,20,Tmin10per
0.0,-0.2764936105916327,0.2764936105916327,28,Tmin10per
0.0,-0.2746712505900293,0.2746712505900293,30,Tmin10per
0.0,-0.27988965609464067,0.27988965609464067,36,Tmin10per
0.0,-0.28355627570034336,0.28355627570034336,8,Tmin10per
0.0,-0.25830425288745307,0.25830425288745307,gen=10_member=348_pso,Tmin10per
0.0,-0.25613035452750665,0.25613035452750665,gen=11_member=402_pso,Tmin10per
0.0,-0.2531546117809498,0.2531546117809498,gen=11_member=412_pso,Tmin10per
0.0,-0.19190477853956667,0.1919047785395671,gen=12_member=420_pso,Tmin10per
0.0,-0.25884749756736625,0.25884749756736625,gen=12_member=452_pso,Tmin10per
0.0,-0.2646474642419676,0.2646474642419676,gen=12_member=454_pso,Tmin10per
0.0,-0.2457580124575296,0.2457580124575296,gen=13_member=469_pso,Tmin10per
0.0,-0.19026549093379552,0.19026549093379508,gen=15_member=533_pso,Tmin10per
0.0,-0.22233295081037063,0.22233295081037063,gen=16_member=590_pso,Tmin10per
0.0,-0.21034678537125373,0.21034678537125373,gen=16_member=602_pso,Tmin10per
0.0,-0.24946786459786852,0.24946786459786807,gen=16_member=606_pso,Tmin10per
0.0,-0.2071574935658811,0.2071574935658811,gen=17_member=633_pso,Tmin10per
0.0,-0.2135545522990574,0.2135545522990574,gen=17_member=644_pso,Tmin10per
0.0,-0.25698456254565105,0.25698456254565105,gen=18_member=662_pso,Tmin10per
0.0,-0.2158705706129176,0.2158705706129176,gen=18_member=675_pso,Tmin10per
0.0,-0.2536734257003488,0.2536734257003488,gen=18_member=676_pso,Tmin10per
0.0,-0.26422579088719633,0.26422579088719633,gen=18_member=683_pso,Tmin10per
0.0,-0.21852560533813348,0.21852560533813392,gen=19_member=704_pso,Tmin10per
0.0,-0.24807224254729876,0.24807224254729832,gen=19_member=712_pso,Tmin10per
0.0,-0.18983134439444438,0.1898313443944435,gen=19_member=718_pso,Tmin10per
0.0,-0.25073047842838125,0.25073047842838125,gen=20_member=729_pso,Tmin10per
0.0,-0.2531086505350242,0.2531086505350242,gen=20_member=738_pso,Tmin10per
0.0,-0.19335084675725067,0.19335084675724978,gen=21_member=768_pso,Tmin10per
0.0,-0.254710708650733,0.254710708650733,gen=21_member=780_pso,Tmin10per
0.0,-0.22992405254569626,0.22992405254569626,gen=21_member=789_pso,Tmin10per
0.0,-0.2186954802355654,0.2186954802355654,gen=22_member=800_pso,Tmin10per
0.0,-0.25251178859417767,0.25251178859417767,gen=22_member=807_pso,Tmin10per
0.0,-0.25933448725686503,0.25933448725686503,gen=22_member=817_pso,Tmin10per
0.0,-0.2402241859682266,0.24022418596822614,gen=22_member=819_pso,Tmin10per
0.0,-0.2092312789519335,0.2092312789519326,gen=22_member=820_pso,Tmin10per
0.0,-0.24909515401667726,0.24909515401667726,gen=23_member=838_pso,Tmin10per
0.0,-0.22018396651781513,0.22018396651781558,gen=23_member=839_pso,Tmin10per
0.0,-0.2612720678034144,0.2612720678034144,gen=23_member=843_pso,Tmin10per
0.0,-0.22142024775977553,0.22142024775977553,gen=23_member=858_pso,Tmin10per
0.0,-0.22854706108642997,0.22854706108642908,gen=24_member=876_pso,Tmin10per
0.0,-0.24663241772677136,0.24663241772677136,gen=24_member=882_pso,Tmin10per
0.0,-0.22447274517467708,0.22447274517467797,gen=24_member=887_pso,Tmin10per
0.0,-0.21435391751797672,0.21435391751797628,gen=24_member=905_pso,Tmin10per
0.0,-0.22707776545043012,0.22707776545043057,gen=25_member=924_pso,Tmin10per
0.0,-0.25119200671091324,0.25119200671091324,gen=25_member=939_pso,Tmin10per
0.0,-0.203963774465576,0.203963774465576,gen=25_member=940_pso,Tmin10per
0.0,-0.22107513759455877,0.22107513759455877,gen=25_member=941_pso,Tmin10per
0.0,-0.27127238316201474,0.27127238316201474,gen=26_member=959_pso,Tmin10per
0.0,-0.26546713868733374,0.26546713868733374,gen=26_member=962_pso,Tmin10per
0.0,-0.20809596656074403,0.20809596656074447,gen=27_member=1007_pso,Tmin10per
0.0,-0.23912344936040864,0.23912344936040864,gen=27_member=1010_pso,Tmin10per
0.0,-0.2506841929898487,0.2506841929898487,gen=27_member=1018_pso,Tmin10per
0.0,-0.26968463428987466,0.26968463428987466,gen=27_member=1020_pso,Tmin10per
0.0,-0.2412414616041545,0.2412414616041545,gen=27_member=993_pso,Tmin10per
0.0,-0.2456067519761782,0.24560675197617776,gen=27_member=996_pso,Tmin10per
0.0,-0.27513695604949984,0.27513695604949984,gen=28_member=1030_pso,Tmin10per
0.0,-0.2565564160613407,0.2565564160613407,gen=28_member=1037_pso,Tmin10per
0.0,-0.2119340204783957,0.21193402047839616,gen=28_member=1045_pso,Tmin10per
0.0,-0.20198604903232376,0.20198604903232376,gen=28_member=1048_pso,Tmin10per
0.0,-0.24741390712033118,0.24741390712033162,gen=28_member=1060_pso,Tmin10per
0.0,-0.19471261294676934,0.19471261294676978,gen=28_member=1062_pso,Tmin10per
0.0,-0.260106982486465,0.260106982486465,gen=29_member=1067_pso,Tmin10per
0.0,-0.2462305316744806,0.24623053167448017,gen=29_member=1069_pso,Tmin10per
0.0,-0.21323112350479212,0.21323112350479168,gen=29_member=1071_pso,Tmin10per
0.0,-0.18812860918133723,0.18812860918133723,gen=29_member=1091_pso,Tmin10per
0.0,-0.22838869737845657,0.22838869737845613,gen=29_member=1095_pso,Tmin10per
0.0,-0.22304709851355176,0.2230470985135513,gen=30_member=1106_pso,Tmin10per
0.0,-0.2434123443473779,0.24341234434737835,gen=30_member=1109_pso,Tmin10per
0.0,-0.24895466083672613,0.24895466083672613,gen=30_member=1110_pso,Tmin10per
0.0,-0.21556360792509022,0.21556360792509022,gen=30_member=1117_pso,Tmin10per
0.0,-0.26296360281065034,0.26296360281065034,gen=30_member=1124_pso,Tmin10per
0.0,-0.2572439357621894,0.2572439357621894,gen=30_member=1130_pso,Tmin10per
0.0,-0.19055716031698378,0.1905571603169829,gen=31_member=1143_pso,Tmin10per
0.0,-0.24283879269229836,0.24283879269229836,gen=31_member=1151_pso,Tmin10per
0.0,-0.264641184840019,0.264641184840019,gen=31_member=1153_pso,Tmin10per
0.0,-0.24453114471260617,0.24453114471260662,gen=31_member=1158_pso,Tmin10per
0.0,-0.23813449389613384,0.23813449389613428,gen=31_member=1160_pso,Tmin10per
0.0,-0.2696078055336333,0.2696078055336333,gen=31_member=1161_pso,Tmin10per
0.0,-0.23201903371778743,0.23201903371778698,gen=31_member=1164_pso,Tmin10per
0.0,-0.2299466586363259,0.2299466586363259,gen=31_member=1169_pso,Tmin10per
0.0,-0.21425492764287313,0.21425492764287313,gen=31_member=1170_pso,Tmin10per
0.0,-0.2394107755274253,0.23941077552742573,gen=31_member=1176_pso,Tmin10per
0.0,-0.19680940440400985,0.19680940440401073,gen=32_member=1182_pso,Tmin10per
0.0,-0.24755109795463515,0.24755109795463515,gen=32_member=1192_pso,Tmin10per
0.0,-0.2443449030149072,0.2443449030149072,gen=32_member=1204_pso,Tmin10per
0.0,-0.2674676799359901,0.2674676799359901,gen=32_member=1207_pso,Tmin10per
0.0,-0.2184541804206317,0.2184541804206317,gen=32_member=1210_pso,Tmin10per
0.0,-0.24168460893190513,0.24168460893190513,gen=32_member=1213_pso,Tmin10per
0.0,-0.19373728368561638,0.19373728368561682,gen=33_member=1225_pso,Tmin10per
0.0,-0.2373160936934906,0.23731609369349105,gen=33_member=1226_pso,Tmin10per
0.0,-0.24945906275968754,0.249459062759688,gen=33_member=1227_pso,Tmin10per
0.0,-0.25918027394476617,0.25918027394476617,gen=33_member=1241_pso,Tmin10per
0.0,-0.26273120314603915,0.26273120314603915,gen=33_member=1244_pso,Tmin10per
0.0,-0.20626061372950133,0.20626061372950133,gen=34_member=1258_pso,Tmin10per
0.0,-0.21622890336079204,0.21622890336079248,gen=34_member=1266_pso,Tmin10per
0.0,-0.22540958473218975,0.22540958473218886,gen=34_member=1267_pso,Tmin10per
0.0,-0.22275796008955018,0.22275796008955062,gen=34_member=1281_pso,Tmin10per
0.0,-0.2464459431674304,0.24644594316742996,gen=34_member=1286_pso,Tmin10per
0.0,-0.23670620762533856,0.236706207625339,gen=35_member=1300_pso,Tmin10per
0.0,-0.20158235429008586,0.2015823542900863,gen=35_member=1311_pso,Tmin10per
0.0,-0.2614168478286629,0.2614168478286629,gen=35_member=1312_pso,Tmin10per
0.0,-0.20607440376746933,0.20607440376746844,gen=35_member=1321_pso,Tmin10per
0.0,-0.2350177810102254,0.2350177810102254,gen=35_member=1329_pso,Tmin10per
0.0,-0.22269869836983247,0.22269869836983247,gen=36_member=1334_pso,Tmin10per
0.0,-0.27153414243929586,0.27153414243929586,gen=36_member=1342_pso,Tmin10per
0.0,-0.24302779812612263,0.24302779812612307,gen=36_member=1364_pso,Tmin10per
0.0,-0.1886239216022334,0.1886239216022334,gen=37_member=1368_pso,Tmin10per
0.0,-0.2688794809912656,0.2688794809912656,gen=37_member=1378_pso,Tmin10per
0.0,-0.20486073228499446,0.20486073228499446,gen=37_member=1384_pso,Tmin10per
0.0,-0.22120329407277994,0.2212032940727804,gen=37_member=1392_pso,Tmin10per
0.0,-0.25322785411647253,0.25322785411647253,gen=37_member=1396_pso,Tmin10per
0.0,-0.24880578373224482,0.24880578373224527,gen=37_member=1398_pso,Tmin10per
0.0,-0.18687006515816318,0.1868700651581623,gen=38_member=1427_pso,Tmin10per
0.0,-0.2717093690705177,0.2717093690705177,gen=38_member=1428_pso,Tmin10per
0.0,-0.21241575559124737,0.21241575559124648,gen=38_member=1432_pso,Tmin10per
0.0,-0.22692804726114923,0.2269280472611488,gen=38_member=1440_pso,Tmin10per
0.0,-0.24784069553200583,0.24784069553200538,gen=38_member=1441_pso,Tmin10per
0.0,-0.2475214718599097,0.24752147185990925,gen=39_member=1460_pso,Tmin10per
0.0,-0.19000643510649962,0.19000643510649962,gen=39_member=1465_pso,Tmin10per
0.0,-0.2521459754028923,0.2521459754028923,gen=39_member=1474_pso,Tmin10per
0.0,-0.19852994786719824,0.1985299478671978,gen=40_member=1489_pso,Tmin10per
0.0,-0.25789894562026205,0.25789894562026205,gen=40_member=1496_pso,Tmin10per
0.0,-0.262849841227653,0.262849841227653,gen=40_member=1507_pso,Tmin10per
0.0,-0.1860765892616958,0.18607658926169535,gen=41_member=1520_pso,Tmin10per
0.0,-0.20693523808616376,0.20693523808616376,gen=41_member=1526_pso,Tmin10per
0.0,-0.19623102556293848,0.19623102556293937,gen=41_member=1534_pso,Tmin10per
0.0,-0.25025549599834385,0.25025549599834385,gen=41_member=1550_pso,Tmin10per
0.0,-0.24922477972043477,0.24922477972043477,gen=41_member=1553_pso,Tmin10per
0.0,-0.26377324377860045,0.26377324377860045,gen=42_member=1564_pso,Tmin10per
0.0,-0.2659038918657135,0.2659038918657135,gen=42_member=1565_pso,Tmin10per
0.0,-0.23510242362307654,0.23510242362307654,gen=42_member=1570_pso,Tmin10per
0.0,-0.21588252382891326,0.21588252382891326,gen=42_member=1575_pso,Tmin10per
0.0,-0.19892692007598045,0.1989269200759809,gen=42_member=1590_pso,Tmin10per
0.0,-0.22329749191214576,0.2232974919121462,gen=42_member=1595_pso,Tmin10per
0.0,-0.23349234120661766,0.23349234120661677,gen=43_member=1604_pso,Tmin10per
0.0,-0.20204480097454747,0.20204480097454702,gen=43_member=1607_pso,Tmin10per
0.0,-0.21440932568457427,0.21440932568457427,gen=43_member=1609_pso,Tmin10per
0.0,-0.22630489375668583,0.22630489375668628,gen=43_member=1614_pso,Tmin10per
0.0,-0.2574515503833368,0.2574515503833368,gen=43_member=1618_pso,Tmin10per
0.0,-0.2719721976158276,0.2719721976158276,gen=43_member=1628_pso,Tmin10per
0.0,-0.19583059525091429,0.19583059525091429,gen=43_member=1630_pso,Tmin10per
0.0,-0.27395334569056295,0.27395334569056295,gen=44_member=1641_pso,Tmin10per
0.0,-0.2569884884214293,0.2569884884214293,gen=44_member=1646_pso,Tmin10per
0.0,-0.24262743105430484,0.24262743105430484,gen=44_member=1653_pso,Tmin10per
0.0,-0.22816100225619396,0.2281610022561944,gen=44_member=1661_pso,Tmin10per
0.0,-0.2520709981646183,0.2520709981646183,gen=44_member=1663_pso,Tmin10per
0.0,-0.254684485724634,0.254684485724634,gen=44_member=1670_pso,Tmin10per
0.0,-0.26067963747342837,0.26067963747342837,gen=45_member=1687_pso,Tmin10per
0.0,-0.23664812129650503,0.23664812129650592,gen=45_member=1692_pso,Tmin10per
0.0,-0.25074775637444446,0.25074775637444446,gen=45_member=1695_pso,Tmin10per
0.0,-0.2459546836973514,0.2459546836973514,gen=45_member=1698_pso,Tmin10per
0.0,-0.22286310627617523,0.22286310627617567,gen=46_member=1716_pso,Tmin10per
0.0,-0.2678499748484757,0.2678499748484757,gen=46_member=1728_pso,Tmin10per
0.0,-0.26379019978581475,0.26379019978581475,gen=46_member=1734_pso,Tmin10per
0.0,-0.26665321599877156,0.26665321599877156,gen=46_member=1738_pso,Tmin10per
0.0,-0.23786196729063835,0.23786196729063747,gen=46_member=1746_pso,Tmin10per
0.0,-0.24817751596875182,0.24817751596875137,gen=47_member=1757_pso,Tmin10per
0.0,-0.24016280185034988,0.24016280185035033,gen=47_member=1759_pso,Tmin10per
0.0,-0.23210678607790092,0.23210678607790136,gen=47_member=1765_pso,Tmin10per
0.0,-0.1998627955418213,0.19986279554182218,gen=47_member=1772_pso,Tmin10per
0.0,-0.18592886723812052,0.18592886723812097,gen=48_member=1793_pso,Tmin10per
0.0,-0.2251808680097116,0.22518086800971115,gen=48_member=1796_pso,Tmin10per
0.0,-0.26721535906326377,0.26721535906326377,gen=48_member=1815_pso,Tmin10per
0.0,-0.24568997105758372,0.24568997105758328,gen=48_member=1819_pso,Tmin10per
0.0,-0.22015957883893522,0.22015957883893567,gen=48_member=1821_pso,Tmin10per
0.0,-0.18472455235149443,0.18472455235149443,gen=49_member=1825_pso,Tmin10per
0.0,-0.265969563809886,0.265969563809886,gen=49_member=1830_pso,Tmin10per
0.0,-0.2564751561212999,0.2564751561212999,gen=49_member=1833_pso,Tmin10per
0.0,-0.20712137935358266,0.2071213793535831,gen=49_member=1842_pso,Tmin10per
0.0,-0.21764839858270912,0.21764839858270868,gen=49_member=1852_pso,Tmin10per
0.0,-0.2341895963214693,0.2341895963214693,gen=50_member=1866_pso,Tmin10per
0.0,-0.26412173622359525,0.26412173622359525,gen=50_member=1871_pso,Tmin10per
0.0,-0.25831781113783947,0.25831781113783947,gen=50_member=1880_pso,Tmin10per
0.0,-0.2622900125711167,0.2622900125711167,gen=7_member=253_pso,Tmin10per
0.0,-0.2706266833191808,0.2706266833191808,gen=7_member=260_pso,Tmin10per
0.0,-0.26857204565983306,0.26857204565983306,gen=9_member=318_pso,Tmin10per
