member,generation,raw_total_pumping_cfs,effective_total_pumping_cfs,baseline_T_streamflow_cfs,baseline_T_depletion_cfs,expected_streamflow_cfs,expected_depletion_cfs,expected_streamflow_bias_from_baseline_cfs,expected_depletion_bias_from_baseline_cfs,streamflow_std_cfs,depletion_std_cfs,streamflow_p05_cfs,streamflow_p50_cfs,streamflow_p95_cfs,depletion_p05_cfs,depletion_p50_cfs,depletion_p95_cfs,probability_weighted_streamflow_error_cfs,probability_weighted_absolute_streamflow_error_cfs,probability_weighted_streamflow_shortfall_cfs,probability_streamflow_lower_than_baseline,probability_streamflow_below_threshold,max_absolute_streamflow_error_cfs,max_streamflow_shortfall_below_baseline_cfs,min_streamflow_cfs,max_streamflow_cfs,min_depletion_cfs,max_depletion_cfs
gen=47_member=5907_pso,50.0,94.52947087594241,92.98903145662663,7.175175217098269,1.4248247829017298,7.1770776967810646,1.4229223032189358,0.0019024796827951107,-0.0019024796827940005,0.08230950466532273,0.08230950466532275,7.024438489192472,7.157480316007172,7.301003040446997,1.2600576990665528,1.4067569930549326,1.5421986120318592,-0.001902479682794677,0.06611524890822092,0.03210638461271312,0.41801639616164893,,0.18885675553469472,0.17088152766331,7.0042936894349594,7.364031972632964,1.2359680273670353,1.59570631056504
gen=49_member=6144_pso,50.0,93.87032135886894,93.14157028132627,7.161524586390402,1.4384754136095979,7.163473432564117,1.4365265674358825,0.0019488461737147134,-0.0019488461737153795,0.08295267728516437,0.08295267728516427,7.0097221623250086,7.1436973324438835,7.2884039752757435,1.2722978141510952,1.420265563921787,1.5566958065040226,-0.0019488461737153743,0.06662923888892819,0.03234019635760641,0.41801639616164893,,0.19049527214763362,0.17207525839985838,6.989449327990544,7.352019858538036,1.2479801414619636,1.6105506720094562
gen=44_member=5567_pso,50.0,95.7796865465025,93.72999863771516,7.160450329023228,1.4395496709767714,7.162399008273508,1.437600991726492,0.001948679250279639,-0.001948679250279417,0.08404890990464026,0.08404890990464031,7.0065581950099345,7.142376803948348,7.288950285768894,1.2712936150176488,1.42109623645726,1.5593887913006999,-0.001948679250279568,0.06751513781945206,0.032783229284586254,0.41801639616164893,,0.19284857118116694,0.1744568909710429,6.985993438052185,7.353298900204395,1.2467010997956045,1.6140065619478146
gen=39_member=4901_pso,50.0,95.88550708593822,94.20507927130309,7.136506989630247,1.4634930103697525,7.138553448980975,1.4614465510190247,0.0020464593507281137,-0.0020464593507278916,0.08567510324850053,0.08567510324850044,6.979860361307492,7.118087202667645,7.2676230928357395,1.2917605073453529,1.444676702358612,1.5855098671732997,-0.0020464593507278934,0.06882010609745291,0.03338682337336251,0.41801639616164893,,0.1968668676885752,0.17755064357580164,6.958956346054445,7.333373857318822,1.2666261426811776,1.6410436539455546
gen=50_member=6307_pso,50.0,97.48088883739008,94.41283992446174,7.12886577549956,1.4711342245004395,7.130802572751978,1.469197427248022,0.0019367972524184651,-0.001936797252417577,0.08510960771238302,0.08510960771238303,6.972933149549955,7.110564660880177,7.258919160315482,1.300832044891045,1.4524606094040864,1.5925632979163669,-0.001936797252417904,0.06836419177189443,0.03321369725973826,0.41801639616164893,,0.19520190007708482,0.1767655661408476,6.952100209358712,7.324067675576645,1.275932324423355,1.6478997906412876
gen=36_member=4573_pso,50.0,95.34454684297248,94.42085314682879,7.132963773695647,1.4670362263043522,7.135020776743626,1.464979223256373,0.0020570030479785117,-0.002057003047979178,0.08611804551845506,0.08611804551845505,6.975510003544604,7.114447600758762,7.2647579431565115,1.2944192320897647,1.4481218672535519,1.589682992443619,-0.0020570030479793097,0.06917668158590402,0.03355983926896236,0.41801639616164893,,0.19787824702205992,0.17846364056677633,6.954500133128871,7.330842020717707,1.269157979282293,1.6454998668711291
gen=37_member=4697_pso,50.0,95.6479327163654,94.70530117801378,7.129147524851472,1.470852475148528,7.13119965929929,1.4688003407007084,0.0020521344478181547,-0.002052134447819487,0.08695780529280298,0.08695780529280295,6.9700741677191385,7.110445000084969,7.262173475317275,1.2966560899553485,1.451753220444916,1.5947502092970514,-0.002052134447819264,0.06985451490428918,0.033901190228234956,0.41801639616164893,,0.19966593292209733,0.18030760974118643,6.948839915110286,7.3288134577735695,1.27118654222643,1.6511600848897137
gen=45_member=5725_pso,50.0,96.33107850210814,94.92444773110908,7.100423713310399,1.4995762866896,7.102396037036014,1.4976039629639863,0.001972323725614622,-0.001972323725613734,0.08614080342296358,0.08614080342296351,6.942698267999276,7.081895928003259,7.232094656599111,1.3270949864208137,1.4806856376046298,1.6224306028271454,-0.001972323725613858,0.06918943515691997,0.03360855571565306,0.41801639616164893,,0.19774009878855914,0.17877467450153528,6.921649038808864,7.2981638120989585,1.3018361879010414,1.6783509611911356
gen=49_member=6161_pso,50.0,96.12077302943432,95.02082706734132,7.09287822429908,1.507121775700919,7.094848809149028,1.5051511908509718,0.0019705848499471657,-0.0019705848499471657,0.08628234667151996,0.08628234667151997,6.934883938878297,7.074319552560845,7.224754329662778,1.3343665366918045,1.4881998475144482,1.630186349200202,-0.001970584849947256,0.06930346949426389,0.03366644232215832,0.41801639616164893,,0.19805833826278452,0.17907681185329416,6.913801412445786,7.290936562561865,1.3090634374381347,1.6861985875542136
gen=47_member=5893_pso,50.0,99.51097389730381,95.09080212042277,7.126740323182053,1.4732596768179467,7.128795684170932,1.471204315829069,0.002055360988878263,-0.002055360988877597,0.08757796375713596,0.08757796375713604,6.9664948160435145,7.107901436980432,7.260690764437441,1.2978705371065586,1.454023694651749,1.5980660805330267,-0.002055360988877303,0.07035449810462689,0.03414956855787479,0.41801639616164893,,0.20102076229454902,0.18163955644705077,6.945100766735003,7.327761085476602,1.2722389145233968,1.654899233264997
gen=47_member=6002_pso,50.0,97.00051719808124,95.10238539262453,7.089758722592024,1.5102412774079752,7.091722649461547,1.5082773505384537,0.0019639268695224033,-0.001963926869521515,0.08623774455137129,0.08623774455137119,6.931838841311041,7.071205483452697,7.221555845086172,1.3375848666741748,1.491329197703882,1.6332518894429773,-0.0019639268695217328,0.06926854432548725,0.03365230872798275,0.41801639616164893,,0.1979486625244844,0.17898862080294986,6.910770101789074,7.287707385116509,1.3122926148834912,1.689229898210925
gen=45_member=5633_pso,50.0,96.22967772665474,95.30103517422398,7.107120656330995,1.4928793436690044,7.1091495300142284,1.4908504699857725,0.0020288736832334564,-0.002028873683231902,0.08759087927466655,0.08759087927466662,6.946752110082919,7.088289108241268,7.241035447439044,1.3175220963799248,1.4736517253978025,1.617774809987502,-0.0020288736832322525,0.07035889410645872,0.034165010211613236,0.41801639616164893,,0.20099444821757562,0.18178218448735795,6.925338471843637,7.308115104548571,1.2918848954514293,1.6746615281563624
gen=38_member=4778_pso,50.0,96.28697086898289,95.73899656502617,7.067698462137324,1.532301537862676,7.069847760380489,1.5301522396195122,0.0021492982431645657,-0.0021492982431638996,0.08983395263348738,0.08983395263348747,6.9034673410496294,7.048393746775275,7.205189263835132,1.3522027010861812,1.512576013009586,1.660239328032277,-0.00214929824316346,0.07215747878785919,0.035004090272347875,0.41801639616164893,,0.20646775148909846,0.18613251630298944,6.881565945834335,7.2741662136264225,1.325833786373577,1.7184340541656649
gen=33_member=4144_pso,50.0,97.77897338467862,96.24435466052263,7.048896018284096,1.5511039817159038,7.051190261273288,1.5488097387267121,0.002294242989192341,-0.002294242989191675,0.09198370398300726,0.09198370398300731,6.881077422518406,7.029128674330931,7.1898778929699505,1.3663741341504216,1.5308932717678345,1.6818804418680477,-0.00229424298919187,0.07388507475984318,0.03579541588532566,0.41801639616164893,,0.21181430906840326,0.19016673291370534,6.858729285370391,7.260710327352499,1.3392896726475005,1.7412707146296094
gen=46_member=5800_pso,50.0,97.65505960065083,96.39936894667757,7.0609735356928,1.5390264643071996,7.063152794746938,1.5368472052530617,0.002179259054138072,-0.00217925905413785,0.09110733820296502,0.09110733820296488,6.894417226605863,7.041389209542419,7.200411894300871,1.35639458819389,1.519017540662582,1.6687762336154008,-0.002179259054137961,0.07318353535006371,0.035502138147962874,0.41801639616164893,,0.20935914883063145,0.1887704730718287,6.872203062620971,7.2703326845234315,1.3296673154765677,1.7277969373790285
gen=46_member=5849_pso,50.0,100.75129470860493,96.55375941776099,7.048678665676215,1.551321334323784,7.050857419224159,1.5491425807758405,0.0021787535479438347,-0.0021787535479433906,0.0906780031946478,0.09067800319464782,6.882962045491607,7.029194760242978,7.187489669803822,1.3694428561991792,1.531418292367066,1.6804313500468049,-0.0021787535479438633,0.07283098296620806,0.0353261147091321,0.41801639616164893,,0.20854182582137604,0.18780618991441145,6.860872475761804,7.257220491497591,1.3427795085024083,1.7391275242381956
gen=45_member=5683_pso,50.0,99.55477716486982,96.66013154313829,7.065920012928887,1.5340799870711133,7.068040008484836,1.5319599915151627,0.0021199955559492167,-0.002119995555950549,0.09043804622566594,0.090438046225666,6.900439235306801,7.046477178290316,7.204242638853246,1.3529372675924642,1.5142235636961026,1.6629761578783493,-0.002119995555950065,0.07264666127158861,0.03526333285781927,0.41801639616164893,,0.2076340887358885,0.187561233158827,6.87835877977006,7.273554101664775,1.326445898335225,1.7216412202299403
gen=36_member=4494_pso,50.0,98.48460680972522,96.85103265995991,7.018007183744514,1.5819928162554864,7.0202764598446645,1.5797235401553362,0.002269276100150819,-0.0022692761001501527,0.0923187939184373,0.09231879391843716,6.849472458994968,6.998178159974378,7.159440598163168,1.3966361941494712,1.561726301176357,1.713323714537425,-0.0022692761001499055,0.0741460172199051,0.03593837055987761,0.41801639616164893,,0.2125561157094653,0.19097650582124004,6.827030677923274,7.230563299453979,1.3694367005460204,1.7729693220767255
gen=45_member=5670_pso,50.0,98.45889126003648,97.16152504482936,7.029389200339656,1.5706107996603436,7.031661997789284,1.5683380022107152,0.002272797449627717,-0.002272797449628383,0.09333502599878793,0.093335025998788,6.858908142419075,7.009330035463968,7.1723242958540965,1.3833660961732426,1.5501092886002472,1.7034408118511046,-0.002272797449628337,0.07497152188041473,0.0363493622153932,0.41801639616164893,,0.2146680380813466,0.19320022638821577,6.83618897395144,7.244057238421003,1.3559427615789972,1.7638110260485595
gen=41_member=5136_pso,50.0,97.87988049441658,97.16210146826178,7.028807229190509,1.5711927708094908,7.031081903258942,1.5689180967410568,0.002274674068432958,-0.0022746740684340683,0.093321472033678,0.09332147203367794,6.858358329573196,7.008751623177481,7.171726345862194,1.3839660712990722,1.550694314232328,1.7039985590336486,-0.0022746740684339295,0.07496032412883867,0.036342825030202364,0.41801639616164893,,0.2146493180005331,0.19316269613387949,6.835644533056629,7.243456547191042,1.3565434528089575,1.76435546694337
gen=35_member=4383_pso,50.0,98.91353384100007,97.35903839517434,7.0094373258254175,1.5905626741745822,7.011696045458028,1.588303954541973,0.002258719632610706,-0.002258719632609152,0.09323232245255601,0.09323232245255604,6.8391266781942335,6.989406227240606,7.15220041834563,1.4034927423192927,1.5700975777481703,1.7232663215340027,-0.002258719632609283,0.07488229970291553,0.03631179003515313,0.41801639616164893,,0.2145020182483739,0.192997809456795,6.816439516368622,7.223939344073791,1.376060655926208,1.7835604836313774
gen=44_member=5578_pso,50.0,100.9755272472946,97.54597327332193,6.9868510546765945,1.613148945323405,6.989183301494362,1.610816698505638,0.002332246817767114,-0.002332246817766892,0.09419834158112457,0.0941983415811244,6.8149551300482925,6.966619824656712,7.131201768262469,1.4239499635488917,1.592469297761998,1.7471136329347674,-0.0023322468177669016,0.07565485469436996,0.036661303938301526,0.41801639616164893,,0.21697491689677495,0.19477259869707275,6.792078455979522,7.2038259715733695,1.3961740284266306,1.807921544020478
gen=40_member=5082_pso,50.0,100.5597504330896,97.74289426286462,6.959027768521216,1.6409722314787833,6.961351210344718,1.6386487896552824,0.0023234418235018595,-0.0023234418235009713,0.09433766505896744,0.09433766505896742,6.786910162494227,6.93875538998463,7.103583017337918,1.451440832231742,1.6202734174039573,1.775137947988692,-0.0023234418235009895,0.07576486654824145,0.03672071236237023,0.41801639616164893,,0.21740076613595516,0.19500252903746418,6.764025239483752,7.1764285346571715,1.4235714653428282,1.835974760516248
gen=46_member=5865_pso,50.0,99.34269837540397,97.8101484614914,6.9765308619299695,1.6234691380700301,6.978908329855234,1.621091670144765,0.002377467925264831,-0.0023774679252650532,0.0958987274218755,0.09589872742187534,6.801528049687754,6.955932386535256,7.123486661235429,1.4308841221459903,1.602408715513967,1.75985242236563,-0.0023774679252650333,0.0770238977131836,0.037323214893959296,0.41801639616164893,,0.2208395585928109,0.19829881288293816,6.778232049047031,7.19737042052278,1.4026295794772192,1.8217679509529685
gen=38_member=4768_pso,50.0,99.4337445899463,97.90858493273069,6.975305559697296,1.6246944403027037,6.9776516460045785,1.6223483539954202,0.002346086307282391,-0.0023460863072835014,0.09489423880284205,0.09489423880284219,6.802151058143374,6.9549217427617975,7.120721888653006,1.4340788151161812,1.6038667213595517,1.7596504118040128,-0.002346086307283295,0.07621267640276007,0.03693329504773839,0.41801639616164893,,0.21861305499068173,0.19619199047412206,6.779113569223174,7.193918614687978,1.4060813853120218,1.820886430776826
gen=47_member=5999_pso,50.0,100.64403481361417,98.01395825622748,6.968811206247846,1.631188793752154,6.97117362131953,1.628826378680469,0.0023624150716843317,-0.002362415071684998,0.09518660204541614,0.0951866020454161,6.795160313668975,6.948365088234746,7.1146965106157225,1.4399447376977268,1.6102973190066552,1.7665379317894798,-0.002362415071684617,0.07644665333778586,0.03704211913305061,0.41801639616164893,,0.21934287579325407,0.19675056001472235,6.772060646233124,7.1881540820411,1.4118459179588991,1.8279393537668762
gen=39_member=4904_pso,50.0,100.67469989672378,98.31130961541429,6.947925291470112,1.6520747085298877,6.950354804025546,1.6496451959744542,0.002429512555433888,-0.002429512555433444,0.09614814570883264,0.09614814570883265,6.7726800691615034,6.927278289819181,7.095379367781667,1.4587298150570793,1.6309707735275751,1.788689982586389,-0.0024295125554336964,0.07721594812618769,0.037393217785377,0.41801639616164893,,0.22178082967517554,0.19854080305685962,6.749384488413252,7.169706121145287,1.4302938788547124,1.850615511586747
gen=44_member=5537_pso,50.0,100.63717773873304,98.65700758717853,6.924414477278655,1.675585522721344,6.926787839481231,1.6732121605187682,0.0023733622025758905,-0.0023733622025758905,0.09733467084427093,0.09733467084427087,6.746741061383883,6.903492852452131,7.073509258891731,1.480172132109947,1.654224621673087,1.814072650279807,-0.002373362202576194,0.07817797089978533,0.03790230434860456,0.41801639616164893,,0.22409891362091194,0.2013055730823501,6.723108904196305,7.148513390899567,1.4514866091004321,1.8768910958036944
gen=45_member=5693_pso,50.0,100.28955246444755,98.77147178738257,6.91440673029158,1.6855932697084197,6.916990747471191,1.683009252528808,0.002584017179611209,-0.002584017179611653,0.1002530342842134,0.10025303428421334,6.731811162501603,6.892879248567965,7.06824488874571,1.4839256429176968,1.6635639172638366,1.8279403073840559,-0.002584017179611711,0.08052015951148359,0.03896807116593594,0.41801639616164893,,0.2312954306854289,0.20686391509597435,6.707542815195605,7.145702160977009,1.4542978390229913,1.8924571848043945
gen=30_member=3743_pso,50.0,101.70001094966716,98.87435427861422,6.886411008643066,1.713588991356934,6.889053005050645,1.7109469949493545,0.002641996407579228,-0.00264199640757945,0.1006042885046682,0.10060428850466825,6.703360562783526,6.864823583165705,7.040900028597846,1.5109685860003774,1.6914910420401725,1.8563209688701825,-0.002641996407579619,0.08079183174815048,0.039074917670285425,0.41801639616164893,,0.23245447045104495,0.2073536579872819,6.679057350655784,7.118865479094111,1.4811345209058893,1.920942649344216
gen=45_member=5711_pso,50.0,100.17642906394414,98.88330928345108,6.922030430058356,1.677969569941643,6.924424571260334,1.6755754287396654,0.002394141201977895,-0.002394141201977673,0.09796425247273181,0.09796425247273188,6.743214194832117,6.900974843664221,7.072098298099981,1.4812921896658915,1.6564680472416884,1.8173465392838661,-0.002394141201977923,0.07868410622986872,0.038144982513945394,0.41801639616164893,,0.22554045581522253,0.2026022048298053,6.719428225228551,7.147570885873579,1.4524291141264212,1.8805717747714483
gen=50_member=6385_pso,50.0,100.2375818522005,98.91710248830104,6.898724244268569,1.7012757557314309,6.901000540926455,1.6989994590735442,0.002276296657886867,-0.002276296657886645,0.095249850967654,0.0952498509676541,6.724747492764745,6.878226105741138,7.04449634708103,1.5102758649217427,1.6803503281351952,1.8368997742641,-0.0022762966578870085,0.0765217477751231,0.03712272555861805,0.41801639616164893,,0.21901531877037694,0.19710144039250466,6.701622803876064,7.1177395630389455,1.4822604369610541,1.898377196123936
gen=42_member=5333_pso,50.0,101.40107764307871,99.02927744287139,6.893978709472,1.7060212905279992,6.896428191835886,1.7035718081641138,0.0024494823638860908,-0.0024494823638854246,0.097811434015844,0.09781143401584412,6.71569946457397,6.872959513610416,7.043943815341937,1.5093599599180865,1.6845519511651001,1.8450284419402905,-0.0024494823638859676,0.07855652721538856,0.0380535224257513,0.41801639616164893,,0.2256031018329967,0.20195117864125134,6.692027530830749,7.119581811304997,1.4804181886950034,1.9079724691692512
gen=47_member=5964_pso,50.0,101.01781352558181,99.7331389643857,6.858617841642401,1.7413821583575984,6.86118889802432,1.7388111019756796,0.0025710563819192345,-0.0025710563819187904,0.10165888163622962,0.10165888163622971,6.67336976442625,6.836780339391071,7.014531808032593,1.536959366673439,1.7190646187807395,1.8858169826165834,-0.00257105638191929,0.0816462983116329,0.0395376209648568,0.41801639616164893,,0.23447746194545616,0.2098551888521909,6.64876265279021,7.093095303587857,1.5069046964121422,1.95123734720979
gen=40_member=5041_pso,50.0,102.29118560995296,99.76343136219128,6.879761105089104,1.7202388949108955,6.882473561667665,1.7175264383323356,0.0027124565785614507,-0.0027124565785598964,0.102130645664714,0.10213064566471397,6.6940316431152,6.857842185759917,7.036653382689526,1.5144944579653001,1.6977924537172824,1.86506987302243,-0.002712456578559827,0.0820231489862586,0.03965534620384939,0.41801639616164893,,0.2360180234749727,0.2103785182826865,6.669382586806417,7.115779128564077,1.4842208714359226,1.9306174131935818
gen=50_member=6369_pso,50.0,100.98821742317558,99.82847117045175,6.867544223077314,1.7324557769226856,6.870262268332009,1.7297377316679907,0.0027180452546957667,-0.0027180452546948786,0.10219090710312648,0.10219090710312649,6.681723727013554,6.845619933372779,7.02454124982086,1.5265349849751497,1.7100035911042946,1.8773647445118848,-0.002718045254694995,0.08206594801138643,0.039673951378345715,0.41801639616164893,,0.23624658353659278,0.21047965381319678,6.657064569264117,7.103790806613906,1.496209193386093,1.9429354307358828
gen=39_member=4882_pso,50.0,102.04861038689992,99.8747179039148,6.868835712746872,1.7311642872531274,6.871411135391296,1.7285888646087033,0.002575422644423675,-0.002575422644424119,0.09999049352958483,0.09999049352958488,6.686816044583142,6.847362979286369,7.022296791665959,1.5298567938744214,1.7092176738091407,1.873111862410739,-0.0025754226444243775,0.08029901253091136,0.03886179494324349,0.41801639616164893,,0.23097252201199936,0.2061707174731815,6.6626649952736905,7.099808234758871,1.5001917652411287,1.9373350047263092
gen=45_member=5738_pso,50.0,101.44176925683179,100.08957248694635,6.830547587811943,1.7694524121880564,6.833157773133869,1.7668422268661312,0.0026101853219255844,-0.0026101853219251403,0.10212687548375375,0.10212687548375368,6.644597347962146,6.808606262754479,6.987246315795533,1.5639244152642373,1.7470338516397104,1.91447194855905,-0.00261018532192537,0.08202013305814031,0.03970497386810747,0.41801639616164893,,0.23579691929375457,0.2106187566982065,6.619928831113737,7.066344507105698,1.5336554928943016,1.980071168886263
gen=41_member=5219_pso,50.0,102.11167767092121,100.48885944280241,6.8343421785477325,1.765657821452267,6.837188380726753,1.7628116192732464,0.0028462021790200964,-0.0028462021790205405,0.10454106727484797,0.10454106727484795,6.644478796241127,6.811921448012663,6.995088130965584,1.5547784314297761,1.7426813016819185,1.9137507226882062,-0.0028462021790209525,0.08395156252250431,0.04055268017174168,0.41801639616164893,,0.24196165527394342,0.21503600034086912,6.619306178206863,7.076303833821676,1.523696166178324,1.980693821793136
gen=49_member=6159_pso,50.0,101.74785503091832,100.67367930629531,6.8226285366726,1.7773714633273998,6.825342292259214,1.7746577077407855,0.0027137555866145746,-0.0027137555866143526,0.10411409617610617,0.10411409617610626,6.63316895941454,6.800279022957134,6.982474242062088,1.5677424206225468,1.7545056192994413,1.925121956520622,-0.0027137555866148105,0.08361412451478192,0.04045018446408355,0.41801639616164893,,0.24048172119102418,0.21459681936140385,6.608031717311196,7.063110257863624,1.5368897421363756,1.9919682826888037
gen=45_member=5721_pso,50.0,102.66137190388338,101.16634606078696,6.800318432458673,1.7996815675413265,6.803280805725267,1.7967191942747318,0.002962373266593765,-0.0029623732665946534,0.10706399142272661,0.1070639914227265,6.6060484341663726,6.777354202600344,6.965045459139494,1.5835564621435294,1.7761425216471505,1.9512344189815127,-0.0029623732665947184,0.08597910950932575,0.041508368121365505,0.41801639616164893,,0.247995210639953,0.2200023850104058,6.580316047448267,7.048313643098626,1.5516863569013737,2.019683952551732
gen=49_member=6197_pso,50.0,103.38252010742895,101.62467203250553,6.767087995463632,1.8329120045363683,6.770163905937744,1.8298360940622564,0.0030759104741120424,-0.0030759104741118204,0.10928189385146579,0.10928189385146592,6.568986413190915,6.743650373919159,6.935339518173877,1.6121267002059858,1.808879359116391,1.9874835792937229,-0.0030759104741117406,0.08775942623895681,0.04234175788242254,0.41801639616164893,,0.25336560553773424,0.22432108778455628,6.542766907679075,7.020453601001366,1.5795463989986342,2.0572330923209243
gen=50_member=6392_pso,50.0,103.38209531073947,101.68467497343006,6.781277217458165,1.8187227825418355,6.784302978216758,1.815697021783242,0.0030257607585930657,-0.00302576075859351,0.10866720364211473,0.10866720364211467,6.584172857757793,6.757967246553479,6.948511719112758,1.5993006804204417,1.7948275083622778,1.9725000998793498,-0.003025760758593482,0.08726768177277594,0.04212096050709122,0.41801639616164893,,0.2517828735053014,0.22320539069398304,6.5580718267641815,7.033060090963466,1.566939909036534,2.041928173235818
gen=41_member=5141_pso,50.0,103.98262990240966,101.96251410763159,6.74215395267917,1.8578460473208291,6.745141523126936,1.8548584768730636,0.002987570447765542,-0.002987570447765542,0.10893737938920589,0.10893737938920595,6.54442832282619,6.718791391086227,6.909717548604387,1.6379809988925118,1.8339074618161975,2.0121096131351757,-0.002987570447765993,0.08748010719402641,0.04224626837313022,0.41801639616164893,,0.25229782612752416,0.22390326326264276,6.5182506894165275,6.994451778806694,1.6055482211933054,2.0817493105834726
gen=50_member=6378_pso,50.0,103.01387905851547,101.99905238085735,6.7543955984777,1.8456044015222999,6.757510243486648,1.842489756513352,0.0031146450089476474,-0.0031146450089478694,0.1098134847764134,0.10981348477641335,6.555411590341896,6.730850150208417,6.923516975119149,1.623650758998528,1.821454988469878,2.0008739653282945,-0.0031146450089475086,0.08818350406591507,0.04253442952848378,0.41801639616164893,,0.25472354640842454,0.2253099700039325,6.5290856284737675,7.0091191448861245,1.5908808551138756,2.0709143715262317
gen=50_member=6333_pso,50.0,103.37773224715643,102.20628686234474,6.732477962150708,1.867522037849292,6.735594458623308,1.8644055413766902,0.003116496472600261,-0.003116496472601815,0.10979538826453386,0.10979538826453394,6.533541916498085,6.708949828936756,6.90158240365311,1.6455274855053417,1.8433896328432424,2.02276228399917,-0.003116496472601449,0.0881596578456463,0.04252158068652244,0.41801639616164893,,0.2548133330141473,0.22524643745627237,6.507231524694435,6.987291295164855,1.612708704835144,2.092768475305564
gen=29_member=3643_pso,50.0,104.2103519446892,102.35342522480737,6.707143575449283,1.8928564245507165,6.710265211571533,1.8897347884284672,0.0031216361222501376,-0.0031216361222492495,0.11154343809724722,0.11154343809724723,6.504889138616712,6.683229050231849,6.878842818411624,1.6675407677268517,1.868334343451576,2.050675143489481,-0.003121636122249493,0.08957212046713772,0.04322524217244412,0.41801639616164893,,0.25856735770078565,0.22901605497081157,6.478127520478472,6.965710933150069,1.6342890668499308,2.1218724795215285
gen=44_member=5596_pso,50.0,103.21540709514603,102.5820707638887,6.693556892688298,1.9064431073117016,6.696620402654242,1.9033795973457583,0.003063509965944178,-0.0030635099659432896,0.11091745519546979,0.11091745519546982,6.492380468688791,6.669766607597133,6.8642326313677975,1.6824059066371904,1.8820821184872918,2.063436695140033,-0.0030635099659438543,0.08906455913956547,0.043000524586810814,0.41801639616164893,,0.2571441131192431,0.22777993190522405,6.4657769607830735,6.950701005807541,1.6492989941924592,2.134223039216926
gen=39_member=4906_pso,50.0,106.00551992707378,102.6470658946195,6.674995446226635,1.9250045537733647,6.678127218442453,1.921872781557546,0.0031317722158181738,-0.003131772215818618,0.11165365610038615,0.11165365610038612,6.472664530198811,6.65105455384029,6.846910549622568,1.6992799247923713,1.9004824105174352,2.082927368656163,-0.0031317722158185866,0.08965089542540244,0.04325956160479193,0.41801639616164893,,0.2591199008192753,0.22906918003230103,6.445926266194334,6.9341153470459105,1.6658846529540887,2.1540737338056655
gen=47_member=5902_pso,50.0,104.82619723989076,102.73306098283294,6.696482935204916,1.9035170647950834,6.699656661693321,1.9003433383066786,0.00317372648840486,-0.00317372648840486,0.11274894320444047,0.11274894320444041,6.492109715994295,6.6723086489799215,6.870075464197845,1.6757166111989148,1.878724829213056,2.0629964465352653,-0.0031737264884052997,0.09054189627889436,0.043684084895244536,0.41801639616164893,,0.26141890758112485,0.23141315898013293,6.465069776224783,6.957901842786041,1.642098157213959,2.134930223775217
gen=38_member=4784_pso,50.0,106.1827838891305,103.04783317258301,6.666414597870984,1.9335854021290155,6.669314457942998,1.9306855420570015,0.0028998600720138157,-0.0028998600720140377,0.11010462695687101,0.11010462695687094,6.466289375156569,6.64275670474858,6.835515703653818,1.7117468076372933,1.9093845582563151,2.0897440957360045,-0.002899860072013866,0.08843671955528154,0.042768429741633834,0.41801639616164893,,0.2545435903444808,0.22660258656453003,6.439812011306454,6.920958188215465,1.679041811784535,2.1601879886935453
gen=36_member=4525_pso,50.0,104.19322171008152,103.08180649590791,6.650960231293066,1.9490397687069334,6.653910927223866,1.9460890727761326,0.002950695930800329,-0.002950695930800773,0.11125504862754697,0.11125504862754702,6.448810146730062,6.627062028683057,6.821878153180349,1.7247966368790815,1.924588844148045,2.1067808955163336,-0.002950695930801042,0.0893569448509762,0.043203124460087575,0.41801639616164893,,0.25731369963248696,0.2288919374922953,6.422068293800771,6.908273930925553,1.6917260690744462,2.177931706199229
gen=50_member=6332_pso,50.0,104.88944693775548,103.52297256238982,6.630616777684313,1.9693832223156864,6.6339621512962905,1.966037848703709,0.003345373611977287,-0.003345373611977509,0.11562227260256526,0.11562227260256519,6.421375541070221,6.605846837085515,6.808836572770142,1.7353675034519014,1.9439664809337776,2.1327144205389943,-0.0033453736119777536,0.09283572892837437,0.04474517765819831,0.41801639616164893,,0.2686456726539497,0.23688050919995085,6.393736268484362,6.899262450338263,1.7007375496617372,2.2062637315156373
gen=46_member=5867_pso,50.0,105.21533215860791,103.53371204745807,6.621398329313642,1.9786016706863572,6.624425171861525,1.9755748281384757,0.0030268425478823247,-0.0030268425478814365,0.11256430748959667,0.11256430748959656,6.417032063580573,6.597220498890992,6.794412162613915,1.751560733930502,1.9538580853093643,2.1381021286591606,-0.003026842547881877,0.0904077155150242,0.04369043648357117,0.41801639616164893,,0.2605587399510716,0.23138207378052478,6.3900162555331175,6.881957069264714,1.718042930735286,2.209983744466882
gen=47_member=5958_pso,50.0,104.46886342205235,103.68786455809354,6.59734774647386,2.0026522535261395,6.600627963437609,1.9993720365623908,0.0032802169637493606,-0.0032802169637486944,0.11460384447142027,0.11460384447142026,6.389959710660446,6.572774551225267,6.77394766287452,1.7706557272307126,1.9774767652015317,2.164580941508879,-0.0032802169637487647,0.09201634736817962,0.04436806520221544,0.41801639616164893,,0.26640317315319706,0.23474325624298942,6.36260449023087,6.863750919627057,1.7362490803729431,2.2373955097691294
gen=39_member=4935_pso,50.0,106.3801681691645,103.94532287253078,6.578688224468146,2.0213117755318537,6.581987942654696,2.0180120573453015,0.0032997181865503933,-0.0032997181865521696,0.11593839037944352,0.11593839037944345,6.368817521067206,6.553826187024896,6.757305153065465,1.786701100935979,1.995843369263432,2.1851711892355943,-0.003299718186552094,0.09309034464118436,0.04489531322731612,0.41801639616164893,,0.2693807310589067,0.23756295045324727,6.341125274014899,6.848068955527053,1.7519310444729472,2.258874725985101
gen=37_member=4723_pso,50.0,106.8511723206405,104.51778202732396,6.565250283271652,2.034749716728347,6.568466027417711,2.031533972582289,0.003215744146058519,-0.003215744146058075,0.1167494657394242,0.11674946573942419,6.353549174837693,6.540189091068753,6.7448772372330446,1.7989621432701002,2.009091409841128,2.2000045616174355,-0.0032157441460585866,0.09375936360137235,0.04527180972765688,0.41801639616164893,,0.2706338466508411,0.2396598458078092,6.325590437463843,6.835884129922493,1.7641158700775061,2.2744095625361562
gen=47_member=5976_pso,50.0,107.22293932834354,104.56205629468799,6.509666480452936,2.0903335195470634,6.5129707852778225,2.087029214722177,0.003304304824886195,-0.003304304824886195,0.11575272860275491,0.11575272860275483,6.300193561093278,6.484826475080817,6.687982618273937,1.8562519386385623,2.064867753740631,2.253924160773282,-0.003304304824885991,0.0929660352378519,0.044830865206482946,0.41801639616164893,,0.2687159025684567,0.23707522756351285,6.272591252889423,6.778382383021393,1.8216176169786071,2.327408747110576
gen=38_member=4772_pso,50.0,105.96187333443666,104.91317880806483,6.530701134798303,2.069298865201697,6.534382038944108,2.0656179610558922,0.0036809041458054637,-0.0036809041458045755,0.12312539610289147,0.12312539610289133,6.308307163680878,6.504318678300151,6.7207316115859905,1.819750988760094,2.042205533586204,2.2429540222596334,-0.0036809041458049207,0.09886693972823746,0.047593017791216274,0.41801639616164893,,0.28649072787397767,0.251722886557908,6.278978248240395,6.8171918626722805,1.7828081373277194,2.321021751759605
gen=35_member=4446_pso,50.0,108.73697829937431,105.4367433639537,6.486594740790137,2.113405259209862,6.490084582329688,2.1099154176703117,0.0034898415395510085,-0.0034898415395505644,0.12184865840664577,0.1218486584066457,6.266110764775304,6.460464695099246,6.674366694392804,1.8668000824297164,2.0866324876921105,2.2855712382707147,-0.0034898415395511083,0.09783967420856168,0.04717491633450528,0.41801639616164893,,0.28312865938672616,0.24955697012124123,6.237037770668896,6.769723400176863,1.8302765998231363,2.362962229331104
gen=41_member=5185_pso,50.0,108.02841432727222,105.72719791278043,6.456366832581648,2.1436331674183515,6.459959069614356,2.1400409303856445,0.0035922370327075015,-0.0035922370327070574,0.12108261888282212,0.12108261888282203,6.237755442958515,6.430412567194756,6.643203327076303,1.8980421540775483,2.117010809450338,2.3144206603282247,-0.0035922370327068423,0.09721732097547638,0.046812541971384763,0.41801639616164893,,0.28211792953548454,0.247372030154958,6.20899480242669,6.738484762117133,1.861515237882867,2.3910051975733095
gen=41_member=5241_pso,50.0,107.3323158920554,105.80415205228012,6.463978531348902,2.136021468651098,6.4675668187963655,2.1324331812036346,0.003588287447463756,-0.003588287447463312,0.12168297261543627,0.12168297261543633,6.244186732683406,6.437896729517332,6.6517060010379065,1.8892950141712899,2.109275560217734,2.3077080028490484,-0.0035882874474630067,0.09769740686807195,0.047054559710304464,0.41801639616164893,,0.2833935275825299,0.24872549731172633,6.215253034037175,6.747372058931432,1.8526279410685678,2.3847469659628246
gen=49_member=6198_pso,50.0,108.17573092153894,105.98749701789104,6.4494549561429455,2.150545043857054,6.452967479392809,2.14703252060719,0.0035125232498636194,-0.0035125232498640635,0.12183849055106741,0.12183849055106745,6.2291150799129875,6.4233188805448,6.637236325657784,1.9038741142408884,2.123752786151697,2.322639749860421,-0.003512523249863995,0.09783881306662232,0.04716314490837917,0.41801639616164893,,0.2832495318918129,0.2493593331841435,6.200095622958802,6.732704488034758,1.8672955119652412,2.3999043770411976
gen=48_member=6130_pso,50.0,108.10197565175143,106.17257835942013,6.3899124981359625,2.210087501864037,6.39356094491719,2.20643905508281,0.0036484467812272214,-0.0036484467812272214,0.12127020649450053,0.12127020649450054,6.171143316536317,6.3639117700539405,6.577125698042114,1.9641263769023856,2.1833979494348017,2.381042621840887,-0.0036484467812272067,0.09738494202736228,0.04686824762306754,0.41801639616164893,,0.28249575225396306,0.2475112271040496,6.142401271031913,6.672408250389926,1.927591749610074,2.457598728968087
gen=29_member=3677_pso,50.0,107.49075901812276,106.21526603405167,6.390517615708084,2.209482384291916,6.394152425053442,2.205847574946558,0.003634809345358647,-0.003634809345358203,0.12379755983711174,0.1237975598371119,6.16687378006039,6.363965038968221,6.581436300825272,1.958657268934352,2.182246101908831,2.384200057863251,-0.0036348093453589005,0.09941514869193856,0.04789016967328984,0.41801639616164893,,0.28805580301810263,0.25306432757377895,6.137453288134305,6.678573418726186,1.9214265812738134,2.4625467118656954
gen=44_member=5555_pso,50.0,108.35905241245798,106.33391522597017,6.419872018663231,2.1801279813367684,6.423697154141992,2.176302845858008,0.00382513547876151,-0.0038251354787606218,0.12644845958475318,0.1264484595847533,6.19173458782433,6.392797458208092,6.615164884020046,1.9234454842051554,2.1523409819630377,2.3583395834896006,-0.0038251354787613096,0.1015117949518066,0.048843329736522646,0.41801639616164893,,0.29482939278749054,0.25816063278052326,6.1617113858827075,6.714701411450721,1.8852985885492786,2.4382886141172926
gen=33_member=4206_pso,50.0,108.43121424251783,106.53460570377749,6.334191750730906,2.265808249269094,6.337933862218964,2.2620661377810336,0.003742111488058697,-0.0037421114880604733,0.12622164207460065,0.12622164207460063,6.10630677399958,6.307120428306337,6.528925838706281,2.009984785499883,2.2380314282198333,2.443867867789491,-0.003742111488059803,0.10136472195341195,0.04881130523267608,0.41801639616164893,,0.29379533131264957,0.2578383765008656,6.07635337423004,6.627987082043555,1.9720129179564445,2.5236466257699592
gen=38_member=4779_pso,50.0,106.95197505014431,106.563046480051,6.369252095378082,2.2307479046219183,6.372919071943087,2.2270809280569126,0.003666976565004809,-0.0036669765650056974,0.12366229448155987,0.12366229448155978,6.145979006884275,6.342732508953884,6.560039812771261,1.9801214059998737,2.203535235178969,2.405198897658701,-0.0036669765650055204,0.0993085964797038,0.04782080995734913,0.41801639616164893,,0.28782680088575496,0.2526273007613895,6.116624794616692,6.657078896263837,1.9429211037361633,2.483375205383308
gen=47_member=5966_pso,50.0,108.07935121426111,106.8318816343605,6.3484138134572845,2.2515861865427147,6.352142630467773,2.2478573695322264,0.003728817010488328,-0.003728817010488328,0.12374475804835072,0.12374475804835078,6.125201193988131,6.321883797571197,6.539462963194603,2.000593245820822,2.2243515101201674,2.426017887055564,-0.0037288170104884536,0.0993722554547866,0.04782171922214907,0.41801639616164893,,0.28826136028956206,0.2525372547269331,6.095876558730351,6.636675173746847,1.9633248262531533,2.504123441269648
gen=34_member=4333_pso,50.0,109.59674723816163,106.99026041312557,6.327466167456523,2.272533832543477,6.330826799448021,2.2691732005519794,0.003360631991498053,-0.003360631991497609,0.12784297915955475,0.12784297915955464,6.094169532031596,6.3001565373683945,6.5236960751521655,2.0148519916694854,2.2445245532342826,2.4542284863018007,-0.0033606319914978823,0.1025689712075575,0.04960416960802982,0.41801639616164893,,0.2958570198184294,0.26431282560182545,6.063153341854697,6.623323187274952,1.9766768127250476,2.536846658145303
gen=40_member=5054_pso,50.0,108.68417066619094,107.34892054322654,6.320863213967003,2.2791367860329963,6.324679884701105,2.2753201152988956,0.003816670734101635,-0.0038166707341007466,0.12720261906890662,0.12720261906890679,6.091366662253188,6.29359218936557,6.517205597085416,2.021110765398155,2.2511460219383412,2.4584731783092733,-0.003816670734100869,0.10214478958697662,0.04916405942643787,0.41801639616164893,,0.2963785549865845,0.2596529871130784,6.061210226853925,6.617241768953588,1.982758231046412,2.538789773146075
gen=44_member=5545_pso,50.0,108.99844165553478,107.39647421406681,6.306850251910206,2.2931497480897933,6.310699324483784,2.289300675516216,0.0038490725735780273,-0.003849072573577139,0.1277452407978055,0.1277452407978056,6.076432124721099,6.279463651514662,6.5040636814298605,2.033969734302859,2.265037872215638,2.473215349697301,-0.0038490725735769154,0.1025802902417599,0.04936560883409148,0.41801639616164893,,0.29771267795053014,0.2606855688250507,6.046164683085156,6.6045629298607365,1.995437070139263,2.553835316914844
gen=42_member=5267_pso,50.0,110.0059671154613,107.45552852264503,6.25265429188846,2.34734570811154,6.256606243464746,2.3433937565352547,0.003951951576286028,-0.00395195157628514,0.12804439951578792,0.12804439951578803,6.0220248545587465,6.225214025182335,6.450553659999174,2.087297067359678,2.319158401934864,2.527623959064702,-0.003951951576285377,0.10282034572322572,0.049434197073470174,0.41801639616164893,,0.2986776948133123,0.26088890397301867,5.991765387915441,6.551331986701772,2.0486680132982276,2.6082346120845585
gen=39_member=4943_pso,50.0,110.40547897790981,107.53122809735844,6.249636104976979,2.350363895023021,6.253224587435114,2.346775412564886,0.003588482458135367,-0.003588482458134923,0.12652898995081427,0.12652898995081419,6.018976606036414,6.22261481695319,6.444386147526078,2.0944905826263778,2.3226163873330608,2.5292182118053588,-0.003588482458135182,0.10149130044306169,0.048951408992463245,0.41801639616164893,,0.2938465657715774,0.2618555664496114,5.9877805385273675,6.543482670748556,2.056517329251444,2.612219461472632
gen=46_member=5863_pso,50.0,110.06685037277339,107.6435948669181,6.287900263183223,2.312099736816777,6.2918387737395545,2.308161226260445,0.0039385105563312095,-0.003938510556331654,0.12966905959284672,0.12966905959284666,6.054129338868728,6.260110074222109,6.488164167696979,2.0488282953545145,2.2835699749907445,2.494796852785629,-0.003938510556331646,0.10411605217006903,0.050088770806868695,0.41801639616164893,,0.30245310225286026,0.26447070655774496,6.023429556625478,6.5903533654360835,2.009646634563916,2.576570443374521
gen=31_member=3912_pso,50.0,109.43586853534921,108.11778793382103,6.203492153388663,2.3965078466113363,6.207723320835403,2.392276679164597,0.004231167446739903,-0.004231167446739459,0.13483201277548715,0.13483201277548712,5.960906151374947,6.174619739456903,6.412035720688938,2.122162768013918,2.3668458967087713,2.5861573674825933,-0.0042311674467392655,0.10824350734840371,0.052006169950832216,0.41801639616164893,,0.315294086315828,0.2743895455343024,5.929102607854361,6.518786239704491,2.081213760295508,2.670897392145639
gen=39_member=4883_pso,50.0,108.90827610733855,108.14164050688167,6.2266072606322975,2.373392739367702,6.230570456750245,2.3694295432497543,0.003963196117947376,-0.00396319611794782,0.12984555726498145,0.12984555726498137,5.9925754385416345,6.198775017168116,6.427195189481879,2.109857973581294,2.3448108002973838,2.556310207451102,-0.00396319611794777,0.10427026631695727,0.05015353509950474,0.41801639616164893,,0.30264874034304867,0.2647542786902468,5.961852981942051,6.529256000975346,2.0707439990246534,2.638147018057949
gen=39_member=4884_pso,50.0,109.73919419703346,108.19045999864461,6.190171289042105,2.409828710957895,6.194427579192209,2.40557242080779,0.004256290150103759,-0.004256290150104647,0.13516150256399717,0.13516150256399725,5.947053267933623,6.16122748186191,6.399250664363167,2.1347612621236975,2.380091717269237,2.599904199868956,-0.0042562901501040345,0.10850876874868427,0.052126239299290125,0.41801639616164893,,0.3161393436760225,0.2749846852986231,5.915186603743482,6.506310632718128,2.0936893672818724,2.684813396256517
gen=37_member=4683_pso,50.0,108.44556761794604,108.24771035629453,6.195926428078309,2.4040735719216904,6.20004167565449,2.39995832434551,0.0041152475761814244,-0.004115247576180536,0.1318732082961043,0.13187320829610422,5.95857188784512,6.167671350440829,6.399830044660855,2.1360670272769973,2.3750407810203136,2.5896370600937924,-0.004115247576180675,0.10589161357033183,0.05088818299707558,0.41801639616164893,,0.3078838946746618,0.2684729456338104,5.927453482444498,6.503810322752971,2.0961896772470294,2.6725465175555017
gen=37_member=4733_pso,50.0,110.94304023871513,108.61110973443459,6.171699368849394,2.428300631150606,6.175928807375909,2.4240711926240914,0.004229438526515139,-0.004229438526514695,0.13413418123770293,0.13413418123770304,5.930442158836053,6.142968896739459,6.3791741873281556,2.1554491971898395,2.3987728474014802,2.6169376490948846,-0.004229438526514798,0.10769801590100798,0.051734288687246596,0.41801639616164893,,0.3135539064605517,0.27286704083453195,5.898832328014862,6.485253275309946,2.1147467246900535,2.701167671985138
gen=35_member=4371_pso,50.0,109.40350715755716,108.63855991370374,6.163962065820147,2.4360379341798524,6.168240810593441,2.431759189406559,0.00427874477329393,-0.004278744773293486,0.13531564364010654,0.13531564364010662,5.920627485171215,6.134982791385691,6.373290887410961,2.1606784454570653,2.4062538620937977,2.626302858859984,-0.0042787447732933965,0.10864092546036018,0.052181090343533396,0.41801639616164893,,0.31646818650383146,0.2752130212277084,5.888749044592439,6.480430252323979,2.119569747676021,2.711250955407561
gen=40_member=5066_pso,50.0,109.7860988585555,108.71705079604108,6.14185148605955,2.4581485139404498,6.144651292819863,2.455348707180136,0.002799806760313217,-0.002799806760313661,0.13491794262430803,0.13491794262430792,5.894661084880782,6.112550493441272,6.347017081797205,2.189357451453019,2.428129378764451,2.6511768324729785,-0.002799806760313278,0.10858688747485061,0.05289354035726866,0.41801639616164893,,0.3083352152533321,0.2797796673970794,5.8620718186624705,6.450186701312882,2.1498132986871177,2.737928181337529
gen=47_member=5898_pso,50.0,109.20208556624591,108.85591904641383,6.13618009094297,2.4638199090570296,6.140378444231947,2.459621555768052,0.00419835328897733,-0.004198353288977774,0.13367486026530426,0.1336748602653042,5.895665458864803,6.107543358494514,6.342941154421835,2.192065862987894,2.4343893605693694,2.651857063574402,-0.004198353288977915,0.10733652777799944,0.05156908724451076,0.41801639616164893,,0.31215056993987034,0.27204764169243845,5.864132449250532,6.44833066088284,2.1516693391171597,2.7358675507494676
gen=32_member=3978_pso,50.0,110.25053912128294,108.89158967774969,6.146686018558967,2.453313981441033,6.150878117575322,2.449121882424677,0.004192099016355755,-0.004192099016355755,0.13324606359781815,0.13324606359781815,5.9069730438109875,6.1181418480737015,6.352795080582974,2.18240236932909,2.42397642568112,2.6407321972048114,-0.004192099016356299,0.1069920711867397,0.05139998608519171,0.41801639616164893,,0.3111993557688981,0.2711326257902993,5.875553392768667,6.457885374327865,2.142114625672135,2.7244466072313327
gen=48_member=6077_pso,50.0,110.31867225573538,109.01400043970366,6.091617520994447,2.508382479005553,6.095734323415247,2.5042656765847533,0.004116802420799814,-0.004116802420799814,0.13461234100744998,0.13461234100744984,5.848434931634821,6.0628242069963205,6.299542827522243,2.2350664763326606,2.4787920209956864,2.6979581734819726,-0.004116802420799862,0.10804149731589124,0.05196234744754569,0.41801639616164893,,0.3139647366201306,0.27561273287408383,5.816004788120363,6.405582257614578,2.1944177423854225,2.783995211879636
gen=40_member=5076_pso,50.0,110.12340825700751,109.05327032793033,6.093083193464476,2.506916806535524,6.096874913822587,2.5031250861774117,0.0037917203581114833,-0.0037917203581123715,0.13805476900702693,0.13805476900702693,5.842694872376738,6.063406600815425,6.305705839779822,2.2288945828853413,2.4765095201626446,2.7024324105444544,-0.0037917203581124036,0.11094014695639563,0.05357421329914162,0.41801639616164893,,0.31780229363097945,0.28340771971264633,5.809675473751829,6.410885487095455,2.1891145129045446,2.79032452624817
gen=44_member=5538_pso,50.0,110.35978999043485,109.149700497981,6.077785297679284,2.5222147023207153,6.081783927324729,2.518216072675271,0.003998629645444396,-0.003998629645444396,0.1353518377811322,0.13535183778113208,5.8320703915842325,6.048882992307595,6.286497755497568,2.2478562883875868,2.4925132698446983,2.7131410737289956,-0.003998629645444158,0.1085827977767955,0.05229208406567567,0.41801639616164893,,0.3151689448661825,0.2788988461837505,5.798886451495534,6.392954242545467,2.207045757454533,2.801113548504466
gen=34_member=4254_pso,50.0,109.81719802653583,109.37435490938714,6.032010509780402,2.567989490219597,6.035651333998828,2.564348666001172,0.00364082421842582,-0.003640824218425376,0.14003025294170982,0.1400302529417097,5.777347243949748,6.00182874959077,6.246940926082294,2.287603683618678,2.5370703207518464,2.766842321721724,-0.0036408242184256413,0.11261706011564415,0.054488117948609256,0.41801639616164893,,0.32108150032714633,0.28824703266983676,5.743763477110566,6.353092010107549,2.2469079898924513,2.8562365228894344
gen=49_member=6242_pso,50.0,110.93962256124044,109.70805418139967,5.984838701056684,2.615161298943316,5.98918688569969,2.6108131143003104,0.0043481846430060145,-0.00434818464300557,0.14823103758646747,0.14823103758646736,5.71703389740427,5.953035070496263,6.213472131206809,2.314930409172113,2.5825568539885566,2.8243760954446495,-0.004348184643005685,0.11904112592036749,0.0573464706386809,0.41801639616164893,,0.34468884830379043,0.3030229953549535,5.68181570570173,6.329527549360474,2.2704724506395255,2.9181842942982694
gen=25_member=3126_pso,50.0,110.7456458264628,109.82082187647725,5.916560201231608,2.6834397987683913,5.921048037386829,2.6789519626131706,0.004487836155220748,-0.004487836155220748,0.15012176080231254,0.15012176080231257,5.645571894646334,5.884379772692859,6.148257422558331,2.379154502553753,2.6503825980162,2.895180745377051,-0.004487836155221045,0.12055775959919046,0.05803496172198471,0.41801639616164893,,0.3493752124610605,0.30661255001036025,5.609947651221248,6.265935413692668,2.334064586307331,2.990052348778752
gen=24_member=2976_pso,50.0,111.28605767434495,109.8459283969095,5.914949870776232,2.6850501292237676,5.919436946491089,2.6805630535089104,0.004487075714857625,-0.0044870757148571805,0.1502042945216936,0.15020429452169362,5.6438018835591865,5.8827506746518985,6.146768253115137,2.380606942895651,2.651975785755403,2.8969147831123183,-0.004487075714857268,0.12062408200246562,0.05806850314380417,0.41801639616164893,,0.34955487996002077,0.3067923287169041,5.6081575420593275,6.264504750736252,2.3354952492637473,2.9918424579406726
gen=43_member=5437_pso,50.0,110.89639124266456,110.03669614928387,5.9358462681465705,2.664153731853429,5.9399594390640384,2.660040560935961,0.00411317091746799,-0.00411317091746799,0.14502357243673414,0.14502357243673428,5.673297190132333,5.9047168738172475,6.159218111914169,2.3710511380668775,2.6322446076826673,2.8691794336245686,-0.004113170917468463,0.11648232308532297,0.05618457608392725,0.41801639616164893,,0.3363412466034159,0.29716339808948344,5.638682870057087,6.272187514749986,2.3278124852500133,2.961317129942913
gen=49_member=6158_pso,50.0,111.2629568994341,110.07893984150185,5.848018087151196,2.751981912848804,5.852709900700929,2.7472900992990716,0.004691813549732693,-0.004691813549732249,0.1503360305364212,0.1503360305364212,5.577423605049922,5.8157951147579405,6.080510917436298,2.4463862780930157,2.7189026408019763,2.9634841241944487,-0.004691813549732196,0.1207110976244857,0.058009642037376755,0.41801639616164893,,0.3510307589602508,0.30609183016999175,5.5419262569812044,6.199048846111447,2.4009511538885526,3.0580737430187956
gen=46_member=5794_pso,50.0,110.69241741717775,110.1235704348894,5.813172569755593,2.786827430244407,5.8178983994545375,2.782101600545463,0.00472582969894475,-0.004725829698943862,0.15132241385781464,0.1513224138578146,5.540762936381302,5.780745398870511,6.047181385505252,2.479276793289106,2.753514015875468,2.9997458438851337,-0.004725829698943813,0.12150459785379783,0.05838938407742701,0.41801639616164893,,0.3532836219934721,0.3081470021737358,5.505025567581857,6.166456191749065,2.4335438082509344,3.094974432418143
gen=44_member=5611_pso,50.0,111.15740233106504,110.13209746911461,5.827133498582471,2.772866501417529,5.831821360429857,2.7681786395701438,0.00468786184738601,-0.004687861847385122,0.15103792888382628,0.15103792888382628,5.555187445981773,5.794754781766072,6.0606597455847036,2.4659333176313716,2.7396362054470433,2.9854076155627505,-0.004687861847385055,0.12127626027684607,0.058294199214730516,0.41801639616164893,,0.35255655093756477,0.30763319548370394,5.519500303098767,6.179690049520036,2.4203099504799637,3.0804996969012324
gen=45_member=5694_pso,50.0,111.0093069433019,110.26586276980991,5.784267762124034,2.8157322378759657,5.789081047833022,2.8109189521669764,0.004813285708988424,-0.004813285708989312,0.15234961450721898,0.15234961450721907,5.510131817797036,5.751640965927955,6.019936275674504,2.50596119799878,2.7821594535872505,3.0300340994794173,-0.004813285708989339,0.12232875325326557,0.05875773377213812,0.41801639616164893,,0.355862153457573,0.3100747537653872,5.474193008358647,6.140129915581607,2.4598700844183927,3.1258069916413525
gen=47_member=5916_pso,50.0,110.94259024453996,110.27564630500643,5.7814671314147255,2.818532868585274,5.7862790069623085,2.8137209930376907,0.004811875547583,-0.004811875547583444,0.15243544992917782,0.15243544992917782,5.507160776704084,5.74882027100016,6.0172603101113555,2.508600443370661,2.7849414519466746,3.0329631985678627,-0.004811875547583258,0.12239785554934411,0.05879299000088043,0.41801639616164893,,0.3560483250455384,0.3102710876448178,5.471196043769908,6.137515456460264,2.462484543539736,3.1288039562300916
gen=49_member=6216_pso,50.0,110.87853722112972,110.45432501578411,5.762882942320246,2.837117057679754,5.767517789771865,2.8324822102281355,0.004634847451618462,-0.004634847451618462,0.15796610502298983,0.15796610502298977,5.477511416185867,5.728986045513125,6.006543759515687,2.5171798438665265,2.802369467900964,3.0600726473616384,-0.004634847451618199,0.1268616477000836,0.061113400124232706,0.41801639616164893,,0.3672973069075791,0.32288665893071933,5.439996283389527,6.130180249227825,2.4698197507721744,3.160003716610473
gen=38_member=4799_pso,50.0,112.07050960387664,110.56961921480378,5.720039642581016,2.8799603574189843,5.724831198389336,2.875168801610664,0.004791555808320247,-0.004791555808320247,0.15521469285288925,0.1552146928528892,5.440472146837955,5.68678914624269,5.9599324891510745,2.564694504566318,2.8458087571641757,3.09846993572837,-0.004791555808319954,0.12463198060370625,0.05992021239769316,0.41801639616164893,,0.36207699344047306,0.3163202833500902,5.403719359230926,6.082116636021489,2.517883363978511,3.196280640769074
gen=39_member=4925_pso,50.0,111.72583306287677,110.5852186046211,5.864297639424465,2.7357023605755346,5.867918569606609,2.7320814303933902,0.0036209301821443773,-0.0036209301821443773,0.1518239237713814,0.1518239237713813,5.5872537226397245,5.8314513979705875,6.096221553307015,2.4327374010460274,2.7020263634580366,2.952037288981515,-0.00362093018214434,0.12218724577052507,0.05928315779419036,0.41801639616164893,,0.34691525445537597,0.31355918312817543,5.55073845629629,6.211212893879841,2.388787106120159,3.04926154370371
gen=38_member=4840_pso,50.0,111.54088928533567,110.65515065434496,5.705849637343929,2.89415036265607,5.710652213288887,2.889347786711113,0.004802575944957255,-0.004802575944956811,0.15590260596753838,0.15590260596753833,5.424974118614597,5.672464666893738,5.946771091203187,2.577562271354947,2.859837504025975,3.113681647222449,-0.00480257594495775,0.12518441258618504,0.06019091832061364,0.41801639616164893,,0.3635926818098749,0.3177954086587018,5.3880542286852275,6.069442319153804,2.530557680846196,3.2119457713147725
gen=45_member=5714_pso,50.0,111.5441493218038,110.83594791720645,5.641638097105259,2.9583619028947408,5.64655825803157,2.95344174196843,0.004920160926310757,-0.004920160926310757,0.15995833502649992,0.15995833502650006,5.3534824767390194,5.607339504460075,5.8888530404785735,2.6334937263510665,2.9231683571869462,3.1835969753609565,-0.004920160926310544,0.12844477413083452,0.06176230660226199,0.41801639616164893,,0.3730883127248088,0.3259473848340635,5.315690712271196,6.014726409830068,2.5852735901699315,3.284309287728804
gen=48_member=6063_pso,50.0,112.93032608863865,111.52667253885436,5.644945459733041,2.955054540266959,5.649722458866099,2.950277541133902,0.0047769991330577355,-0.004776999133056847,0.15840058274548688,0.1584005827454869,5.359097673774869,5.611006247460052,5.889490719118563,2.633757410236616,2.9201835723742766,3.178374729532514,-0.0047769991330567025,0.12719143752851864,0.06120721919773097,0.41801639616164893,,0.36900117397917676,0.32344095014922747,5.321504509583813,6.013946633712218,2.586053366287782,3.2784954904161863
gen=41_member=5214_pso,50.0,112.83850155832631,111.63241981318505,5.678232495101188,2.9217675048988117,5.682741264157161,2.917258735842839,0.004508769055973083,-0.004508769055972639,0.15692791357519,0.15692791357519,5.394318610970533,5.644564292792809,5.9200550771001295,2.6043129779958205,2.887245566833562,3.143484278957731,-0.0045087690559731134,0.12603057543299268,0.060760903188509775,0.41801639616164893,,0.3643928748151293,0.3213422032656821,5.356890291835506,6.042625369916317,2.557374630083683,3.2431097081644937
gen=42_member=5321_pso,50.0,112.74271276140006,111.78601953470147,5.562457044642887,3.0375429553571123,5.567244764948545,3.0327552350514546,0.004787720305658105,-0.004787720305657661,0.1617778526593817,0.16177785265938158,5.270302668521287,5.52775126367049,5.812082729184623,2.709620161827852,3.0019707124447885,3.265732634697321,-0.004787720305657831,0.12990831476229198,0.06256029722831706,0.41801639616164893,,0.3765639492592765,0.3306127444021225,5.231844300240764,5.939020993902163,2.6609790060978358,3.3681556997592352
gen=43_member=5401_pso,50.0,112.31383278235177,111.84259153558438,5.537259880534677,3.0627401194653223,5.542126210822535,3.0578737891774646,0.0048663302878582115,-0.0048663302878577674,0.16222689362472079,0.16222689362472087,5.24440017417086,5.502496273488399,5.787652470846702,2.733790874763186,3.027024016977993,3.291522454140605,-0.004866330287858444,0.13026640296266884,0.0627000363374052,0.41801639616164893,,0.37776668971398664,0.33138494604063773,5.205874934494039,5.9150265702486635,2.6849734297513357,3.3941250655059605
gen=50_member=6337_pso,50.0,112.96343703652411,111.86815544127347,5.503029890177168,3.0969701098228315,5.507992865088849,3.0920071349111495,0.004962974911681073,-0.004962974911681961,0.1651736534605335,0.16517365346053345,5.204968394513101,5.467642911483404,5.7580081048356755,2.7619874242713616,3.060627459145368,3.329830658103879,-0.0049629749116818,0.132631655967772,0.0638343405280451,0.41801639616164893,,0.3846959202035638,0.3373198567970883,5.16571003338008,5.887725810380732,2.7122741896192677,3.43428996661992
gen=30_member=3767_pso,50.0,112.62120985927325,111.94017644161329,5.541651245132861,3.058348754867139,5.546433028370378,3.053566971629622,0.004781783237517878,-0.00478178323751699,0.16261533827258198,0.16261533827258207,5.247883369539916,5.506772198437176,5.792493085981709,2.728840846880401,3.022599048822223,3.287793612322477,-0.004781783237517366,0.13058107168748048,0.06289964422498155,0.41801639616164893,,0.37835416336170447,0.33247901831610616,5.209172226816754,5.920005408494565,2.6799945915054346,3.3908277731832452
gen=39_member=4970_pso,50.0,112.550902105522,111.96893622141724,5.4665230603289645,3.133476939671035,5.471527912123935,3.128472087876065,0.005004851794970122,-0.005004851794970122,0.16656590928432827,0.16656590928432835,5.165931038073714,5.4308473360289025,5.72364425895027,2.7956968698501474,3.0968203430320633,3.3683163960042606,-0.0050048517949699564,0.13374938716420864,0.06437226768461934,0.41801639616164893,,0.3879060052324217,0.34019628896586873,5.126326771363096,5.854429065561386,2.7455709344386134,3.473673228636904
gen=28_member=3493_pso,50.0,112.70825437281928,111.98587538795978,5.509193157700887,3.090806842299113,5.514057217622197,3.0859427823778027,0.0048640599213101154,-0.0048640599213101154,0.16345945321754685,0.16345945321754668,5.214001645184781,5.474145595275129,5.761432660394933,2.7594709518609073,3.0548339265254403,3.3213768957481187,-0.004864059921310299,0.1312582955475749,0.0631971178131323,0.41801639616164893,,0.38050947854646466,0.3340463094804704,5.175146848220416,5.8897026362473515,2.7102973637526486,3.4248531517795833
gen=35_member=4426_pso,50.0,112.00787006888845,112.00787006888845,5.526969269265274,3.0730307307347253,5.5317711037163235,3.068228896283676,0.004801834451049203,-0.004801834451049203,0.16310645127480855,0.16310645127480847,5.232326357145658,5.491974531836227,5.778593979049017,2.7424923947460167,3.0371714673506136,3.3031416401863294,-0.0048018344510491594,0.13097538935086972,0.06308677744991029,0.41801639616164893,,0.379564119116246,0.3334463852306069,5.193522884034667,5.90653338838152,2.6934666116184793,3.406477115965332
gen=26_member=3274_pso,50.0,112.82445245292094,112.07927088773285,5.456911582503885,3.143088417496115,5.4619176083671634,3.1380823916328366,0.005006025863278474,-0.005006025863278474,0.16703203540684464,0.1670320354068447,5.155415555343326,5.421136031548319,5.714721707489627,2.804427621576109,3.106323197779827,3.3786309985896685,-0.005006025863278339,0.13412509732379538,0.06455953573025854,0.41801639616164893,,0.38890592492137976,0.3412082455923988,5.115703336911486,5.845817507425265,2.754182492574735,3.4842966630885135
gen=42_member=5368_pso,50.0,113.60327523642833,112.08410136181466,5.453766094601509,3.1462339053984913,5.458780323970012,3.1412196760299884,0.0050142293685029315,-0.0050142293685029315,0.16711407409048207,0.16711407409048212,5.152143846178895,5.417976396712096,5.711714754564153,2.807382306854983,3.1094524783303297,3.3818760389139793,-0.005014229368502797,0.13418976944437322,0.06458777003793523,0.41801639616164893,,0.389129549128695,0.34135745269042417,5.112408641911085,5.842895643730204,2.7571043562697954,3.487591358088915
gen=39_member=4886_pso,50.0,112.49553281816937,112.16405433851398,5.45544019849793,3.1445598015020697,5.460453676170938,3.139546323829062,0.005013477673007749,-0.005013477673007749,0.1672379214981474,0.16723792149814745,5.153577465715516,5.419618871287069,5.713571794968947,2.805480847631439,3.1077474462131525,3.380391116587246,-0.005013477673007405,0.13429115053866536,0.06463883643282899,0.41801639616164893,,0.38938410403237,0.34161825715393146,5.113821941343999,5.8448243025303,2.7551756974696997,3.4861780586560007
gen=46_member=5787_pso,50.0,112.2492079241474,112.17822411256682,5.452588643760338,3.1474113562396613,5.45761336867149,3.1423866313285096,0.005024724911152134,-0.00502472491115169,0.1673174157369606,0.16731741573696068,5.150617149472257,5.416757360727279,5.710860172463318,2.808129322092131,3.11058632270802,3.383328525980622,-0.0050247249111522695,0.13435239518373948,0.0646638351362936,0.41801639616164893,,0.38962682422753936,0.341754316582465,5.110834327177873,5.842215467987877,2.757784532012122,3.4891656728221268
gen=48_member=6031_pso,50.0,112.60765764772395,112.20077846311648,5.451872154613838,3.1481278453861616,5.456895116583911,3.1431048834160884,0.005022961970072792,-0.005022961970073236,0.16741458882876212,0.1674145888287622,5.149707642573627,5.416016729303912,5.710284584956066,2.8086716672233076,3.1112790509122847,3.3841953953094115,-0.005022961970072996,0.13443180652666054,0.06470442227829376,0.41801639616164893,,0.3898210064377583,0.34196748420706324,5.109904670406775,5.841693161051596,2.7583068389484033,3.490095329593225
gen=31_member=3852_pso,50.0,113.20384734630632,112.4311769372547,5.229913903375595,3.3700860966244046,5.235203854204249,3.3647961457957516,0.005289950828654355,-0.005289950828653023,0.1718962182181873,0.17189621821818735,4.920143662589274,5.193090559108864,5.495558043180244,3.020983678249657,3.332253801534101,3.6121262766342745,-0.005289950828653689,0.13802203952655875,0.06636604434895253,0.41801639616164893,,0.4009733045686339,0.35046086373256813,4.8794530396430265,5.6308872079442285,2.9691127920557716,3.720546960356973
gen=36_member=4595_pso,50.0,112.83089954214338,112.53138228389614,5.411821069876371,3.188178930123629,5.416776475221736,3.1832235247782648,0.004955405345365094,-0.0049554053453642055,0.16986858034537194,0.1698685803453719,5.104735072269055,5.375392704228491,5.673744794160001,2.8442366409748647,3.1508063298905946,3.4280018581451954,-0.004955405345364108,0.13641421476421883,0.06572940470942737,0.41801639616164893,,0.39486990797997645,0.34753175840258876,5.064289311473782,5.806690977856348,2.793309022143652,3.535710688526217
gen=23_member=2880_pso,50.0,112.92684908610946,112.54441838708175,5.213580859432441,3.3864191405675586,5.218787413201678,3.381212586798321,0.0052065537692369546,-0.005206553769237399,0.17279902147761825,0.17279902147761814,4.901817533204479,5.1765412237446125,5.480382083872701,3.0359548166533017,3.3483924446610476,3.6300133558104246,-0.005206553769237244,0.1387600893857786,0.06677676780827069,0.41801639616164893,,0.40242666464109433,0.3527682128465459,4.860812646585895,5.616007524073535,2.983992475926464,3.739187353414104
gen=35_member=4441_pso,50.0,112.7408049492039,112.55041235853676,5.202237779570403,3.397762220429597,5.207479428096242,3.3925205719037574,0.005241648525839082,-0.005241648525839526,0.17322588804516637,0.1732258880451662,4.889804935670855,5.165103609319091,5.469743500208977,3.0463203185274694,3.359638641992655,3.64188943150051,-0.005241648525838855,0.13910328967309254,0.06693082057362684,0.41801639616164893,,0.4035801789812403,0.3534841888449982,4.848753590725405,5.605817958551643,2.9941820414483558,3.7512464092745947
gen=42_member=5374_pso,50.0,113.20058552538926,112.55915192767122,5.404634033161063,3.1953659668389367,5.4095924660503325,3.190407533949667,0.0049584328892695595,-0.0049584328892695595,0.17014227405758497,0.17014227405758509,5.09708227179023,5.368135409012357,5.6669844584413305,2.8508547506062953,3.157945473611275,3.435579865995073,-0.004958432889269475,0.13663372756855977,0.06583764733964514,0.41801639616164893,,0.39553616156609905,0.3480408898689653,5.056593143292098,5.800170194727162,2.7998298052728376,3.5434068567079025
gen=43_member=5487_pso,50.0,112.65362085740898,112.59704141874091,5.376694495342707,3.2233055046572927,5.381726732113639,3.21827326788636,0.005032236770931675,-0.005032236770932563,0.1709222334978788,0.17092223349787872,5.067837849933674,5.340069370754762,5.640323329073129,2.877107793692336,3.1856866021876877,3.4645339663261265,-0.005032236770932777,0.13725642363994423,0.06611209343450573,0.41801639616164893,,0.3974817010475018,0.3495666821520924,5.0271278131906145,5.774176196390209,2.825823803609791,3.572872186809385
gen=40_member=5021_pso,50.0,114.42298858972939,112.60045387547066,5.20019904354699,3.3998009564530096,5.205571814947893,3.3944281850521056,0.005372771400903531,-0.005372771400903975,0.1740243370007729,0.17402433700077297,4.886691073495893,5.16288472343979,5.469205146254036,3.046249047703247,3.3615058657686365,3.64472190158466,-0.005372771400904086,0.1397316058393731,0.06717941721923451,0.41801639616164893,,0.4061778364830779,0.35471165150739825,4.845487392039591,5.6063768800300675,2.993623119969932,3.7545126079604083
gen=31_member=3921_pso,50.0,113.08998190908493,112.60699541547174,5.167740737016297,3.432259262983702,5.173112177182693,3.426887822817306,0.005371440166396013,-0.005371440166396013,0.17438850072813297,0.174388500728133,4.853583454011903,5.1303711958338285,5.437256616395931,3.0780678680887075,3.393890918701098,3.677793328280118,-0.005371440166396209,0.14002536920465575,0.06732696451912977,0.41801639616164893,,0.40682265666242756,0.3554636838724301,4.812277053143867,5.574563393678725,3.0254366063212745,3.7877229468561326
gen=36_member=4597_pso,50.0,113.75666201895073,112.60748481932349,5.365227579138125,3.2347724208618747,5.370228747565133,3.229771252434867,0.005001168427008373,-0.005001168427007485,0.17117667141311216,0.17117667141311213,5.055852644134822,5.328504056918181,5.629193098762831,2.8880822785798927,3.1971345022076614,3.4763843003542125,-0.00500116842700802,0.13746206710617043,0.0662304493395812,0.41801639616164893,,0.3980665889659285,0.3501168464866762,5.015110732651449,5.7632941681040535,2.8367058318959457,3.584889267348551
gen=38_member=4788_pso,50.0,113.26712697697172,112.6235183624327,5.176809068516462,3.423190931483538,5.1822826676809415,3.4177173323190586,0.005473599164479204,-0.005473599164479204,0.17399253414767954,0.1739925341476795,4.863513814207291,5.139555059044402,5.445878258000232,3.0694890225574896,3.38484669319796,3.6680238829103455,-0.00547359916447868,0.1397000192653579,0.06711321005043962,0.41801639616164893,,0.4062756059505519,0.35441861708185485,4.822390451434607,5.583084674467014,3.0169153255329855,3.777609548565392
gen=27_member=3397_pso,50.0,113.58781394206393,112.63178913719814,5.360157840014783,3.2398421599852165,5.3651681972875656,3.234831802712434,0.005010357272782429,-0.005010357272782429,0.17136624885051321,0.17136624885051321,5.050468078419707,5.323390964684394,5.624427062379903,2.892743874984427,3.202165044365363,3.481712589239404,-0.0050103572727825335,0.13761409709025052,0.06630186990873399,0.41801639616164893,,0.3985395849611937,0.350464120963502,5.009693719051281,5.758697424975977,2.841302575024023,3.590306280948718
gen=47_member=5970_pso,50.0,112.98882236975206,112.64563778789609,5.355705385582253,3.2442946144177465,5.360715380120934,3.2392846198790655,0.005009994538681006,-0.005009994538681006,0.1714802988060982,0.17148029880609822,5.045822660361902,5.318907410576545,5.620149396340264,2.8969586233578726,3.206598334876227,3.486331651458622,-0.005009994538681235,0.13770591064673288,0.06634795805402581,0.41801639616164893,,0.39881113172074656,0.35067183672996727,5.0050335488522855,5.754516517302999,2.845483482697,3.5949664511477146
gen=41_member=5212_pso,50.0,113.39280908408173,112.64868744227903,5.356229030148956,3.243770969851043,5.361242315950345,3.2387576840496552,0.005013285801388712,-0.005013285801387823,0.17150599358260743,0.17150599358260749,5.046301689954971,5.319427573611504,5.620716228302914,2.896379286422684,3.2060673001156728,3.485839144993563,-0.00501328580138852,0.1377264106348949,0.06635656241675321,0.41801639616164893,,0.39887604643932306,0.35072469260018835,5.005504337548768,5.755105076588279,2.84489492341172,3.594495662451232
gen=43_member=5399_pso,50.0,112.87509962484884,112.655441579843,5.355092859895867,3.2449071401041327,5.360106718121783,3.2398932818782162,0.005013858225916046,-0.00501385822591649,0.17155214126689847,0.1715521412668985,5.0450870966964,5.31827963497379,5.61965147597088,2.897419732815068,3.20719481412796,3.4870416692326405,-0.005013858225916119,0.1377635963382369,0.06637486905616038,0.41801639616164893,,0.39898567721712297,0.3508099061131462,5.004282953782721,5.75407853711299,2.845921462887009,3.5957170462172785
gen=43_member=5440_pso,50.0,113.26056522804235,112.78527199842394,5.142030416018201,3.4579695839817983,5.147392761972856,3.4526072380271424,0.005362345954655012,-0.0053623459546559005,0.17539812641235744,0.17539812641235744,4.825940030185973,5.1044277270571135,5.413044861820911,3.1018167494105353,3.419392193333851,3.7050082501502364,-0.005362345954655491,0.1408353529957519,0.06773650352054822,0.41801639616164893,,0.4090689683751263,0.35764175284718736,4.784388663171014,5.551099384393328,3.048900615606672,3.8156113368289857
gen=40_member=5107_pso,50.0,113.2918564342654,112.80548479904043,5.1419525530144465,3.4580474469855527,5.147313915131102,3.452686084868898,0.005361362116655499,-0.005361362116654611,0.1754352444551786,0.17543524445517877,4.825788272389555,5.104341368227496,5.413020112018195,3.1018261554462385,3.4194621429158594,3.705143168494891,-0.005361362116655291,0.1408652810462834,0.06775195946481405,0.41801639616164893,,0.40914636524209236,0.3577254038787805,4.784227149135666,5.551098918256539,3.0489010817434608,3.8157728508643336
gen=31_member=3915_pso,50.0,113.13347995202655,113.0032712800369,4.938415876596945,3.661584123403055,4.944184307680454,3.6558156923195453,0.005768431083509107,-0.005768431083509551,0.1808648327604138,0.1808648327604138,4.613166941551315,4.899693991726725,5.218331219398928,3.2935841336757705,3.6217381864581646,3.9158838607349735,-0.00576843108350906,0.14521337077640448,0.06972246984644773,0.41801639616164893,,0.42281324118396846,0.3678444426774554,4.57057143391949,5.361229117780914,3.2387708822190855,4.02942856608051
gen=46_member=5862_pso,50.0,113.34583744841463,113.0969236413901,5.127386814601836,3.472613185398164,5.132719737444356,3.467280262555643,0.005332922842519849,-0.0053329228425207376,0.17739872526162126,0.1773987252616212,4.807285055811999,5.089360575074114,5.401256013213737,3.1128166500482015,3.4335713731138147,3.722716207782894,-0.0053329228425202085,0.14245276729430562,0.0685599222258927,0.41801639616164893,,0.4131761504939,0.3621644445315777,4.7652223700702585,5.540562965095736,3.0594370349042634,3.8347776299297407
gen=46_member=5801_pso,50.0,113.22196912434818,113.1202239034437,5.0917225879018275,3.5082774120981726,5.097092278545826,3.502907721454173,0.005369690643998837,-0.005369690643999725,0.17859272101090556,0.17859272101090556,4.769702362454157,5.053407194091113,5.367524400915279,3.1458320739775254,3.469037112029171,3.7599122205551563,-0.005369690643999199,0.14340341937491732,0.06901686436545906,0.41801639616164893,,0.416313062898956,0.3644260983629266,4.727296489538901,5.5080356508007835,3.0919643491992166,3.8727035104610983
gen=34_member=4241_pso,50.0,114.4614280237375,113.14276330565143,5.08666873967983,3.5133312603201694,5.092036756283713,3.507963243716286,0.005368016603883419,-0.005368016603883419,0.1783035442279689,0.178303544227969,4.764941860144514,5.048459780611217,5.3619511588828095,3.151686053115241,3.474101207786253,3.76468037081943,-0.005368016603883767,0.14317543897462603,0.06890371118537114,0.41801639616164893,,0.41530347245317945,0.36404248472075906,4.722626254959071,5.501972212133009,3.0980277878669904,3.877373745040929
gen=44_member=5517_pso,50.0,114.64506990106455,113.16967286457135,5.076100786877321,3.523899213122679,5.081491870033074,3.518508129966926,0.005391083155752874,-0.005391083155753318,0.17860622595028172,0.17860622595028175,4.753866185156214,5.037832162823585,5.351874854457077,3.161599185836502,3.484599619699912,3.775647089664993,-0.00539108315575315,0.14341783283282175,0.0690133748385343,0.41801639616164893,,0.4160608611364429,0.3646060659627315,4.711494720914589,5.492161648013764,3.107838351986236,3.88850527908541
gen=49_member=6177_pso,50.0,113.24006846059348,113.18633487060403,5.06471106184965,3.5352889381503494,5.07010569281675,3.529894307183249,0.0053946309670998005,-0.005394630967100245,0.17934348593081306,0.17934348593081306,4.74135088547203,5.026216094876128,5.3417034247732875,3.171271011903861,3.495886077409043,3.7879444441737697,-0.005394630967100541,0.14400588973675496,0.06930562938482722,0.41801639616164893,,0.41816355602851907,0.3659132740929518,4.698797787756698,5.482874617878169,3.1171253821218303,3.901202212243301
gen=38_member=4827_pso,50.0,113.58228336854604,113.21257762424806,4.905776156419224,3.6942238435807764,4.91160488216768,3.6883951178323207,0.005828725748456165,-0.005828725748455721,0.18200149381318667,0.1820014938131867,4.578578579974003,4.866845057977475,5.187466722399596,3.3238514656718965,3.6541139996935668,3.9500873569347226,-0.005828725748456033,0.14612516983911686,0.0701482220453304,0.41801639616164893,,0.42557453710592075,0.37002159603696505,4.535754560382259,5.3313506935251445,3.268649306474855,4.064245439617741
gen=30_member=3730_pso,50.0,113.79520213225304,113.21681184879121,5.053570446627202,3.5464295533727976,5.058950773750703,3.541049226249297,0.005380327123501338,-0.00538032712350045,0.1791514201846703,0.1791514201846703,4.730341168581425,5.015158065423473,5.330161649818543,3.1830439757489923,3.507023145996896,3.798978201701423,-0.005380327123501082,0.1438573356428013,0.06923850425965011,0.41801639616164893,,0.41730742736422854,0.3657499464238141,4.6878205002033875,5.47087787399143,3.1291221260085695,3.912179499796612
gen=46_member=5827_pso,50.0,114.11920195538859,113.22333719727689,5.045665954945619,3.55433404505438,5.051082311242448,3.5489176887575518,0.005416356296828795,-0.005416356296828351,0.17937226996463768,0.17937226996463776,4.722104284177846,5.007221044688957,5.322649872121057,3.19042903916301,3.514872213666669,3.8071399886236947,-0.005416356296829027,0.14403278277046125,0.06930821323681612,0.41801639616164893,,0.41790652298613473,0.3661068608157514,4.679559094129868,5.463572477931754,3.136427522068246,3.9204409058701324
gen=38_member=4844_pso,50.0,113.49729508533946,113.23465912581813,5.0499491593477055,3.550050840652294,5.055335071249038,3.544664928750962,0.005385911901332641,-0.0053859119013321965,0.17928085109594194,0.1792808510959419,4.726505425828827,5.011505817398124,5.326746731413307,3.1863856920191385,3.510616839734568,3.802773802696816,-0.005385911901332184,0.14396150783459985,0.06928779796663383,0.41801639616164893,,0.41763423715527015,0.3659890729940454,4.68396008635366,5.467583396502976,3.132416603497024,3.9160399136463395
gen=37_member=4713_pso,50.0,113.62329616992702,113.25725659789096,4.874968694613963,3.725031305386037,4.880697054961824,3.719302945038177,0.005728360347861283,-0.005728360347859951,0.18281562461992956,0.1828156246199294,4.546207420510423,4.835758930972281,5.1578194901303505,3.353045939068242,3.6848688883392424,3.9820325830002945,-0.0057283603478600915,0.14677527365033846,0.07052345665123919,0.41801639616164893,,0.42743063851366525,0.3719276221510919,4.503041072462871,5.302399333127628,3.297600666872372,4.096958927537129
gen=50_member=6311_pso,50.0,113.50255122228927,113.27180171753508,5.012144537940079,3.58785546205992,5.0176940035432995,3.5823059964567,0.005549465603220227,-0.005549465603219783,0.18070050978552107,0.18070050978552105,4.686486600105085,4.973391842139604,5.2914015887902,3.220865232684191,3.5480834732214515,3.8422408203494443,-0.005549465603220069,0.1450967996233339,0.06977366701005691,0.41801639616164893,,0.4215826577822064,0.3684743944404296,4.64367014349965,5.433727195722286,3.166272804277714,3.9563298565003495
gen=33_member=4157_pso,50.0,114.04680931292806,113.29195117004582,4.82124385645948,3.7787561435405195,4.8271441835315185,3.7728558164684816,0.005900327072038358,-0.005900327072037914,0.1841547608762604,0.18415476087626037,4.490398376373586,4.781820425504359,5.106348411042182,3.4037624911596263,3.738259599853171,4.0374498657524835,-0.005900327072037784,0.14784546839189086,0.07097257065992654,0.41801639616164893,,0.4308414345738498,0.37430600648520596,4.446937849974274,5.25208529103333,3.347914708966669,4.153062150025725
gen=47_member=5956_pso,50.0,113.51642230234141,113.30463357982367,4.852302008886767,3.747697991113233,4.858097064879766,3.741902935120234,0.005795055992999565,-0.005795055992998677,0.18345971413117929,0.18345971413117926,4.522498240625177,4.812979974113332,5.136214891010829,3.3742993015221248,3.7073799755027093,4.005536057849526,-0.00579505599299893,0.14729059408867148,0.07074776904783626,0.41801639616164893,,0.42903827656136784,0.37311313482757846,4.479188874059188,5.281340285448135,3.3186597145518646,4.120811125940811
gen=47_member=5927_pso,50.0,113.3891113585374,113.32560510319023,4.802858315536497,3.797141684463503,4.808757337597742,3.7912426624022566,0.0058990220612447075,-0.005899022061246484,0.18464197854371503,0.18464197854371503,4.471115375324867,4.763313256252139,5.088707123554586,3.4211595740757246,3.756548756053858,4.056527714719488,-0.005899022061245906,0.14823629826273266,0.07116863810074339,0.41801639616164893,,0.4320012432441942,0.3753089410900703,4.427549374446427,5.234859558780691,3.3651404412193084,4.172450625553573
gen=46_member=5826_pso,50.0,113.58942872082606,113.32643562664363,4.846733754611018,3.753266245388982,4.852525814677939,3.7474741853220603,0.005792060066921678,-0.005792060066921678,0.18362478166039803,0.18362478166039795,4.516620886706289,4.807368449177211,5.130896047735435,3.3795371360508155,3.712916575011003,4.011341606365017,-0.005792060066922079,0.1474231816558701,0.07081556079447403,0.41801639616164893,,0.4294269175456762,0.3734570600064382,4.473276694604579,5.276160672156694,3.3238393278433054,4.12672330539542
gen=27_member=3377_pso,50.0,113.5056141385198,113.33158190018415,4.829414840065506,3.7705851599344937,4.835319232023751,3.7646807679762495,0.005904391958244659,-0.005904391958244215,0.18400257945107634,0.18400257945107643,4.498828272746364,4.790044430209688,5.114273386882341,3.395931416872646,3.730109956958109,4.029081656404063,-0.005904391958244716,0.14772327722248735,0.07090944263212133,0.41801639616164893,,0.4304286604370562,0.3740348322324474,4.4553800078330585,5.259843500502562,3.340156499497438,4.144619992166941
gen=35_member=4358_pso,50.0,113.86524662813433,113.64986756608504,4.735851997123277,3.8641480028767226,4.741839697324899,3.8581603026751004,0.005987700201622204,-0.005987700201622204,0.1874959560556287,0.18749595605562866,4.398789502139425,4.695767652075254,5.026025202659216,3.482570100455002,3.8228837116394727,4.127700747308083,-0.005987700201622445,0.15052629358147585,0.0722692966899267,0.41801639616164893,,0.438372133136939,0.3813140133453832,4.3545379837778935,5.174224130260216,3.425775869739784,4.245462016222106
gen=32_member=3991_pso,50.0,114.11748498664006,113.6728294514638,4.7412011901892335,3.8587988098107666,4.747178259998371,3.8528217400016285,0.005977069809137703,-0.005977069809138147,0.18750289229413794,0.18750289229413794,4.404026186631375,4.701136817135488,5.031342758364093,3.477294003273436,3.8175206149477847,4.122438024052702,-0.005977069809137984,0.15052998363469272,0.07227645691277738,0.41801639616164893,,0.4382855504504617,0.38140433015407194,4.3597968600351615,5.179486740639695,3.4205132593603045,4.240203139964838
gen=46_member=5774_pso,50.0,113.69864725552864,113.69864725552864,4.799183081404655,3.8008169185953444,4.805025201228595,3.7949747987714044,0.00584211982394045,-0.005842119823940006,0.18643629812346302,0.18643629812346302,4.463592669297383,4.75923528871717,5.087527224849882,3.4217844735002325,3.759775786648782,4.06313695215049,-0.005842119823940549,0.1496905932986508,0.07192423673735514,0.41801639616164893,,0.4354308082727023,0.3795853324127192,4.419597748991936,5.234613889677357,3.3653861103226426,4.180402251008064
gen=36_member=4531_pso,50.0,113.7461384682562,113.7461384682562,4.5651744885854155,4.034825511414584,4.571594843899915,4.028405156100085,0.006420355314499915,-0.006420355314499027,0.1921647900349745,0.19216479003497453,4.22065216605874,4.5241257474937235,4.863143042811799,3.6427975712277605,3.9924534702100445,4.304387723792994,-0.006420355314499171,0.15426534581185466,0.07392249524867776,0.41801639616164893,,0.4506376112583217,0.3895085107619316,4.175665977823484,5.015812099843737,3.584187900156263,4.424334022176516
gen=44_member=5592_pso,50.0,113.83513390610548,113.76481946062475,4.73883868894343,3.86116131105657,4.7448126979125265,3.855187302087473,0.005974008969096722,-0.005974008969096722,0.18795935374434888,0.18795935374434874,4.400775725192845,4.69867404328518,5.029647888260188,3.478800391598064,3.819781262974912,4.125487377463208,-0.005974008969096802,0.15089822889892762,0.07246210996491541,0.41801639616164893,,0.43925737640977225,0.3824090836071665,4.356429605336263,5.178096065353202,3.421903934646798,4.243570394663736
gen=40_member=5102_pso,50.0,113.76569959363228,113.76569959363228,4.73123341350035,3.86876658649965,4.7372368441162145,3.862763155883786,0.006003430615864502,-0.006003430615864058,0.18809678343669214,0.1880967834366921,4.393009543468152,4.691025862870591,5.02230700461051,3.4860464617674642,3.8273381868893104,4.133237378700313,-0.0060034306158640045,0.15101203847243566,0.07250430392828583,0.41801639616164893,,0.4397197972513638,0.3825485757812981,4.348684837719052,5.170953210751714,3.4290467892482854,4.251315162280948
gen=47_member=5934_pso,50.0,113.82797755135174,113.82797755135174,4.7275234653692735,3.8724765346307266,4.733525570683496,3.8664744293165034,0.006002105314222739,-0.006002105314223183,0.1883704697933983,0.18837046979339842,4.388768372992529,4.687246399869995,5.018998205934737,3.489245950926341,3.830979654510858,4.137362875881795,-0.006002105314223002,0.15123541463117263,0.07261665465847482,0.41801639616164893,,0.44031209961096174,0.3831291764715852,4.344394288897688,5.167835564980235,3.432164435019764,4.255605711102311
gen=49_member=6222_pso,50.0,113.86456508053438,113.86456508053438,4.705847352519223,3.894152647480776,4.7118785596749575,3.888121440325043,0.006031207155734464,-0.0060312071557331315,0.18892345048451112,0.18892345048451115,4.366145924450313,4.665478866882169,4.998203958170962,3.50973436612829,3.8525556763727367,4.15977292847011,-0.00603120715573344,0.1516711423044899,0.07281996757437824,0.41801639616164893,,0.4416481973357529,0.38425423332473585,4.321593119194487,5.147495549854976,3.4525044501450237,4.2784068808055125
gen=50_member=6314_pso,50.0,113.86884680000001,113.86884680000001,4.704768637442159,3.895231362557841,4.7108014013107615,3.889198598689239,0.006032763868602409,-0.006032763868601965,0.18897972726844264,0.18897972726844264,4.3649648661009435,4.66438708361174,4.997211691358385,3.510700561077427,3.8536210225202163,4.1609321625171685,-0.006032763868601725,0.15171667065517197,0.07284195339328513,0.41801639616164893,,0.44177865794747717,0.3843675391166812,4.320401098325478,5.146547295389636,3.453452704610364,4.279598901674522
gen=39_member=4891_pso,50.0,114.04452867622658,114.03231986760247,4.466077227336892,4.133922772663108,4.472593488559002,4.127406511440998,0.006516261222110131,-0.006516261222110131,0.1950863865240353,0.19508638652403537,4.116439771201562,4.424410042113615,4.768610111136541,3.7357999315783714,4.090980023827216,4.4074597976532495,-0.006516261222109538,0.15659982313353224,0.07504178095571136,0.41801639616164893,,0.45755723168916607,0.3954698220121733,4.0706074053247185,4.923634459026058,3.6763655409739413,4.529392594675281
gen=50_member=6331_pso,50.0,114.13882836846665,114.05054430401732,4.502363235074104,4.097636764925896,4.508845944848179,4.09115405515182,0.006482709774075168,-0.006482709774075168,0.19426865755986947,0.1942686575598694,4.154046233766255,4.460899217582922,4.803576594990086,3.701307400365035,4.0548339636312605,4.370144423148676,-0.006482709774074875,0.15594317103755187,0.07473023063173852,0.41801639616164893,,0.45554262510174404,0.39388335336037095,4.108479881713733,4.957905860175848,3.6420941398241515,4.4915201182862665
gen=43_member=5423_pso,50.0,114.14786179689636,114.14786179689636,4.438608458609333,4.161391541390667,4.445188475630275,4.154811524369724,0.006580017020941575,-0.0065800170209424635,0.19613019243540242,0.19613019243540245,4.0870773354666685,4.3967575879683976,4.742780396169167,3.7611336431920304,4.118177979159922,4.43643339439023,-0.006580017020942111,0.15743387167365883,0.07542692732635836,0.41801639616164893,,0.46007483087877343,0.3975059294390464,4.041102529170287,4.8986832894881065,3.7013167105118927,4.558897470829713
gen=42_member=5263_pso,50.0,114.5217720819255,114.2226322908421,4.405982573321649,4.194017426678351,4.412591993856692,4.1874080061433085,0.00660942053504332,-0.006609420535042432,0.19705080675145295,0.19705080675145292,4.052880652517475,4.3639173969246965,4.711605691314586,3.7918127615923773,4.1506316304680935,4.470280419636505,-0.006609420535042215,0.15817243692047672,0.07578150819271724,0.41801639616164893,,0.4622744956284688,0.39935574500302806,4.006626828318621,4.8682570689501174,3.731742931049882,4.593373171681379
gen=44_member=5540_pso,50.0,114.53935053258057,114.24014400405802,4.40229865627693,4.19770134372307,4.408915419434286,4.191084580565714,0.006616763157356154,-0.006616763157356154,0.19718680176635378,0.1971868017663538,4.04897382579602,4.360200772850186,4.708141939577884,3.7952011134555956,4.154287509369766,4.474139440276948,-0.006616763157356308,0.15828192627407062,0.07583258155835715,0.41801639616164893,,0.4626156255073628,0.39961432990114254,4.002684326375787,4.8649142817842925,3.7350857182157067,4.5973156736242125
gen=42_member=5264_pso,50.0,115.23581890516928,114.57582236251024,4.357382539951839,4.2426174600481605,4.363992701377788,4.236007298622212,0.006610161425949279,-0.006610161425948391,0.19986193614406958,0.19986193614406964,3.998758932044769,4.31464090133746,4.667160001464599,3.8351883909127524,4.1985260210699415,4.523149819377042,-0.006610161425948223,0.1604574603951635,0.07692364948460766,0.41801639616164893,,0.4682808141361381,0.40546349174163954,3.9519190482101996,4.825663354087977,3.774336645912022,4.6480809517898
gen=40_member=5105_pso,50.0,115.56391478569493,114.61935880162932,4.318901903573145,4.281098096426855,4.325577534903354,4.274422465096645,0.0066756313302089865,-0.006675631330209875,0.20068953506815856,0.2006895350681586,3.9589816024425475,4.276042982504949,4.630018261930714,3.8717810247813924,4.236856867797047,4.562694568545883,-0.006675631330209203,0.16110668340681578,0.07721552603830328,0.41801639616164893,,0.4704770708097614,0.40693456244427306,3.9119673411288716,4.789378974382906,3.810621025617094,4.688032658871128
gen=50_member=6375_pso,50.0,114.69132797029671,114.69132797029671,4.306661204551666,4.293338795448333,4.313354552892484,4.286645447107516,0.006693348340817806,-0.006693348340816918,0.20128366087124794,0.20128366087124797,3.945667366759125,4.263671872099002,4.61869369313931,3.882822697326224,4.248963202064815,4.575776729423698,-0.0066933483408177195,0.16158501201596964,0.07744583183757596,0.41801639616164893,,0.4718574258437602,0.4081405440344872,3.898520660517179,4.778518630395427,3.8214813696045726,4.7014793394828205
30,50.0,116.27315743031438,116.27315743031438,3.9093383495918115,4.690661650408188,3.916910134594112,4.683089865405888,0.007571785002300491,-0.007571785002300047,0.21842286216264717,0.2184228621626472,3.518984652125106,3.862630343894668,4.248711881995312,4.243797596279281,4.642583940629243,4.996132290131371,-0.0075717850023006485,0.1753296133804359,0.08387891418906764,0.41801639616164893,,0.5138380579982655,0.441256712820179,3.4680816367716325,4.423176407590077,4.176823592409923,5.131918363228367
18,50.0,116.27397312519085,116.27397312519085,4.032939814289706,4.567060185710294,4.040416488975654,4.559583511024347,0.007476674685948481,-0.007476674685946705,0.21651729357888796,0.21651729357888796,3.6456823388791633,3.9867118141595608,4.369202914203389,4.124631243269988,4.519245671801294,4.870189888021045,-0.007476674685947489,0.1738254801549455,0.08317440273449901,0.41801639616164893,,0.5085331386223171,0.4378769353008609,3.595062878988845,4.541472952912023,4.058527047087977,5.004937121011155
64,50.0,116.39420226778142,116.39420226778142,4.142734734648823,4.457265265351177,4.149966154357414,4.4500338456425865,0.0072314197085914245,-0.007231419708590536,0.21421655673291312,0.2142165567329131,3.7590818038854055,4.096928191246581,4.475123413966197,4.019965207516593,4.410030149235301,4.757532546038196,-0.007231419708590887,0.1719797017476217,0.0823741410195154,0.41801639616164893,,0.5025371864028303,0.43373192617979317,3.7090028084690294,4.645271921051653,3.9547280789483468,4.89099719153097
105,50.0,116.58488216275714,116.58488216275714,4.007786275168753,4.592213724831247,4.015183619867076,4.584816380132923,0.007397344698323316,-0.007397344698323316,0.21853116427829475,0.21853116427829475,3.616524898306115,3.961048425541402,4.346927150510471,4.145989791849418,4.544039856384071,4.898465356505757,-0.007397344698322995,0.17544240263363928,0.08402252896765815,0.41801639616164893,,0.5127697720750328,0.4423175218795725,3.5654687532891804,4.520556047243786,4.079443952756214,5.034531246710819
90,50.0,116.67420011609178,116.67420011609178,4.024778407074204,4.5752215929257956,4.032061653910461,4.567938346089539,0.007283246836256474,-0.007283246836256474,0.2175200263154781,0.2175200263154781,3.6349958486877303,3.978246839483834,4.362174257164554,4.131369722865467,4.527271039885114,4.880268992978867,-0.007283246836256132,0.17463343686381277,0.08367509501377829,0.41801639616164893,,0.5100502090603278,0.44062609759467986,3.5841523094795242,4.534828616134532,4.065171383865468,5.015847690520475
8,50.0,116.81868744021499,116.81868744021499,4.0256290590736885,4.574370940926311,4.032950726464122,4.567049273535877,0.007321667390433717,-0.007321667390433717,0.2191368451463294,0.2191368451463294,3.6330030748176205,3.9787214701949103,4.36551193613588,4.127211528419777,4.5260992623219645,4.8816700236116315,-0.007321667390434376,0.1759344205668228,0.08430637658819422,0.41801639616164893,,0.5138595909402497,0.44384783388860694,3.5817812251850816,4.539488650013938,4.0605113499860614,5.018218774814918
56,50.0,117.27557653095823,117.27557653095823,3.802679563058498,4.797320436941502,3.810297706577696,4.789702293422303,0.007618143519198206,-0.007618143519199094,0.22423295576777738,0.22423295576777738,3.401267809251553,3.7547339283677785,4.150717151407501,4.339373225867326,4.747877028212223,5.111522905718683,-0.007618143519197941,0.18001667736181806,0.08619926692131004,0.41801639616164893,,0.526296565551867,0.4537646402262201,3.348914922832278,4.328976128610365,4.271023871389635,5.251085077167722
35,50.0,117.41565744237754,117.41565744237754,3.805159370833632,4.794840629166368,3.812868333962801,4.787131666037199,0.007708963129168911,-0.007708963129168467,0.2252841767167104,0.2252841767167104,3.4020973769654455,3.7569930600534347,4.1549536494775134,4.334511078870314,4.74517164127244,5.110366583255515,-0.007708963129168614,0.18085651684824597,0.0865737768595387,0.41801639616164893,,0.5290403032259885,0.4556348417119196,3.3495245291217124,4.3341996740596205,4.265800325940379,5.250475470878287
