member,generation,raw_total_pumping_cfs,effective_total_pumping_cfs,T_factor__T_minus_10pct,T_value__T_minus_10pct,depletion_cfs__T_minus_10pct,streamflow_cfs__T_minus_10pct,ag_receipts_reeval__T_minus_10pct,fish_prob_reeval__T_minus_10pct,T_factor__baseline_T,T_value__baseline_T,depletion_cfs__baseline_T,streamflow_cfs__baseline_T,ag_receipts_reeval__baseline_T,fish_prob_reeval__baseline_T,T_factor__T_plus_10pct,T_value__T_plus_10pct,depletion_cfs__T_plus_10pct,streamflow_cfs__T_plus_10pct,ag_receipts_reeval__T_plus_10pct,fish_prob_reeval__T_plus_10pct
gen=47_member=5907_pso,50,94.52947087594241,92.98903145662663,0.9,1530.0,1.333014701783983,7.266985298216016,9738959.963789836,0.7202631249129149,1.0,1700.0,1.4248247829017298,7.175175217098269,9738959.963789836,0.7191930975356632,1.1,1870.0000000000002,1.5121039802921465,7.087896019707853,9738959.963789836,0.7181758766647598
56,50,117.27557653095823,117.27557653095823,0.9,1530.0,4.544447536037786,4.055552463962214,12446397.913772527,0.5594810123987208,1.0,1700.0,4.797320436941502,3.802679563058498,12446397.913772527,0.5333455781375429,1.1,1870.0000000000002,5.032107879003476,3.5678921209965235,12446397.913772527,0.5083652508034485
64,50,116.39420226778142,116.39420226778142,0.9,1530.0,4.215746404959052,4.384253595040947,12377834.289729021,0.5899025809897285,1.0,1700.0,4.457265265351177,4.142734734648823,12377834.289729021,0.5675498055267164,1.1,1870.0000000000002,4.6816305993935865,3.918369400606413,12377834.289729021,0.5456544562691608
gen=40_member=5105_pso,50,115.56391478569493,114.61935880162932,0.9,1530.0,4.055122009288167,4.544877990711833,12283049.42442162,0.6040414898615462,1.0,1700.0,4.281098096426855,4.318901903573145,12283049.42442162,0.5838542264921289,1.1,1870.0000000000002,4.4914258970268515,4.108574102973148,12283049.42442162,0.5643882100791341
30,50,116.27315743031438,116.27315743031438,0.9,1530.0,4.4443360055369245,4.155663994463075,12433371.76921002,0.5687464194932684,1.0,1700.0,4.690661650408188,3.9093383495918115,12433371.76921002,0.544693593079314,1.1,1870.0000000000002,4.9190924629841914,3.680907537015808,12433371.76921002,0.5203895825188364
gen=36_member=4531_pso,50,113.7461384682562,113.7461384682562,0.9,1530.0,3.8184120952983847,4.781587904701615,12223597.44766552,0.6221145359459419,1.0,1700.0,4.034825511414584,4.5651744885854155,12223597.44766552,0.6055911484087455,1.1,1870.0000000000002,4.236171018969417,4.363828981030583,12223597.44766552,0.5880122656323642
105,50,116.58488216275714,116.58488216275714,0.9,1530.0,4.345759256245747,4.254240743754252,12417148.746273495,0.5778697812845662,1.0,1700.0,4.592213724831247,4.007786275168753,12417148.746273495,0.5550602110952924,1.1,1870.0000000000002,4.8210726110055475,3.778927388994452,12417148.746273495,0.5308184536976437
gen=49_member=6222_pso,50,113.86456508053438,113.86456508053438,0.9,1530.0,3.6816699627228275,4.9183300372771726,12218818.301128551,0.6325549388089301,1.0,1700.0,3.894152647480776,4.705847352519223,12218818.301128551,0.6163316666652364,1.1,1870.0000000000002,4.092487543558219,4.507512456441781,12218818.301128551,0.6011885927798469
18,50,116.27397312519085,116.27397312519085,0.9,1530.0,4.322867983040561,4.277132016959438,12390900.705456987,0.5799883880434225,1.0,1700.0,4.567060185710294,4.032939814289706,12390900.705456987,0.5573881924842319,1.1,1870.0000000000002,4.793680302315715,3.806319697684285,12390900.705456987,0.533732872081775
35,50,117.41565744237754,117.41565744237754,0.9,1530.0,4.540685200807719,4.059314799192281,12440134.96511929,0.5598292197166824,1.0,1700.0,4.794840629166368,3.805159370833632,12440134.96511929,0.5336094185261279,1.1,1870.0000000000002,5.030661778170211,3.5693382218297884,12440134.96511929,0.5085191094249141
gen=44_member=5567_pso,50,95.7796865465025,93.72999863771516,0.9,1530.0,1.345785290080232,7.254214709919768,9875603.379483644,0.7201142863656199,1.0,1700.0,1.4395496709767714,7.160450329023228,9875603.379483644,0.7190214820314021,1.1,1870.0000000000002,1.5286649647243682,7.071335035275632,9875603.379483644,0.7179828618397975
gen=49_member=6144_pso,50,93.87032135886894,93.14157028132627,0.9,1530.0,1.3459160899614546,7.2540839100385455,9757774.55799681,0.7201127619202415,1.0,1700.0,1.4384754136095979,7.161524586390402,9757774.55799681,0.7190340022773174,1.1,1870.0000000000002,1.5263962819997428,7.073603718000257,9757774.55799681,0.7180093028645314
gen=46_member=5849_pso,50,100.75129470860493,96.55375941776099,0.9,1530.0,1.4500971114826657,7.1499028885173335,10309323.448797248,0.7188985538086642,1.0,1700.0,1.551321334323784,7.048678665676215,10309323.448797248,0.717718806569991,1.1,1870.0000000000002,1.6473746750481135,6.952625324951886,10309323.448797248,0.716170508814066
gen=31_member=3852_pso,50,113.20384734630632,112.4311769372547,0.9,1530.0,3.1769262252388244,5.423073774761175,12085489.190941257,0.663817254200947,1.0,1700.0,3.3700860966244046,5.229913903375595,12085489.190941257,0.6523909731597901,1.1,1870.0000000000002,3.550710375943868,5.049289624056131,12085489.190941257,0.641706229151855
gen=37_member=4697_pso,50,95.6479327163654,94.70530117801378,0.9,1530.0,1.3737935326423913,7.226206467357608,9951183.919557761,0.7197878561308859,1.0,1700.0,1.470852475148528,7.129147524851472,9951183.919557761,0.7186566543671551,1.1,1870.0000000000002,1.5630105450762,7.0369894549238,9951183.919557761,0.7175825712527875
gen=42_member=5264_pso,50,115.23581890516928,114.57582236251024,0.9,1530.0,4.017601579463494,4.582398420536506,12275991.063515613,0.6069062133786056,1.0,1700.0,4.2426174600481605,4.357382539951839,12275991.063515613,0.5874156420405886,1.1,1870.0000000000002,4.452066833022057,4.147933166977943,12275991.063515613,0.5680309248497533
gen=43_member=5399_pso,50,112.87509962484884,112.655441579843,0.9,1530.0,3.0524150612293806,5.547584938770619,12075652.37136835,0.6705238031001248,1.0,1700.0,3.2449071401041327,5.355092859895867,12075652.37136835,0.6597958752617604,1.1,1870.0000000000002,3.4254850548834237,5.1745149451165755,12075652.37136835,0.64911387392632
gen=35_member=4383_pso,50,98.91353384100007,97.35903839517434,0.9,1530.0,1.4864647281584709,7.113535271841529,10482596.881225228,0.7184746968093593,1.0,1700.0,1.5905626741745822,7.0094373258254175,10482596.881225228,0.7172614569254945,1.1,1870.0000000000002,1.689303049861351,6.910696950138648,10482596.881225228,0.7153023239345205
gen=47_member=5964_pso,50,101.01781352558181,99.7331389643857,0.9,1530.0,1.6277603916982963,6.972239608301703,10840089.258866806,0.7165766496268994,1.0,1700.0,1.7413821583575984,6.858617841642401,10840089.258866806,0.7142239541017272,1.1,1870.0000000000002,1.84891441421754,6.75108558578246,10840089.258866806,0.7119973503037775
gen=45_member=5721_pso,50,102.66137190388338,101.16634606078696,0.9,1530.0,1.6797172968279601,6.92028270317204,10935459.38484597,0.715500810183504,1.0,1700.0,1.7996815675413265,6.800318432458673,10935459.38484597,0.713016784356532,1.1,1870.0000000000002,1.9125833233829936,6.687416676617006,10935459.38484597,0.710678997649261
gen=47_member=5893_pso,50,99.51097389730381,95.09080212042277,0.9,1530.0,1.3755174700109913,7.224482529989008,10050330.220899835,0.7197677639998409,1.0,1700.0,1.4732596768179467,7.126740323182053,10050330.220899835,0.7186285989329644,1.1,1870.0000000000002,1.566091549391124,7.033908450608876,10050330.220899835,0.7175466627890734
gen=35_member=4446_pso,50,108.73697829937431,105.4367433639537,0.9,1530.0,1.9767888312284034,6.623211168771596,11409792.203285765,0.7093495339783409,1.0,1700.0,2.113405259209862,6.486594740790137,11409792.203285765,0.7063753109505794,1.1,1870.0000000000002,2.2417765495040345,6.358223450495965,11409792.203285765,0.7023249116939155
gen=45_member=5683_pso,50,99.55477716486982,96.66013154313829,0.9,1530.0,1.4331626908190813,7.166837309180918,10240771.73598947,0.7190959209551401,1.0,1700.0,1.5340799870711133,7.065920012928887,10240771.73598947,0.7179197508819495,1.1,1870.0000000000002,1.6299560286019414,6.970043971398058,10240771.73598947,0.7165311859338942
gen=49_member=6242_pso,50,110.93962256124044,109.70805418139967,0.9,1530.0,2.4487996836583483,6.151200316341651,11866171.531540677,0.6957928721173924,1.0,1700.0,2.615161298943316,5.984838701056684,11866171.531540677,0.6903352268135348,1.1,1870.0000000000002,2.7711957597268784,5.828804240273121,11866171.531540677,0.6832654996136709
gen=45_member=5670_pso,50,98.45889126003648,97.16152504482936,0.9,1530.0,1.4663621065844774,7.133637893415522,10406231.87516301,0.7187089886777122,1.0,1700.0,1.5706107996603436,7.029389200339656,10406231.87516301,0.7174939918682569,1.1,1870.0000000000002,1.669439071475525,6.930560928524475,10406231.87516301,0.7157136350277602
gen=38_member=4778_pso,50,96.28697086898289,95.73899656502617,0.9,1530.0,1.432014780002346,7.167985219997654,10164356.433517821,0.7191092996166726,1.0,1700.0,1.532301537862676,7.067698462137324,10164356.433517821,0.7179404783371365,1.1,1870.0000000000002,1.6274757304487473,6.972524269551252,10164356.433517821,0.7165825439310253
gen=43_member=5423_pso,50,114.14786179689636,114.14786179689636,0.9,1530.0,3.9404893204381537,4.659510679561846,12257750.350139363,0.6127938138915989,1.0,1700.0,4.161391541390667,4.438608458609333,12257750.350139363,0.5949331697342024,1.1,1870.0000000000002,4.366885497323149,4.233114502676851,12257750.350139363,0.5759145297468027
gen=38_member=4827_pso,50,113.58228336854604,113.21257762424806,0.9,1530.0,3.489505962630398,5.110494037369602,12171637.808199104,0.6453267473395217,1.0,1700.0,3.6942238435807764,4.905776156419224,12171637.808199104,0.6315964370568931,1.1,1870.0000000000002,3.8852287890089605,4.714771210991039,12171637.808199104,0.617013012463954
gen=46_member=5827_pso,50,114.11920195538859,113.22333719727689,0.9,1530.0,3.352873664679044,5.247126335320956,12142688.246643651,0.6534091664491037,1.0,1700.0,3.55433404505438,5.045665954945619,12142688.246643651,0.6414918727156044,1.1,1870.0000000000002,3.7429797180635505,4.85702028193645,12142688.246643651,0.6278738757515384
gen=49_member=6197_pso,50,103.38252010742895,101.62467203250553,0.9,1530.0,1.710400780945144,6.889599219054856,10994705.05589987,0.7148654662885647,1.0,1700.0,1.8329120045363683,6.767087995463632,10994705.05589987,0.7123287022863757,1.1,1870.0000000000002,1.948083179211274,6.651916820788726,10994705.05589987,0.7099439241293967
gen=34_member=4254_pso,50,109.81719802653583,109.37435490938714,0.9,1530.0,2.4105510513701263,6.189448948629874,11826081.210188618,0.6969997013970047,1.0,1700.0,2.567989490219597,6.032010509780402,11826081.210188618,0.6920321690599462,1.1,1870.0000000000002,2.716259208031916,5.8837407919680835,11826081.210188618,0.6857546063906881
gen=46_member=5867_pso,50,105.21533215860791,103.53371204745807,0.9,1530.0,1.852607100959544,6.747392899040456,11245910.539729662,0.7119208881273019,1.0,1700.0,1.9786016706863572,6.621398329313642,11245910.539729662,0.7093119966348724,1.1,1870.0000000000002,2.0974679427646374,6.502532057235362,11245910.539729662,0.7068507063853463
gen=31_member=3915_pso,50,113.13347995202655,113.0032712800369,0.9,1530.0,3.4581352203206177,5.141864779679382,12151250.97606472,0.6471824687972448,1.0,1700.0,3.661584123403055,4.938415876596945,12151250.97606472,0.6340885133582651,1.1,1870.0000000000002,3.8513802277643334,4.748619772235666,12151250.97606472,0.6195973850276273
gen=47_member=5976_pso,50,107.22293932834354,104.56205629468799,0.9,1530.0,1.9605126269293602,6.639487373070639,11362024.609674983,0.7096865552564554,1.0,1700.0,2.0903335195470634,6.509666480452936,11362024.609674983,0.7069984344666127,1.1,1870.0000000000002,2.2123318822806337,6.387668117719366,11362024.609674983,0.7032539563265673
gen=39_member=4925_pso,50,111.72583306287677,110.5852186046211,0.9,1530.0,2.5658058771706584,6.034194122829341,11896391.93605654,0.6921010669003433,1.0,1700.0,2.7357023605755346,5.864297639424465,11896391.93605654,0.6848736613500962,1.1,1870.0000000000002,2.8969960090328883,5.703003990967112,11896391.93605654,0.6775656469029161
gen=36_member=4494_pso,50,98.48460680972522,96.85103265995991,0.9,1530.0,1.4788802925425768,7.121119707457423,10420504.849209998,0.718563091827109,1.0,1700.0,1.5819928162554864,7.018007183744514,10420504.849209998,0.7173613368349876,1.1,1870.0000000000002,1.679719134294696,6.920280865705304,10420504.849209998,0.7155007721362187
gen=44_member=5537_pso,50,100.63717773873304,98.65700758717853,0.9,1530.0,1.5668961699541073,7.033103830045892,10636170.166640699,0.717537285103963,1.0,1700.0,1.675585522721344,6.924414477278655,10636170.166640699,0.7155863642699917,1.1,1870.0000000000002,1.7786608383162392,6.821339161683761,10636170.166640699,0.713452047572708
gen=46_member=5774_pso,50,113.69864725552864,113.69864725552864,0.9,1530.0,3.591170219917376,5.008829780082624,12198824.129546277,0.6393128461742914,1.0,1700.0,3.8008169185953444,4.799183081404655,12198824.129546277,0.6234579458355287,1.1,1870.0000000000002,3.996535335926126,4.603464664073874,12198824.129546277,0.608514642801179
gen=37_member=4723_pso,50,106.8511723206405,104.51778202732396,0.9,1530.0,1.903988769478621,6.696011230521378,11316939.89607805,0.7108569597520005,1.0,1700.0,2.034749716728347,6.565250283271652,11316939.89607805,0.7081493738333254,1.1,1870.0000000000002,2.157924787323256,6.442075212676744,11316939.89607805,0.7049706209831864
gen=45_member=5711_pso,50,100.17642906394414,98.88330928345108,0.9,1530.0,1.56856564293954,7.031434357060459,10701015.255649135,0.7175178277439623,1.0,1700.0,1.677969569941643,6.922030430058356,10701015.255649135,0.7155369992812936,1.1,1870.0000000000002,1.7817040696211628,6.818295930378837,10701015.255649135,0.7133890332675825
gen=29_member=3643_pso,50,104.2103519446892,102.35342522480737,0.9,1530.0,1.767839495759514,6.832160504240486,11063367.898928545,0.7136761184084124,1.0,1700.0,1.8928564245507165,6.707143575449283,11063367.898928545,0.7110874703211161,1.1,1870.0000000000002,2.0104460182556028,6.589553981744396,11063367.898928545,0.7086526154596717
gen=28_member=3493_pso,50,112.70825437281928,111.98587538795978,0.9,1530.0,2.907319189567583,5.6926808104324165,12010002.111146484,0.6770979164422938,1.0,1700.0,3.090806842299113,5.509193157700887,12010002.111146484,0.6687843192866332,1.1,1870.0000000000002,3.2627429162770727,5.3372570837229265,12010002.111146484,0.6587408083388157
gen=39_member=4935_pso,50,106.3801681691645,103.94532287253078,0.9,1530.0,1.8913658813510754,6.7086341186489244,11281519.05267382,0.71111833407565,1.0,1700.0,2.0213117755318537,6.578688224468146,11281519.05267382,0.7084276249558883,1.1,1870.0000000000002,2.143474874181802,6.456525125818198,11281519.05267382,0.7054265478287676
gen=44_member=5540_pso,50,114.53935053258057,114.24014400405802,0.9,1530.0,3.9755948187690247,4.6244051812309745,12269791.265440106,0.61011347288494,1.0,1700.0,4.19770134372307,4.40229865627693,12269791.265440106,0.5915726667187243,1.1,1870.0000000000002,4.404296078177204,4.195703921822796,12269791.265440106,0.5724521487451125
gen=42_member=5321_pso,50,112.74271276140006,111.78601953470147,0.9,1530.0,2.8559192629302386,5.744080737069761,11999286.1007488,0.6794267831400362,1.0,1700.0,3.0375429553571123,5.562457044642887,11999286.1007488,0.6711976397056825,1.1,1870.0000000000002,3.207760297911359,5.392239702088641,11999286.1007488,0.6619932791823648
gen=39_member=4882_pso,50,102.04861038689992,99.8747179039148,0.9,1530.0,1.6193798398545118,6.980620160145488,10775264.386121174,0.7167501805215604,1.0,1700.0,1.7311642872531274,6.868835712746872,10775264.386121174,0.7144355292279647,1.1,1870.0000000000002,1.8368682441419808,6.763131755858019,10775264.386121174,0.7122467828840437
gen=39_member=4970_pso,50,112.550902105522,111.96893622141724,0.9,1530.0,2.94644385374508,5.653556146254919,12038325.731098836,0.675325226607419,1.0,1700.0,3.133476939671035,5.4665230603289645,12038325.731098836,0.6663874761853259,1.1,1870.0000000000002,3.3087113606401584,5.291288639359841,12038325.731098836,0.6560215667046726
gen=32_member=3991_pso,50,114.11748498664006,113.6728294514638,0.9,1530.0,3.647922944150732,4.9520770558492675,12200978.588406555,0.6351315584848206,1.0,1700.0,3.8587988098107666,4.7412011901892335,12200978.588406555,0.6190309686365849,1.1,1870.0000000000002,4.055654082008841,4.5443459179911585,12200978.588406555,0.6040008655605233
gen=37_member=4713_pso,50,113.62329616992702,113.25725659789096,0.9,1530.0,3.5193924808750667,5.080607519124933,12177156.784652073,0.6435588244559763,1.0,1700.0,3.725031305386037,4.874968694613963,12177156.784652073,0.6292442555721168,1.1,1870.0000000000002,3.9169916657718766,4.6830083342281235,12177156.784652073,0.6145878840617109
gen=41_member=5214_pso,50,112.83850155832631,111.63241981318505,0.9,1530.0,2.7457403014964727,5.854259698503527,11978411.285790766,0.6844188547413316,1.0,1700.0,2.9217675048988117,5.678232495101188,11978411.285790766,0.6764432812586526,1.1,1870.0000000000002,3.0871071533441445,5.5128928466558555,11978411.285790766,0.668951947588129
gen=47_member=5902_pso,50,104.82619723989076,102.73306098283294,0.9,1530.0,1.777121939082779,6.822878060917221,11103175.487190865,0.713483912605674,1.0,1700.0,1.9035170647950834,6.696482935204916,11103175.487190865,0.7108667270486267,1.1,1870.0000000000002,2.0223545895891193,6.577645410410881,11103175.487190865,0.7084060320513045
gen=45_member=5714_pso,50,111.5441493218038,110.83594791720645,0.9,1530.0,2.778567424592553,5.821432575407447,11993278.716311434,0.6829314986542198,1.0,1700.0,2.9583619028947408,5.641638097105259,11993278.716311434,0.6747852346350076,1.1,1870.0000000000002,3.126426889312578,5.473573110687422,11993278.716311434,0.666804518587416
gen=45_member=5725_pso,50,96.33107850210814,94.92444773110908,0.9,1530.0,1.4035359957927998,7.1964640042072,10086052.361235783,0.7194412139163232,1.0,1700.0,1.4995762866896,7.100423713310399,10086052.361235783,0.7183218843249791,1.1,1870.0000000000002,1.5909515254013642,7.009048474598636,10086052.361235783,0.7172569249454193
gen=41_member=5219_pso,50,102.11167767092121,100.48885944280241,0.9,1530.0,1.6485803710842308,6.951419628915769,10877623.213253161,0.7161455432132635,1.0,1700.0,1.765657821452267,6.8343421785477325,10877623.213253161,0.7137212929865848,1.1,1870.0000000000002,1.8759629427584559,6.724037057241544,10877623.213253161,0.7114372731818338
gen=38_member=4779_pso,50,106.95197505014431,106.563046480051,0.9,1530.0,2.0919217490134114,6.508078250986588,11511911.853114262,0.706965547983078,1.0,1700.0,2.2307479046219183,6.369252095378082,11511911.853114262,0.7026728899290035,1.1,1870.0000000000002,2.3609032618442094,6.239096738155791,11511911.853114262,0.6985661993992447
gen=39_member=4891_pso,50,114.04452867622658,114.03231986760247,0.9,1530.0,3.9142064744667353,4.685793525533264,12250726.961103301,0.6148005362906067,1.0,1700.0,4.133922772663108,4.466077227336892,12250726.961103301,0.5974754275877532,1.1,1870.0000000000002,4.338349817873812,4.261650182126187,12250726.961103301,0.5785555310929498
gen=38_member=4772_pso,50,105.96187333443666,104.91317880806483,0.9,1530.0,1.9310292278298407,6.668970772170159,11343536.810518842,0.7102970497344747,1.0,1700.0,2.069298865201697,6.530701134798303,11343536.810518842,0.7074339860216267,1.1,1870.0000000000002,2.1987849660940055,6.401215033905994,11343536.810518842,0.7036813916131229
gen=42_member=5263_pso,50,114.5217720819255,114.2226322908421,0.9,1530.0,3.972068483781182,4.627931516218817,12267261.652988074,0.6103827121984529,1.0,1700.0,4.194017426678351,4.405982573321649,12267261.652988074,0.5919136163670924,1.1,1870.0000000000002,4.400474943035511,4.199525056964489,12267261.652988074,0.5728057980447879
gen=40_member=5076_pso,50,110.12340825700751,109.05327032793033,0.9,1530.0,2.352005261816565,6.247994738183435,11779139.5975923,0.6988469510580866,1.0,1700.0,2.506916806535524,6.093083193464476,11779139.5975923,0.693959147841803,1.1,1870.0000000000002,2.65269954925651,5.947300450743489,11779139.5975923,0.6886344154162203
gen=49_member=6161_pso,50,96.12077302943432,95.02082706734132,0.9,1530.0,1.4109332298124315,7.189066770187568,10118254.813456059,0.7193550006941958,1.0,1700.0,1.507121775700919,7.09287822429908,10118254.813456059,0.7182339432217956,1.1,1870.0000000000002,1.5986588708970948,7.001341129102904,10118254.813456059,0.7171670974386143
gen=43_member=5437_pso,50,110.89639124266456,110.03669614928387,0.9,1530.0,2.5015032537458577,6.098496746254142,11872492.260370716,0.694129957453087,1.0,1700.0,2.664153731853429,5.9358462681465705,11872492.260370716,0.6881154406599326,1.1,1870.0000000000002,2.8170404488368743,5.782959551163126,11872492.260370716,0.681188333813612
gen=44_member=5578_pso,50,100.9755272472946,97.54597327332193,0.9,1530.0,1.5079195579632603,7.092080442036739,10529046.22432401,0.7182246452356551,1.0,1700.0,1.613148945323405,6.9868510546765945,10529046.22432401,0.7168791997941185,1.1,1870.0000000000002,1.712846650465132,6.887153349534867,10529046.22432401,0.7148148211838105
gen=36_member=4573_pso,50,95.34454684297248,94.42085314682879,0.9,1530.0,1.3708931071095682,7.229106892890432,9923883.486663597,0.7198216599864975,1.0,1700.0,1.4670362263043522,7.132963773695647,9923883.486663597,0.7187011319527531,1.1,1870.0000000000002,1.5582696229017106,7.041730377098289,9923883.486663597,0.7176378257134999
gen=44_member=5555_pso,50,108.35905241245798,106.33391522597017,0.9,1530.0,2.038146452474376,6.561853547525624,11481968.855985735,0.7080790397307601,1.0,1700.0,2.1801279813367684,6.419872018663231,11481968.855985735,0.7042700609099659,1.1,1870.0000000000002,2.3130546570439376,6.286945342956062,11481968.855985735,0.7000759291283087
gen=38_member=4840_pso,50,111.54088928533567,110.65515065434496,0.9,1530.0,2.7189464388034064,5.881053561196593,11953765.575695587,0.685632851309265,1.0,1700.0,2.89415036265607,5.705849637343929,11953765.575695587,0.6776945795982344,1.1,1870.0000000000002,3.0580232464755466,5.5419767535244535,11953765.575695587,0.6702697032072064
gen=47_member=5966_pso,50,108.07935121426111,106.8318816343605,0.9,1530.0,2.112595899747401,6.487404100252599,11540755.077291641,0.7064008480387992,1.0,1700.0,2.2515861865427147,6.3484138134572845,11540755.077291641,0.7020153958630895,1.1,1870.0000000000002,2.381749538796445,6.218250461203555,11540755.077291641,0.6979084530723358
gen=47_member=5898_pso,50,109.20208556624591,108.85591904641383,0.9,1530.0,2.3134884280598613,6.286511571940139,11764362.834467728,0.7000622426895697,1.0,1700.0,2.4638199090570296,6.13618009094297,11764362.834467728,0.6953189506537198,1.1,1870.0000000000002,2.604201649283357,5.995798350716642,11764362.834467728,0.6908317948980007
gen=38_member=4768_pso,50,99.4337445899463,97.90858493273069,0.9,1530.0,1.5186982208704085,7.081301779129591,10568987.168558508,0.7180990221639793,1.0,1700.0,1.6246944403027037,6.975305559697296,10568987.168558508,0.7166401343828656,1.1,1870.0000000000002,1.725133899932872,6.874866100067128,10568987.168558508,0.7145603967219368
gen=41_member=5241_pso,50,107.3323158920554,105.80415205228012,0.9,1530.0,1.999519708705937,6.600480291294063,11446374.076925283,0.7088788597818642,1.0,1700.0,2.136021468651098,6.463978531348902,11446374.076925283,0.7056617193235153,1.1,1870.0000000000002,2.2640793623451425,6.335920637654857,11446374.076925283,0.7016212084254811
gen=39_member=4901_pso,50,95.88550708593822,94.20507927130309,0.9,1530.0,1.3678462219367333,7.2321537780632665,9895339.590260155,0.7198571707987154,1.0,1700.0,1.4634930103697525,7.136506989630247,9895339.590260155,0.7187424273966453,1.1,1870.0000000000002,1.5542562723224085,7.045743727677591,9895339.590260155,0.7176846004787771
gen=40_member=5082_pso,50,100.5597504330896,97.74289426286462,0.9,1530.0,1.5356241320300108,7.064375867969989,10606192.66881587,0.7179017541940003,1.0,1700.0,1.6409722314787833,6.959027768521216,10606192.66881587,0.7163030802462714,1.1,1870.0000000000002,1.7408378173383012,6.859162182661699,10606192.66881587,0.7142352254339546
gen=49_member=6158_pso,50,111.2629568994341,110.07893984150185,0.9,1530.0,2.5829243738796457,6.017075626120354,11921105.488845602,0.6915609403176286,1.0,1700.0,2.751981912848804,5.848018087151196,11921105.488845602,0.684136055099977,1.1,1870.0000000000002,2.9098466910617162,5.690153308938283,11921105.488845602,0.6769833984956105
gen=49_member=6216_pso,50,110.87853722112972,110.45432501578411,0.9,1530.0,2.659822143272981,5.9401778567270185,11945134.063002478,0.6883116995469247,1.0,1700.0,2.837117057679754,5.762882942320246,11945134.063002478,0.6802786876565723,1.1,1870.0000000000002,3.0034052058102185,5.596594794189781,11945134.063002478,0.672744378645926
gen=47_member=6002_pso,50,97.00051719808124,95.10238539262453,0.9,1530.0,1.4141117248824433,7.185888275117557,10144439.49189337,0.7193179559960322,1.0,1700.0,1.5102412774079752,7.089758722592024,10144439.49189337,0.7181975860789928,1.1,1870.0000000000002,1.601740579758727,6.998259420241273,10144439.49189337,0.7171154257515446
gen=32_member=3978_pso,50,110.25053912128294,108.89158967774969,0.9,1530.0,2.3034583718201382,6.296541628179861,11724521.462720819,0.7003787132356285,1.0,1700.0,2.453313981441033,6.146686018558967,11724521.462720819,0.6956504359983704,1.1,1870.0000000000002,2.593237581314914,6.006762418685085,11724521.462720819,0.6912355357226143
gen=24_member=2976_pso,50,111.28605767434495,109.8459283969095,0.9,1530.0,2.5163804046191856,6.083619595380814,11884331.744194893,0.6936605503083857,1.0,1700.0,2.6850501292237676,5.914949870776232,11884331.744194893,0.6871686509051157,1.1,1870.0000000000002,2.843105328682115,5.756894671317885,11884331.744194893,0.6800073665511386
gen=46_member=5863_pso,50,110.06685037277339,107.6435948669181,0.9,1530.0,2.1664971830619817,6.433502816938018,11617325.353071578,0.7047001428626628,1.0,1700.0,2.312099736816777,6.287900263183223,11617325.353071578,0.7001060589818718,1.1,1870.0000000000002,2.448437762175988,6.151562237824011,11617325.353071578,0.695804291543806
gen=49_member=6159_pso,50,101.74785503091832,100.67367930629531,0.9,1530.0,1.6609128747254613,6.939087125274538,10903671.696892686,0.7158901817012577,1.0,1700.0,1.7773714633273998,6.8226285366726,10903671.696892686,0.7134787458617392,1.1,1870.0000000000002,1.8873969496719216,6.712603050328078,10903671.696892686,0.711200516284885
gen=49_member=6198_pso,50,108.17573092153894,105.98749701789104,0.9,1530.0,2.0139311251291123,6.586068874870888,11459602.640373657,0.708580451510922,1.0,1700.0,2.150545043857054,6.4494549561429455,11459602.640373657,0.7052034682762328,1.1,1870.0000000000002,2.278894164801539,6.321105835198461,11459602.640373657,0.7011537685117785
gen=39_member=4883_pso,50,108.90827610733855,108.14164050688167,0.9,1530.0,2.2274858546896383,6.372514145310362,11655757.181802921,0.7027758148477344,1.0,1700.0,2.373392739367702,6.2266072606322975,11655757.181802921,0.6981721286505488,1.1,1870.0000000000002,2.509910969452571,6.0900890305474285,11655757.181802921,0.6938646753532446
gen=36_member=4595_pso,50,112.83089954214338,112.53138228389614,0.9,1530.0,2.9975757442099176,5.602424255790082,12058128.274327343,0.6730085042950245,1.0,1700.0,3.188178930123629,5.411821069876371,12058128.274327343,0.6631516057535513,1.1,1870.0000000000002,3.367035714608363,5.2329642853916365,12058128.274327343,0.6525714170684973
gen=44_member=5538_pso,50,110.35978999043485,109.149700497981,0.9,1530.0,2.3704832128401416,6.229516787159858,11819711.981230736,0.6982639306730841,1.0,1700.0,2.5222147023207153,6.077785297679284,11819711.981230736,0.6934764652608703,1.1,1870.0000000000002,2.6641573066192787,5.935842693380721,11819711.981230736,0.6881152786917415
gen=47_member=5958_pso,50,104.46886342205235,103.68786455809354,0.9,1530.0,1.8741906409838858,6.725809359016114,11252182.316333093,0.7114739711366085,1.0,1700.0,2.0026522535261395,6.59734774647386,11252182.316333093,0.7088139961171142,1.1,1870.0000000000002,2.1233790846240943,6.476620915375905,11252182.316333093,0.7060606146119252
gen=46_member=5862_pso,50,113.34583744841463,113.0969236413901,0.9,1530.0,3.273373398421715,5.326626601578285,12127415.605267622,0.6581119671839921,1.0,1700.0,3.472613185398164,5.127386814601836,12127415.605267622,0.6463260316051229,1.1,1870.0000000000002,3.659161464313828,4.940838535686172,12127415.605267622,0.6342734858785469
gen=48_member=6077_pso,50,110.31867225573538,109.01400043970366,0.9,1530.0,2.357218570775184,6.242781429224816,11804869.991800735,0.6986824595843126,1.0,1700.0,2.508382479005553,6.091617520994447,11804869.991800735,0.6939129026208544,1.1,1870.0000000000002,2.649631072553239,5.95036892744676,11804869.991800735,0.6887734442762704
gen=38_member=4784_pso,50,106.1827838891305,103.04783317258301,0.9,1530.0,1.8104049457994704,6.789595054200529,11163326.786992056,0.7127947420068622,1.0,1700.0,1.9335854021290155,6.666414597870984,11163326.786992056,0.7102441206169997,1.1,1870.0000000000002,2.049937764279627,6.550062235720373,11163326.786992056,0.7078348843427937
gen=38_member=4799_pso,50,112.07050960387664,110.56961921480378,0.9,1530.0,2.7055157113299364,5.894484288670063,11949789.008105733,0.6862413808536767,1.0,1700.0,2.8799603574189843,5.720039642581016,11949789.008105733,0.6783375110730322,1.1,1870.0000000000002,3.043085028942177,5.5569149710578225,11949789.008105733,0.6709465352498385
gen=33_member=4144_pso,50,97.77897338467862,96.24435466052263,0.9,1530.0,1.4483022677709323,7.151697732229067,10274983.576880537,0.7189194723383731,1.0,1700.0,1.5511039817159038,7.048896018284096,10274983.576880537,0.7177213397693751,1.1,1870.0000000000002,1.6484275145459806,6.951572485454019,10274983.576880537,0.7161487083188952
gen=40_member=5066_pso,50,109.7860988585555,108.71705079604108,0.9,1530.0,2.3082269714168246,6.291773028583175,11747366.836248316,0.7002282533296987,1.0,1700.0,2.4581485139404498,6.14185148605955,11747366.836248316,0.6954978957629557,1.1,1870.0000000000002,2.6020823314701644,5.997917668529835,11747366.836248316,0.6909278185501725
gen=40_member=5054_pso,50,108.68417066619094,107.34892054322654,0.9,1530.0,2.1363187127335825,6.463681287266417,11588547.789286416,0.7056523406126838,1.0,1700.0,2.2791367860329963,6.320863213967003,11588547.789286416,0.7011461132731867,1.1,1870.0000000000002,2.412953828985931,6.187046171014069,11588547.789286416,0.6969238884278691
gen=45_member=5693_pso,50,100.28955246444755,98.77147178738257,0.9,1530.0,1.5734662478856372,7.0265337521143625,10709593.135838162,0.7174607122137986,1.0,1700.0,1.6855932697084197,6.91440673029158,10709593.135838162,0.7153791400536657,1.1,1870.0000000000002,1.7915621416338563,6.808437858366143,10709593.135838162,0.7131849082782165
gen=48_member=6031_pso,50,112.60765764772395,112.20077846311648,0.9,1530.0,2.960150465539963,5.639849534460037,12052365.848215453,0.674704197087801,1.0,1700.0,3.1481278453861616,5.451872154613838,12052365.848215453,0.6655208087713973,1.1,1870.0000000000002,3.3242668859051254,5.275733114094875,12052365.848215453,0.6551013869481561
gen=31_member=3921_pso,50,113.08998190908493,112.60699541547174,0.9,1530.0,3.2362940319314557,5.363705968068544,12113891.248633971,0.6603053796112556,1.0,1700.0,3.432259262983702,5.167740737016297,12113891.248633971,0.6487131488428448,1.1,1870.0000000000002,3.615532670758251,4.984467329241749,12113891.248633971,0.6376045892668509
gen=44_member=5545_pso,50,108.99844165553478,107.39647421406681,0.9,1530.0,2.1496980787787905,6.450301921221209,11598815.43768315,0.7052301919051343,1.0,1700.0,2.2931497480897933,6.306850251910206,11598815.43768315,0.7007039732045743,1.1,1870.0000000000002,2.4275143208781365,6.172485679121863,11598815.43768315,0.696464472577162
gen=39_member=4943_pso,50,110.40547897790981,107.53122809735844,0.9,1530.0,2.2087135071755934,6.391286492824406,11638206.369778983,0.7033681240957171,1.0,1700.0,2.350363895023021,6.249636104976979,11638206.369778983,0.6988987398250707,1.1,1870.0000000000002,2.4829223166940575,6.117077683305942,11638206.369778983,0.6947162272759599
gen=34_member=4333_pso,50,109.59674723816163,106.99026041312557,0.9,1530.0,2.1297067264818548,6.470293273518145,11563663.491177239,0.7058609634608121,1.0,1700.0,2.272533832543477,6.327466167456523,11563663.491177239,0.70135445111761,1.1,1870.0000000000002,2.407395849606925,6.192604150393075,11563663.491177239,0.6970992550187454
gen=46_member=5865_pso,50,99.34269837540397,97.8101484614914,0.9,1530.0,1.5163254297222886,7.0836745702777115,10532832.151348412,0.7181266765507098,1.0,1700.0,1.6234691380700301,6.9765308619299695,10532832.151348412,0.7166655059570326,1.1,1870.0000000000002,1.724962553054345,6.8750374469456546,10532832.151348412,0.7145639446955885
gen=35_member=4371_pso,50,109.40350715755716,108.63855991370374,0.9,1530.0,2.283906014352471,6.316093985647528,11707227.059533695,0.7009956335296568,1.0,1700.0,2.4360379341798524,6.163962065820147,11707227.059533695,0.6961955336508473,1.1,1870.0000000000002,2.5780932150700946,6.0219067849299055,11707227.059533695,0.6917133741056367
gen=39_member=4906_pso,50,106.00551992707378,102.6470658946195,0.9,1530.0,1.7998957364409742,6.800104263559025,11134328.034844197,0.7130123496938204,1.0,1700.0,1.9250045537733647,6.674995446226635,11134328.034844197,0.7104217989274334,1.1,1870.0000000000002,2.042705128790019,6.557294871209981,11134328.034844197,0.7079846460447274
gen=47_member=5999_pso,50,100.64403481361417,98.01395825622748,0.9,1530.0,1.524857835021022,7.075142164978978,10584561.410868496,0.7180272331437081,1.0,1700.0,1.631188793752154,6.968811206247846,10584561.410868496,0.7165056598297174,1.1,1870.0000000000002,1.731925388974721,6.868074611025278,10584561.410868496,0.7144197695661743
gen=42_member=5333_pso,50,101.40107764307871,99.02927744287139,0.9,1530.0,1.5967494337185442,7.003250566281455,10737093.054913322,0.7171893515313165,1.0,1700.0,1.7060212905279992,6.893978709472,10737093.054913322,0.7149561496832161,1.1,1870.0000000000002,1.8095219080997826,6.7904780919002174,10737093.054913322,0.7128130265214029
gen=46_member=5794_pso,50,110.69241741717775,110.1235704348894,0.9,1530.0,2.616687699192705,5.983312300807295,11924617.05125353,0.6902660675181663,1.0,1700.0,2.786827430244407,5.813172569755593,11924617.05125353,0.6825572480794769,1.1,1870.0000000000002,2.945701579712823,5.654298420287176,11924617.05125353,0.6753588581199019
gen=43_member=5487_pso,50,112.65362085740898,112.59704141874091,0.9,1530.0,3.031478803668409,5.568521196331591,12067409.117305875,0.6714723988705646,1.0,1700.0,3.2233055046572927,5.376694495342707,12067409.117305875,0.6610737098129726,1.1,1870.0000000000002,3.403250776305738,5.196749223694262,12067409.117305875,0.6504291321833982
gen=30_member=3743_pso,50,101.70001094966716,98.87435427861422,0.9,1530.0,1.6010390238400447,6.998960976159955,10742769.128613207,0.7171299524352873,1.0,1700.0,1.713588991356934,6.886411008643066,10742769.128613207,0.7147994499908987,1.1,1870.0000000000002,1.8198630907684907,6.7801369092315085,10742769.128613207,0.7125988980590052
gen=39_member=4904_pso,50,100.67469989672378,98.31130961541429,0.9,1530.0,1.5446245390838156,7.055375460916184,10630263.80682499,0.717796856323998,1.0,1700.0,1.6520747085298877,6.947925291470112,10630263.80682499,0.7160731881327753,1.1,1870.0000000000002,1.753770779318136,6.846229220681863,10630263.80682499,0.7139674306031593
gen=47_member=5956_pso,50,113.51642230234141,113.30463357982367,0.9,1530.0,3.5413202054084048,5.058679794591595,12183071.266239155,0.6422617002587312,1.0,1700.0,3.747697991113233,4.852302008886767,12183071.266239155,0.6275136307375955,1.1,1870.0000000000002,3.9402927079500802,4.659707292049919,12183071.266239155,0.6128088254578566
gen=45_member=5633_pso,50,96.22967772665474,95.30103517422398,0.9,1530.0,1.3951703278324719,7.204829672167528,10052464.229952421,0.7195387140343665,1.0,1700.0,1.4928793436690044,7.107120656330995,10052464.229952421,0.7183999358013387,1.1,1870.0000000000002,1.5857643080913668,7.014235691908633,10052464.229952421,0.7173173808830012
gen=42_member=5374_pso,50,113.20058552538926,112.55915192767122,0.9,1530.0,3.0044668709832183,5.595533129016781,12060715.189592736,0.6726962759184065,1.0,1700.0,3.1953659668389367,5.404634033161063,12060715.189592736,0.6627264599881645,1.1,1870.0000000000002,3.374488785968662,5.225511214031338,12060715.189592736,0.6521305341492258
gen=48_member=6063_pso,50,112.93032608863865,111.52667253885436,0.9,1530.0,2.777187406072341,5.822812593927658,11984089.021979596,0.6829940255756425,1.0,1700.0,2.955054540266959,5.644945459733041,11984089.021979596,0.6749350871189527,1.1,1870.0000000000002,3.121634774370658,5.478365225629341,11984089.021979596,0.667087993885443
gen=37_member=4733_pso,50,110.94304023871513,108.61110973443459,0.9,1530.0,2.2774743731633786,6.322525626836621,11692914.81233409,0.7011985660906035,1.0,1700.0,2.428300631150606,6.171699368849394,11692914.81233409,0.6964396627420671,1.1,1870.0000000000002,2.5691385327551655,6.030861467244835,11692914.81233409,0.6919959142165052
gen=38_member=4788_pso,50,113.26712697697172,112.6235183624327,0.9,1530.0,3.2276016482672585,5.372398351732741,12107032.78287132,0.6608195734650422,1.0,1700.0,3.423190931483538,5.176809068516462,12107032.78287132,0.6492495817134613,1.1,1870.0000000000002,3.605823651343322,4.994176348656678,12107032.78287132,0.6383458829134191
gen=42_member=5267_pso,50,110.0059671154613,107.45552852264503,0.9,1530.0,2.2034200963904658,6.396579903609534,11624016.320151795,0.7035351429599832,1.0,1700.0,2.34734570811154,6.25265429188846,11624016.320151795,0.6989939703239986,1.1,1870.0000000000002,2.4819093680847097,6.11809063191529,11624016.320151795,0.6947481880538328
gen=46_member=5801_pso,50,113.22196912434818,113.1202239034437,0.9,1530.0,3.307633080579183,5.292366919420816,12128869.131304957,0.6560853518528474,1.0,1700.0,3.5082774120981726,5.0917225879018275,12128869.131304957,0.644216331104358,1.1,1870.0000000000002,3.6961352285035876,4.903864771496412,12128869.131304957,0.6314505008465641
gen=47_member=5934_pso,50,113.82797755135174,113.82797755135174,0.9,1530.0,3.6606292834730714,4.939370716526929,12214365.004216783,0.6341614163717763,1.0,1700.0,3.8724765346307266,4.7275234653692735,12214365.004216783,0.6179866602388745,1.1,1870.0000000000002,4.070225624773562,4.529774375226437,12214365.004216783,0.6028883132408139
gen=40_member=5041_pso,50,102.29118560995296,99.76343136219128,0.9,1530.0,1.605925961421964,6.994074038578035,10773385.543513425,0.7170287616465958,1.0,1700.0,1.7202388949108955,6.879761105089104,10773385.543513425,0.7146617545581112,1.1,1870.0000000000002,1.828088994108253,6.771911005891747,10773385.543513425,0.712428569375101
gen=44_member=5596_pso,50,103.21540709514603,102.5820707638887,0.9,1530.0,1.782203699426767,6.8177963005732325,11129305.094874427,0.7133786877427554,1.0,1700.0,1.9064431073117016,6.693556892688298,11129305.094874427,0.7108061392991337,1.1,1870.0000000000002,2.0234310837943124,6.576568916205687,11129305.094874427,0.7083837417527649
gen=46_member=5800_pso,50,97.65505960065083,96.39936894667757,0.9,1530.0,1.4373103770222704,7.162689622977729,10266732.962909713,0.71904758053614,1.0,1700.0,1.5390264643071996,7.0609735356928,10266732.962909713,0.7178621007197982,1.1,1870.0000000000002,1.6355469165621552,6.964453083437844,10266732.962909713,0.7164154188808683
90,50,116.67420011609178,116.67420011609178,0.9,1530.0,4.330041279993649,4.2699587200063505,12416131.199367564,0.5793244933237242,1.0,1700.0,4.5752215929257956,4.024778407074204,12416131.199367564,0.5566328473213152,1.1,1870.0000000000002,4.803105358439439,3.7968946415605602,12416131.199367564,0.5327300885212696
8,50,116.81868744021499,116.81868744021499,0.9,1530.0,4.327392435663461,4.272607564336538,12404528.288386147,0.5795696461140819,1.0,1700.0,4.574370940926311,4.0256290590736885,12404528.288386147,0.5567115758856632,1.1,1870.0000000000002,4.803971722985738,3.796028277014262,12404528.288386147,0.5326379112320283
gen=47_member=5927_pso,50,113.3891113585374,113.32560510319023,0.9,1530.0,3.589401796817447,5.0105982031825524,12191693.59369932,0.6394174564082624,1.0,1700.0,3.797141684463503,4.802858315536497,12191693.59369932,0.623738553752266,1.1,1870.0000000000002,3.9909104472992722,4.609089552700727,12191693.59369932,0.6089441088495553
gen=23_member=2880_pso,50,112.92684908610946,112.54441838708175,0.9,1530.0,3.192334496026636,5.407665503973364,12086117.93737263,0.6629057852135385,1.0,1700.0,3.3864191405675586,5.213580859432441,12086117.93737263,0.6514247996527707,1.1,1870.0000000000002,3.568169918645523,5.031830081354476,12086117.93737263,0.6406734181423626
gen=45_member=5694_pso,50,111.0093069433019,110.26586276980991,0.9,1530.0,2.6444097729162865,5.955590227083713,11937082.887701936,0.6890100148637972,1.0,1700.0,2.8157322378759657,5.784267762124034,11937082.887701936,0.6812476072239025,1.1,1870.0000000000002,2.9756693655388435,5.624330634461156,11937082.887701936,0.6740010550454401
gen=33_member=4157_pso,50,114.04680931292806,113.29195117004582,0.9,1530.0,3.5715697237121025,5.028430276287898,12187167.117334038,0.640472304277991,1.0,1700.0,3.7787561435405195,4.82124385645948,12187167.117334038,0.6251423087652561,1.1,1870.0000000000002,3.972007978250758,4.627992021749241,12187167.117334038,0.6103873318581083
gen=39_member=4884_pso,50,109.73919419703346,108.19045999864461,0.9,1530.0,2.257927829104577,6.342072170895422,11680425.995853443,0.7018153029586733,1.0,1700.0,2.409828710957895,6.190171289042105,11680425.995853443,0.6970224928409644,1.1,1870.0000000000002,2.5517296347425336,6.048270365257466,11680425.995853443,0.6925452036051848
gen=43_member=5440_pso,50,113.26056522804235,112.78527199842394,0.9,1530.0,3.2609168179694343,5.339083182030565,12121098.886050921,0.6588488303224822,1.0,1700.0,3.4579695839817983,5.142030416018201,12121098.886050921,0.6471922669367052,1.1,1870.0000000000002,3.6423425886097456,4.9576574113902545,12121098.886050921,0.635557624386158
gen=33_member=4206_pso,50,108.43121424251783,106.53460570377749,0.9,1530.0,2.1241147266780747,6.475885273321925,11551056.819824193,0.7060374034716321,1.0,1700.0,2.265808249269094,6.334191750730906,11551056.819824193,0.7015666582040447,1.1,1870.0000000000002,2.39865953748268,6.20134046251732,11551056.819824193,0.6973749050652077
gen=48_member=6130_pso,50,108.10197565175143,106.17257835942013,0.9,1530.0,2.0738863797610425,6.526113620238958,11497486.999720298,0.7073389951999489,1.0,1700.0,2.210087501864037,6.3899124981359625,11497486.999720298,0.7033247715123476,1.1,1870.0000000000002,2.337653677847795,6.262346322152204,11497486.999720298,0.69929977539993
gen=40_member=5021_pso,50,114.42298858972939,112.60045387547066,0.9,1530.0,3.2042445378552995,5.395755462144701,12103213.1286555,0.662201252309421,1.0,1700.0,3.3998009564530096,5.20019904354699,12103213.1286555,0.6506332046488428,1.1,1870.0000000000002,3.5825905478133846,5.017409452186615,12103213.1286555,0.6398203726289217
gen=45_member=5738_pso,50,101.44176925683179,100.08957248694635,0.9,1530.0,1.6552958525699482,6.944704147430052,10894885.825538045,0.7160064898988735,1.0,1700.0,1.7694524121880564,6.830547587811943,10894885.825538045,0.7136427207472469,1.1,1870.0000000000002,1.8774473107326637,6.722552689267336,10894885.825538045,0.711406537293867
gen=27_member=3377_pso,50,113.5056141385198,113.33158190018415,0.9,1530.0,3.5635855098612352,5.036414490138764,12186931.25762333,0.6409446066806499,1.0,1700.0,3.7705851599344937,4.829414840065506,12186931.25762333,0.625766171791428,1.1,1870.0000000000002,3.9636845398311267,4.636315460168873,12186931.25762333,0.6110228349665465
gen=46_member=5826_pso,50,113.58942872082606,113.32643562664363,0.9,1530.0,3.5467010558334695,5.05329894416653,12186064.810103523,0.6419433985910183,1.0,1700.0,3.753266245388982,4.846733754611018,12186064.810103523,0.6270884887803406,1.1,1870.0000000000002,3.946037936882895,4.653962063117104,12186064.810103523,0.6123701713029966
gen=41_member=5141_pso,50,103.98262990240966,101.96251410763159,0.9,1530.0,1.7358267767614048,6.864173223238595,11029968.090569744,0.714338985946472,1.0,1700.0,1.8578460473208291,6.74215395267917,11029968.090569744,0.7118124085109114,1.1,1870.0000000000002,1.9727723584250876,6.627227641574912,11029968.090569744,0.7094327005921788
gen=29_member=3677_pso,50,107.49075901812276,106.21526603405167,0.9,1530.0,2.070577230384387,6.529422769615612,11489410.323236927,0.7074075157058299,1.0,1700.0,2.209482384291916,6.390517615708084,11489410.323236927,0.703343864315409,1.1,1870.0000000000002,2.339817002387723,6.260182997612277,11489410.323236927,0.6992315177070427
gen=35_member=4441_pso,50,112.7408049492039,112.55041235853676,0.9,1530.0,3.203184731430501,5.396815268569499,12097747.115144044,0.6622639446583655,1.0,1700.0,3.397762220429597,5.202237779570403,12097747.115144044,0.6507538051162439,1.1,1870.0000000000002,3.579933586705355,5.020066413294645,12097747.115144044,0.6399775439094677
gen=31_member=3912_pso,50,109.43586853534921,108.11778793382103,0.9,1530.0,2.2449935964021086,6.355006403597891,11666347.56033951,0.7022234067208428,1.0,1700.0,2.3965078466113363,6.203492153388663,11666347.56033951,0.6974427956900187,1.1,1870.0000000000002,2.5380799404486947,6.061920059551305,11666347.56033951,0.6929758817692413
gen=44_member=5517_pso,50,114.64506990106455,113.16967286457135,0.9,1530.0,3.3233141527388943,5.276685847261105,12132464.82691212,0.6551577454290171,1.0,1700.0,3.523899213122679,5.076100786877321,12132464.82691212,0.6432922308365611,1.1,1870.0000000000002,3.711743463707243,4.888256536292756,12132464.82691212,0.6302587959898593
gen=49_member=6177_pso,50,113.24006846059348,113.18633487060403,0.9,1530.0,3.3338500012508656,5.266149998749134,12138871.541597325,0.6545345022820772,1.0,1700.0,3.5352889381503494,5.06471106184965,12138871.541597325,0.6426184770272728,1.1,1870.0000000000002,3.723900683744031,4.876099316255969,12138871.541597325,0.6293305797006487
gen=44_member=5611_pso,50,111.15740233106504,110.13209746911461,0.9,1530.0,2.6030469027764584,5.996953097223541,11923767.054962939,0.6908841150248994,1.0,1700.0,2.772866501417529,5.827133498582471,11923767.054962939,0.6831898003872626,1.1,1870.0000000000002,2.9315065768853095,5.66849342311469,11923767.054962939,0.6760020160293012
gen=35_member=4426_pso,50,112.00787006888845,112.00787006888845,0.9,1530.0,2.8899463748554624,5.710053625144537,12009325.101516692,0.6778850570527186,1.0,1700.0,3.0730307307347253,5.526969269265274,12009325.101516692,0.669589732775445,1.1,1870.0000000000002,3.244684767997017,5.355315232002983,12009325.101516692,0.6598090295788211
gen=25_member=3126_pso,50,110.7456458264628,109.82082187647725,0.9,1530.0,2.5148603715411557,6.085139628458844,11880589.469000075,0.6937085107272243,1.0,1700.0,2.6834397987683913,5.916560201231608,11880589.469000075,0.6872416129736483,1.1,1870.0000000000002,2.841404941941055,5.758595058058944,11880589.469000075,0.6800844089578812
gen=36_member=4525_pso,50,104.19322171008152,103.08180649590791,0.9,1530.0,1.824552092925339,6.7754479070746605,11173377.904344108,0.7125018057965251,1.0,1700.0,1.9490397687069334,6.650960231293066,11173377.904344108,0.7099241166233876,1.1,1870.0000000000002,2.0665776228793797,6.53342237712062,11173377.904344108,0.707490333100385
gen=47_member=5916_pso,50,110.94259024453996,110.27564630500643,0.9,1530.0,2.6471187758977313,5.952881224102269,11938697.818192918,0.6888872733106413,1.0,1700.0,2.818532868585274,5.7814671314147255,11938697.818192918,0.6811207141324473,1.1,1870.0000000000002,2.9785617946883507,5.621438205311649,11938697.818192918,0.6738700026809222
gen=37_member=4683_pso,50,108.44556761794604,108.24771035629453,0.9,1530.0,2.2557976661294754,6.344202333870524,11669824.724862162,0.7018825143305554,1.0,1700.0,2.4040735719216904,6.195926428078309,11669824.724862162,0.6972040802568173,1.1,1870.0000000000002,2.542602441405274,6.057397558594726,11669824.724862162,0.6928331868218679
gen=30_member=3767_pso,50,112.62120985927325,111.94017644161329,0.9,1530.0,2.8758429813988453,5.724157018601154,12001377.210174264,0.6785240642555501,1.0,1700.0,3.058348754867139,5.541651245132861,12001377.210174264,0.670254954827148,1.1,1870.0000000000002,3.2295189764016787,5.370481023598321,12001377.210174264,0.660706154824023
gen=41_member=5185_pso,50,108.02841432727222,105.72719791278043,0.9,1530.0,2.0077881215485744,6.592211878451425,11449096.778256543,0.7087076508800216,1.0,1700.0,2.1436331674183515,6.456366832581648,11449096.778256543,0.705421553325665,1.1,1870.0000000000002,2.271038548810324,6.3289614511896755,11449096.778256543,0.7014016306396619
gen=40_member=5102_pso,50,113.76569959363228,113.76569959363228,0.9,1530.0,3.6572161563872325,4.942783843612768,12208710.648241015,0.6344220121452043,1.0,1700.0,3.86876658649965,4.73123341350035,12208710.648241015,0.6182699186052586,1.1,1870.0000000000002,4.066222503358509,4.53377749664149,12208710.648241015,0.6031939556898193
gen=40_member=5107_pso,50,113.2918564342654,112.80548479904043,0.9,1530.0,3.2609550311781947,5.3390449688218045,12124489.979887124,0.6588465698381505,1.0,1700.0,3.4580474469855527,5.1419525530144465,12124489.979887124,0.6471876609874609,1.1,1870.0000000000002,3.6424620793955937,4.9575379206044055,12124489.979887124,0.6355485011414114
gen=36_member=4597_pso,50,113.75666201895073,112.60748481932349,0.9,1530.0,3.042704662397575,5.557295337602424,12067736.32117229,0.6709637691845269,1.0,1700.0,3.2347724208618747,5.365227579138125,12067736.32117229,0.6603953897960401,1.1,1870.0000000000002,3.414981830930848,5.185018169069151,12067736.32117229,0.6497351871828441
gen=43_member=5401_pso,50,112.31383278235177,111.84259153558438,0.9,1530.0,2.880606056593563,5.719393943406437,12002793.896778665,0.6783082552471427,1.0,1700.0,3.0627401194653223,5.537259880534677,12002793.896778665,0.6700559875631963,1.1,1870.0000000000002,3.2333771532012574,5.366622846798743,12002793.896778665,0.6604779261960878
gen=34_member=4241_pso,50,114.4614280237375,113.14276330565143,0.9,1530.0,3.3131010019857134,5.286898998014286,12130735.362367615,0.6557618995423142,1.0,1700.0,3.5133312603201694,5.08666873967983,12130735.362367615,0.6439173730976578,1.1,1870.0000000000002,3.7008746427563803,4.899125357243619,12130735.362367615,0.6310886416799578
gen=41_member=5136_pso,50,97.87988049441658,97.16210146826178,0.9,1530.0,1.466957284391828,7.1330427156081715,10406546.441500314,0.7187020520043049,1.0,1700.0,1.5711927708094908,7.028807229190509,10406546.441500314,0.717487209115701,1.1,1870.0000000000002,1.6700040947971555,6.929995905202844,10406546.441500314,0.7157019354399127
gen=30_member=3730_pso,50,113.79520213225304,113.21681184879121,0.9,1530.0,3.3452376244530972,5.254762375546902,12140045.72221974,0.653860872805281,1.0,1700.0,3.5464295533727976,5.053570446627202,12140045.72221974,0.6419594591909595,1.1,1870.0000000000002,3.734880527967935,4.865119472032065,12140045.72221974,0.62849225726914
gen=26_member=3274_pso,50,112.82445245292094,112.07927088773285,0.9,1530.0,2.955547498424788,5.644452501575212,12038850.4455638,0.6749127517984131,1.0,1700.0,3.143088417496115,5.456911582503885,12038850.4455638,0.6658189137501658,1.1,1870.0000000000002,3.3188297867372554,5.281170213262744,12038850.4455638,0.6554230159837062
gen=27_member=3397_pso,50,113.58781394206393,112.63178913719814,0.9,1530.0,3.047557574967239,5.55244242503276,12071654.496071892,0.6707438897564825,1.0,1700.0,3.2398421599852165,5.360157840014783,12071654.496071892,0.6600954917705697,1.1,1870.0000000000002,3.420237332869462,5.179762667130538,12071654.496071892,0.6494243004456963
gen=35_member=4358_pso,50,113.86524662813433,113.64986756608504,0.9,1530.0,3.6532606545924855,4.946739345407514,12204661.884933073,0.6347240187870826,1.0,1700.0,3.8641480028767226,4.735851997123277,12204661.884933073,0.6186225522286454,1.1,1870.0000000000002,4.060971794535691,4.539028205464309,12204661.884933073,0.6035948527242149
gen=39_member=4886_pso,50,112.49553281816937,112.16405433851398,0.9,1530.0,2.956785233495081,5.643214766504919,12044004.390030988,0.6748566715630041,1.0,1700.0,3.1445598015020697,5.45544019849793,12044004.390030988,0.6657318747236284,1.1,1870.0000000000002,3.3205155194317,5.2794844805683,12044004.390030988,0.6553232972616506
gen=44_member=5592_pso,50,113.83513390610548,113.76481946062475,0.9,1530.0,3.649789800791017,4.950210199208983,12203605.6103388,0.6349890220547906,1.0,1700.0,3.86116131105657,4.73883868894343,12203605.6103388,0.6188505892296975,1.1,1870.0000000000002,4.0585191860057375,4.541480813994262,12203605.6103388,0.6037821119151872
gen=38_member=4844_pso,50,113.49729508533946,113.23465912581813,0.9,1530.0,3.3487042622944476,5.2512957377055525,12141958.442525955,0.6536558054796557,1.0,1700.0,3.550050840652294,5.0499491593477055,12141958.442525955,0.6417452436507985,1.1,1870.0000000000002,3.7386359554337503,4.861364044566249,12141958.442525955,0.6282055265086396
gen=42_member=5368_pso,50,113.60327523642833,112.08410136181466,0.9,1530.0,2.958595018847031,5.641404981152968,12047226.813034713,0.6747746724413719,1.0,1700.0,3.1462339053984913,5.453766094601509,12047226.813034713,0.6656328438976323,1.1,1870.0000000000002,3.3220561699931412,5.277943830006858,12047226.813034713,0.6552321608047097
gen=41_member=5212_pso,50,113.39280908408173,112.64868744227903,0.9,1530.0,3.0513302383986893,5.54866976160131,12074040.299001968,0.6705729550722895,1.0,1700.0,3.243770969851043,5.356229030148956,12074040.299001968,0.6598630848769318,1.1,1870.0000000000002,3.424303646879548,5.175696353120452,12074040.299001968,0.6491837595592921
gen=46_member=5787_pso,50,112.2492079241474,112.17822411256682,0.9,1530.0,2.9595390852779517,5.640460914722048,12049204.249162452,0.6747318979664794,1.0,1700.0,3.1474113562396613,5.452588643760338,12049204.249162452,0.6655631923487528,1.1,1870.0000000000002,3.323443375921179,5.27655662407882,12049204.249162452,0.6551501012926484
gen=47_member=5970_pso,50,112.98882236975206,112.64563778789609,0.9,1530.0,3.0518853197787856,5.5481146802212145,12074981.120001724,0.6705478050258747,1.0,1700.0,3.2442946144177465,5.355705385582253,12074981.120001724,0.6598321089296924,1.1,1870.0000000000002,3.4247990192249738,5.175200980775026,12074981.120001724,0.6491544560419608
gen=50_member=6375_pso,50,114.69132797029671,114.69132797029671,0.9,1530.0,4.066695608142198,4.5333043918578015,12295746.208614845,0.603157833651607,1.0,1700.0,4.293338795448333,4.306661204551666,12295746.208614845,0.5827213394112062,1.1,1870.0000000000002,4.504290338728393,4.095709661271607,12295746.208614845,0.5631975950839131
gen=50_member=6314_pso,50,113.86884680000001,113.86884680000001,0.9,1530.0,3.682685675666714,4.917314324333286,12219242.960929338,0.6324773880780208,1.0,1700.0,3.895231362557841,4.704768637442159,12219242.960929338,0.6162493056564763,1.1,1870.0000000000002,4.093624946627211,4.506375053372788,12219242.960929338,0.6011017508823702
gen=50_member=6331_pso,50,114.13882836846665,114.05054430401732,0.9,1530.0,3.8788647869701522,4.721135213029847,12250481.385280203,0.6174989105836819,1.0,1700.0,4.097636764925896,4.502363235074104,12250481.385280203,0.6007954444173293,1.1,1870.0000000000002,4.301221327028234,4.298778672971766,12250481.385280203,0.5819918044249962
gen=50_member=6311_pso,50,113.50255122228927,113.27180171753508,0.9,1530.0,3.3848334980325787,5.2151665019674205,12149374.420328459,0.6515185975886749,1.0,1700.0,3.58785546205992,5.012144537940079,12149374.420328459,0.6395089291111404,1.1,1870.0000000000002,3.77768869708776,4.82231130291224,12149374.420328459,0.6252238094029278
gen=50_member=6307_pso,50,97.48088883739008,94.41283992446174,0.9,1530.0,1.376242477021427,7.223757522978572,9981373.38209072,0.7197593141941069,1.0,1700.0,1.4711342245004395,7.12886577549956,9981373.38209072,0.7186533706371289,1.1,1870.0000000000002,1.5614297539010875,7.038570246098912,9981373.38209072,0.7176009950447556
gen=50_member=6332_pso,50,104.88944693775548,103.52297256238982,0.9,1530.0,1.8396939196060682,6.760306080393931,11222480.829753874,0.7121882733729227,1.0,1700.0,1.9693832223156864,6.630616777684313,11222480.829753874,0.709502877333777,1.1,1870.0000000000002,2.091127177684399,6.508872822315601,11222480.829753874,0.7069820006792925
gen=50_member=6369_pso,50,100.98821742317558,99.82847117045175,0.9,1530.0,1.6180862693839757,6.981913730616024,10816152.42359839,0.7167769656838316,1.0,1700.0,1.7324557769226856,6.867544223077314,10816152.42359839,0.7144087871515501,1.1,1870.0000000000002,1.8403628633400309,6.759637136659968,10816152.42359839,0.7121744219694833
gen=50_member=6392_pso,50,103.38209531073947,101.68467497343006,0.9,1530.0,1.696936438443708,6.903063561556292,10988818.450383374,0.7151442640865914,1.0,1700.0,1.8187227825418355,6.781277217458165,10988818.450383374,0.7126225097149498,1.1,1870.0000000000002,1.9332900254489391,6.66670997455106,10988818.450383374,0.7102502367989064
gen=50_member=6378_pso,50,103.01387905851547,101.99905238085735,0.9,1530.0,1.7224745684055782,6.877525431594421,11022782.803294366,0.7146154618522209,1.0,1700.0,1.8456044015222999,6.7543955984777,11022782.803294366,0.7120658886858616,1.1,1870.0000000000002,1.9613046291982856,6.638695370801714,11022782.803294366,0.7096701557561764
gen=50_member=6337_pso,50,112.96343703652411,111.86815544127347,0.9,1530.0,2.911498517344482,5.688501482655518,12024025.732677821,0.6769085563027892,1.0,1700.0,3.0969701098228315,5.503029890177168,12024025.732677821,0.6685050693066373,1.1,1870.0000000000002,3.2707299616032044,5.329270038396795,12024025.732677821,0.6582683384415736
gen=50_member=6333_pso,50,103.37773224715643,102.20628686234474,0.9,1530.0,1.7444360850416465,6.855563914958353,11046597.887337454,0.7141607183340128,1.0,1700.0,1.867522037849292,6.732477962150708,11046597.887337454,0.7116120537700265,1.1,1870.0000000000002,1.9832016823260419,6.6167983176739575,11046597.887337454,0.709216747043895
gen=50_member=6385_pso,50,100.2375818522005,98.91710248830104,0.9,1530.0,1.5949473715587539,7.005052628441246,10736330.109125491,0.7172103541905344,1.0,1700.0,1.7012757557314309,6.898724244268569,10736330.109125491,0.7150544125320408,1.1,1870.0000000000002,1.8022374850929523,6.797762514907047,10736330.109125491,0.7129638605553694
