member,generation,ag_receipts_archive,fish_prob_archive,ag_receipts_reeval,fish_prob_reeval,raw_total_pumping_archive_gpm,raw_total_pumping_reeval_gpm,raw_total_pumping_archive_cfs,raw_total_pumping_reeval_cfs,effective_total_pumping_archive_gpm,effective_total_pumping_reeval_gpm,effective_total_pumping_archive_cfs,effective_total_pumping_reeval_cfs,depletion_archive_cfs,streamflow_archive_cfs,depletion_reeval_cfs,streamflow_reeval_cfs
gen=47_member=5907_pso,50,9738960.0,0.719193,9738959.963789836,0.7191930975356632,42427.949226186,42427.949226186,94.52947087594241,94.52947087594241,41736.54912774984,41736.54912774984,92.98903145662663,92.98903145662663,1.4248247829017295,7.17517521709827,1.4248247829017298,7.175175217098269
56,50,12446400.0,0.533346,12446397.913772527,0.5333455781375429,52637.1528415432,52637.1528415432,117.27557653095823,117.27557653095823,52637.1528415432,52637.1528415432,117.27557653095823,117.27557653095823,4.797320436941502,3.802679563058498,4.797320436941502,3.802679563058498
64,50,12377800.0,0.56755,12377834.289729021,0.5675498055267164,52241.56295681393,52241.56295681393,116.39420226778142,116.39420226778142,52241.56295681393,52241.56295681393,116.39420226778142,116.39420226778142,4.457265265351176,4.1427347346488235,4.457265265351177,4.142734734648823
gen=40_member=5105_pso,50,12283000.0,0.583854,12283049.42442162,0.5838542264921289,51868.902507044404,51868.902507044404,115.56391478569493,115.56391478569493,51444.95457882824,51444.95457882824,114.61935880162932,114.61935880162932,4.281098096426855,4.318901903573145,4.281098096426855,4.318901903573145
30,50,12433400.0,0.544694,12433371.76921002,0.544693593079314,52187.23403515008,52187.23403515008,116.27315743031438,116.27315743031438,52187.23403515008,52187.23403515008,116.27315743031438,116.27315743031438,4.690661650408188,3.9093383495918115,4.690661650408188,3.9093383495918115
gen=36_member=4531_pso,50,12223600.0,0.605591,12223597.44766552,0.6055911484087455,51053.0244471527,51053.0244471527,113.7461384682562,113.7461384682562,51053.0244471527,51053.0244471527,113.7461384682562,113.7461384682562,4.034825511414584,4.5651744885854155,4.034825511414584,4.5651744885854155
105,50,12417100.0,0.55506,12417148.746273495,0.5550602110952924,52327.1463926199,52327.1463926199,116.58488216275714,116.58488216275714,52327.1463926199,52327.1463926199,116.58488216275714,116.58488216275714,4.592213724831248,4.007786275168752,4.592213724831247,4.007786275168753
gen=49_member=6222_pso,50,12218800.0,0.616332,12218818.301128551,0.6163316666652364,51106.17822286103,51106.17822286103,113.86456508053438,113.86456508053438,51106.17822286103,51106.17822286103,113.86456508053438,113.86456508053438,3.894152647480776,4.705847352519223,3.894152647480776,4.705847352519223
18,50,12390900.0,0.557388,12390900.705456987,0.5573881924842319,52187.6001459564,52187.6001459564,116.27397312519085,116.27397312519085,52187.6001459564,52187.6001459564,116.27397312519085,116.27397312519085,4.567060185710294,4.032939814289706,4.567060185710294,4.032939814289706
35,50,12440100.0,0.533609,12440134.96511929,0.5336094185261279,52700.025782036595,52700.025782036595,117.41565744237754,117.41565744237754,52700.025782036595,52700.025782036595,117.41565744237754,117.41565744237754,4.7948406291663686,3.805159370833631,4.794840629166368,3.805159370833632
gen=44_member=5567_pso,50,9875600.0,0.719021,9875603.379483644,0.7190214820314021,42989.08731889699,42989.08731889699,95.7796865465025,95.7796865465025,42069.119675814705,42069.119675814705,93.72999863771516,93.72999863771516,1.4395496709767712,7.160450329023228,1.4395496709767714,7.160450329023228
gen=49_member=6144_pso,50,9757770.0,0.719034,9757774.55799681,0.7190340022773174,42132.10114850491,42132.10114850491,93.87032135886894,93.87032135886894,41805.01359125954,41805.01359125954,93.14157028132627,93.14157028132627,1.4384754136095979,7.161524586390402,1.4384754136095979,7.161524586390402
gen=46_member=5849_pso,50,10309300.0,0.717719,10309323.448797248,0.717718806569991,45220.50929470598,45220.50929470598,100.75129470860493,100.75129470860493,43336.516794327195,43336.516794327195,96.55375941776099,96.55375941776099,1.551321334323784,7.048678665676215,1.551321334323784,7.048678665676215
gen=31_member=3852_pso,50,12085500.0,0.652391,12085489.190941257,0.6523909731597901,50809.626277516305,50809.626277516305,113.20384734630632,113.20384734630632,50462.82627345364,50462.82627345364,112.4311769372547,112.4311769372547,3.3700860966244046,5.229913903375595,3.3700860966244046,5.229913903375595
gen=37_member=4697_pso,50,9951180.0,0.718657,9951183.919557761,0.7186566543671551,42929.95184756078,42929.95184756078,95.6479327163654,95.6479327163654,42506.86767415341,42506.86767415341,94.70530117801378,94.70530117801378,1.470852475148528,7.129147524851472,1.470852475148528,7.129147524851472
gen=42_member=5264_pso,50,12276000.0,0.587416,12275991.063515613,0.5874156420405886,51721.642237508655,51721.642237508655,115.23581890516928,115.23581890516928,51425.41398676402,51425.41398676402,114.57582236251024,114.57582236251024,4.2426174600481605,4.357382539951839,4.2426174600481605,4.357382539951839
gen=43_member=5399_pso,50,12075700.0,0.659796,12075652.37136835,0.6597958752617604,50662.073440237364,50662.073440237364,112.87509962484884,112.87509962484884,50563.483653430434,50563.483653430434,112.655441579843,112.655441579843,3.2449071401041327,5.355092859895867,3.2449071401041327,5.355092859895867
gen=35_member=4383_pso,50,10482600.0,0.717261,10482596.881225228,0.7172614569254945,44395.66150852786,44395.66150852786,98.91353384100007,98.91353384100007,43697.952601065685,43697.952601065685,97.35903839517434,97.35903839517434,1.590562674174582,7.0094373258254175,1.5905626741745822,7.0094373258254175
gen=47_member=5964_pso,50,10840100.0,0.714224,10840089.258866806,0.7142239541017272,45340.13174397748,45340.13174397748,101.01781352558181,101.01781352558181,44763.52736283021,44763.52736283021,99.7331389643857,99.7331389643857,1.7413821583575984,6.858617841642401,1.7413821583575984,6.858617841642401
gen=45_member=5721_pso,50,10935500.0,0.713017,10935459.38484597,0.713016784356532,46077.815037649634,46077.815037649634,102.66137190388338,102.66137190388338,45406.79805241785,45406.79805241785,101.16634606078696,101.16634606078696,1.7996815675413265,6.800318432458673,1.7996815675413265,6.800318432458673
gen=47_member=5893_pso,50,10050300.0,0.718629,10050330.220899835,0.7186285989329644,44663.8123416983,44663.8123416983,99.51097389730381,99.51097389730381,42679.893231787595,42679.893231787595,95.09080212042277,95.09080212042277,1.4732596768179467,7.126740323182053,1.4732596768179467,7.126740323182053
gen=35_member=4446_pso,50,11409800.0,0.706375,11409792.203285765,0.7063753109505794,48804.747890203915,48804.747890203915,108.73697829937431,108.73697829937431,47323.49343085893,47323.49343085893,105.4367433639537,105.4367433639537,2.113405259209862,6.486594740790137,2.113405259209862,6.486594740790137
gen=45_member=5683_pso,50,10240800.0,0.71792,10240771.73598947,0.7179197508819495,44683.47269518394,44683.47269518394,99.55477716486982,99.55477716486982,43384.26011810516,43384.26011810516,96.66013154313829,96.66013154313829,1.5340799870711133,7.065920012928887,1.5340799870711133,7.065920012928887
gen=49_member=6242_pso,50,11866200.0,0.690335,11866171.531540677,0.6903352268135348,49793.36739732516,49793.36739732516,110.93962256124044,110.93962256124044,49240.59882468567,49240.59882468567,109.70805418139967,109.70805418139967,2.615161298943316,5.984838701056684,2.615161298943316,5.984838701056684
gen=45_member=5670_pso,50,10406200.0,0.717494,10406231.87516301,0.7174939918682569,44191.60289947777,44191.60289947777,98.45889126003648,98.45889126003648,43609.30208475285,43609.30208475285,97.16152504482936,97.16152504482936,1.5706107996603436,7.029389200339656,1.5706107996603436,7.029389200339656
gen=38_member=4778_pso,50,10164400.0,0.71794,10164356.433517821,0.7179404783371365,43216.77328051297,43216.77328051297,96.28697086898289,96.28697086898289,42970.82431105304,42970.82431105304,95.73899656502617,95.73899656502617,1.532301537862676,7.067698462137324,1.532301537862676,7.067698462137324
gen=43_member=5423_pso,50,12257800.0,0.594933,12257750.350139363,0.5949331697342024,51233.33114761955,51233.33114761955,114.14786179689636,114.14786179689636,51233.33114761955,51233.33114761955,114.14786179689636,114.14786179689636,4.161391541390667,4.438608458609333,4.161391541390667,4.438608458609333
gen=38_member=4827_pso,50,12171600.0,0.631596,12171637.808199104,0.6315964370568931,50979.48086559517,50979.48086559517,113.58228336854604,113.58228336854604,50813.54471465353,50813.54471465353,113.21257762424806,113.21257762424806,3.694223843580776,4.905776156419224,3.6942238435807764,4.905776156419224
gen=46_member=5827_pso,50,12142700.0,0.641492,12142688.246643651,0.6414918727156044,51220.46766399847,51220.46766399847,114.11920195538859,114.11920195538859,50818.373966461804,50818.373966461804,113.22333719727689,113.22333719727689,3.55433404505438,5.045665954945619,3.55433404505438,5.045665954945619
gen=49_member=6197_pso,50,10994700.0,0.712329,10994705.05589987,0.7123287022863757,46401.49017389091,46401.49017389091,103.38252010742895,103.38252010742895,45612.509888916305,45612.509888916305,101.62467203250553,101.62467203250553,1.832912004536368,6.767087995463632,1.8329120045363683,6.767087995463632
gen=34_member=4254_pso,50,11826100.0,0.692032,11826081.210188618,0.6920321690599462,49289.58618785271,49289.58618785271,109.81719802653583,109.81719802653583,49090.82356794755,49090.82356794755,109.37435490938714,109.37435490938714,2.5679894902195968,6.032010509780402,2.567989490219597,6.032010509780402
gen=46_member=5867_pso,50,11245900.0,0.709312,11245910.539729662,0.7093119966348724,47224.11676777734,47224.11676777734,105.21533215860791,105.21533215860791,46469.35011106735,46469.35011106735,103.53371204745807,103.53371204745807,1.9786016706863572,6.621398329313642,1.9786016706863572,6.621398329313642
gen=31_member=3915_pso,50,12151300.0,0.634089,12151250.97606472,0.6340885133582651,50778.043066439204,50778.043066439204,113.13347995202655,113.13347995202655,50719.60111312249,50719.60111312249,113.0032712800369,113.0032712800369,3.6615841234030553,4.938415876596944,3.661584123403055,4.938415876596945
gen=47_member=5976_pso,50,11362000.0,0.706998,11362024.609674983,0.7069984344666127,48125.197185073404,48125.197185073404,107.22293932834354,107.22293932834354,46930.904979662475,46930.904979662475,104.56205629468799,104.56205629468799,2.090333519547064,6.509666480452935,2.0903335195470634,6.509666480452936
gen=39_member=4925_pso,50,11896400.0,0.684874,11896391.93605654,0.6848736613500962,50146.24464222477,50146.24464222477,111.72583306287677,111.72583306287677,49634.299194174644,49634.299194174644,110.5852186046211,110.5852186046211,2.7357023605755346,5.864297639424465,2.7357023605755346,5.864297639424465
gen=36_member=4494_pso,50,10420500.0,0.717361,10420504.849209998,0.7173613368349876,44203.144887668415,44203.144887668415,98.48460680972522,98.48460680972522,43469.94284558344,43469.94284558344,96.85103265995991,96.85103265995991,1.5819928162554864,7.018007183744514,1.5819928162554864,7.018007183744514
gen=44_member=5537_pso,50,10636200.0,0.715586,10636170.166640699,0.7155863642699917,45169.2898288748,45169.2898288748,100.63717773873304,100.63717773873304,44280.52405169593,44280.52405169593,98.65700758717853,98.65700758717853,1.675585522721344,6.924414477278655,1.675585522721344,6.924414477278655
gen=46_member=5774_pso,50,12198800.0,0.623458,12198824.129546277,0.6234579458355287,51031.70882205056,51031.70882205056,113.69864725552864,113.69864725552864,51031.70882205056,51031.70882205056,113.69864725552864,113.69864725552864,3.800816918595344,4.799183081404656,3.8008169185953444,4.799183081404655
gen=37_member=4723_pso,50,11316900.0,0.708149,11316939.89607805,0.7081493738333254,47958.33587102356,47958.33587102356,106.8511723206405,106.8511723206405,46911.033225908424,46911.033225908424,104.51778202732396,104.51778202732396,2.034749716728347,6.565250283271652,2.034749716728347,6.565250283271652
gen=45_member=5711_pso,50,10701000.0,0.715537,10701015.255649135,0.7155369992812936,44962.49060320653,44962.49060320653,100.17642906394414,100.17642906394414,44382.095728658474,44382.095728658474,98.88330928345108,98.88330928345108,1.677969569941643,6.922030430058356,1.677969569941643,6.922030430058356
gen=29_member=3643_pso,50,11063400.0,0.711087,11063367.898928545,0.7110874703211161,46773.04844914237,46773.04844914237,104.2103519446892,104.2103519446892,45939.598395335444,45939.598395335444,102.35342522480737,102.35342522480737,1.8928564245507165,6.707143575449283,1.8928564245507165,6.707143575449283
gen=28_member=3493_pso,50,12010000.0,0.668784,12010002.111146484,0.6687843192866332,50587.18777954187,50587.18777954187,112.70825437281928,112.70825437281928,50262.96022798913,50262.96022798913,111.98587538795978,111.98587538795978,3.090806842299113,5.509193157700887,3.090806842299113,5.509193157700887
gen=39_member=4935_pso,50,11281500.0,0.708428,11281519.05267382,0.7084276249558883,47746.93364863757,47746.93364863757,106.3801681691645,106.3801681691645,46654.0946465578,46654.0946465578,103.94532287253078,103.94532287253078,2.0213117755318537,6.578688224468146,2.0213117755318537,6.578688224468146
gen=44_member=5540_pso,50,12269800.0,0.591573,12269791.265440106,0.5915726667187243,51409.0442246771,51409.0442246771,114.53935053258057,114.53935053258057,51274.750450654414,51274.750450654414,114.24014400405802,114.24014400405802,4.19770134372307,4.40229865627693,4.19770134372307,4.40229865627693
gen=42_member=5321_pso,50,11999300.0,0.671198,11999286.1007488,0.6711976397056825,50602.65384263916,50602.65384263916,112.74271276140006,112.74271276140006,50173.2583189863,50173.2583189863,111.78601953470147,111.78601953470147,3.037542955357112,5.562457044642888,3.0375429553571123,5.562457044642887
gen=39_member=4882_pso,50,10775300.0,0.714436,10775264.386121174,0.7144355292279647,45802.7874267953,45802.7874267953,102.04861038689992,102.04861038689992,44827.07266782531,44827.07266782531,99.8747179039148,99.8747179039148,1.7311642872531274,6.868835712746872,1.7311642872531274,6.868835712746872
gen=39_member=4970_pso,50,12038300.0,0.666387,12038325.731098836,0.6663874761853259,50516.56288398654,50516.56288398654,112.550902105522,112.550902105522,50255.35737047452,50255.35737047452,111.96893622141724,111.96893622141724,3.133476939671035,5.4665230603289645,3.133476939671035,5.4665230603289645
gen=32_member=3991_pso,50,12201000.0,0.619031,12200978.588406555,0.6190309686365849,51219.6970317056,51219.6970317056,114.11748498664006,114.11748498664006,51020.12093871804,51020.12093871804,113.6728294514638,113.6728294514638,3.858798809810767,4.741201190189233,3.8587988098107666,4.7412011901892335
gen=37_member=4713_pso,50,12177200.0,0.629244,12177156.784652073,0.6292442555721168,50997.8887656764,50997.8887656764,113.62329616992702,113.62329616992702,50833.59811395465,50833.59811395465,113.25725659789096,113.25725659789096,3.725031305386037,4.874968694613963,3.725031305386037,4.874968694613963
gen=41_member=5214_pso,50,11978400.0,0.676443,11978411.285790766,0.6764432812586526,50645.64701899745,50645.64701899745,112.83850155832631,112.83850155832631,50104.31768993943,50104.31768993943,111.63241981318505,111.63241981318505,2.921767504898812,5.678232495101188,2.9217675048988117,5.678232495101188
gen=47_member=5902_pso,50,11103200.0,0.710867,11103175.487190865,0.7108667270486267,47049.460161530864,47049.460161530864,104.82619723989076,104.82619723989076,46109.99146446721,46109.99146446721,102.73306098283294,102.73306098283294,1.9035170647950836,6.696482935204916,1.9035170647950834,6.696482935204916
gen=45_member=5714_pso,50,11993300.0,0.674785,11993278.716311434,0.6747852346350076,50064.69897747029,50064.69897747029,111.5441493218038,111.5441493218038,49746.83479228297,49746.83479228297,110.83594791720645,110.83594791720645,2.9583619028947417,5.6416380971052575,2.9583619028947408,5.641638097105259
gen=45_member=5725_pso,50,10086100.0,0.718322,10086052.361235783,0.7183218843249791,43236.57024331604,43236.57024331604,96.33107850210814,96.33107850210814,42605.227886494205,42605.227886494205,94.92444773110908,94.92444773110908,1.4995762866896,7.100423713310399,1.4995762866896,7.100423713310399
gen=41_member=5219_pso,50,10877600.0,0.713721,10877623.213253161,0.7137212929865848,45831.09410723573,45831.09410723573,102.11167767092121,102.11167767092121,45102.71967809803,45102.71967809803,100.48885944280241,100.48885944280241,1.765657821452267,6.8343421785477325,1.765657821452267,6.8343421785477325
gen=38_member=4779_pso,50,11511900.0,0.702673,11511911.853114262,0.7026728899290035,48003.579465953466,48003.579465953466,106.95197505014431,106.95197505014431,47829.015475785905,47829.015475785905,106.563046480051,106.563046480051,2.2307479046219183,6.369252095378082,2.2307479046219183,6.369252095378082
gen=39_member=4891_pso,50,12250700.0,0.597475,12250726.961103301,0.5974754275877532,51186.95182954514,51186.95182954514,114.04452867622658,114.04452867622658,51181.4721129275,51181.4721129275,114.03231986760247,114.03231986760247,4.133922772663108,4.466077227336892,4.133922772663108,4.466077227336892
gen=38_member=4772_pso,50,11343500.0,0.707434,11343536.810518842,0.7074339860216267,47559.18910881358,47559.18910881358,105.96187333443666,105.96187333443666,47088.50036268619,47088.50036268619,104.91317880806483,104.91317880806483,2.069298865201697,6.530701134798303,2.069298865201697,6.530701134798303
gen=42_member=5263_pso,50,12267300.0,0.591914,12267261.652988074,0.5919136163670924,51401.15443533461,51401.15443533461,114.5217720819255,114.5217720819255,51266.89061527922,51266.89061527922,114.2226322908421,114.2226322908421,4.194017426678351,4.405982573321649,4.194017426678351,4.405982573321649
gen=40_member=5076_pso,50,11779100.0,0.693959,11779139.5975923,0.693959147841803,49427.02345467124,49427.02345467124,110.12340825700751,110.12340825700751,48946.710201045935,48946.710201045935,109.05327032793033,109.05327032793033,2.506916806535524,6.093083193464476,2.506916806535524,6.093083193464476
gen=49_member=6161_pso,50,10118300.0,0.718234,10118254.813456059,0.7182339432217956,43142.178199925635,43142.178199925635,96.12077302943432,96.12077302943432,42648.48611640095,42648.48611640095,95.02082706734132,95.02082706734132,1.5071217757009188,7.092878224299081,1.507121775700919,7.09287822429908
gen=43_member=5437_pso,50,11872500.0,0.688115,11872492.260370716,0.6881154406599326,49773.96375344011,49773.96375344011,110.89639124266456,110.89639124266456,49388.10419626745,49388.10419626745,110.03669614928387,110.03669614928387,2.6641537318534287,5.935846268146571,2.664153731853429,5.9358462681465705
gen=44_member=5578_pso,50,10529000.0,0.716879,10529046.22432401,0.7168791997941185,45321.15226539255,45321.15226539255,100.9755272472946,100.9755272472946,43781.85514960589,43781.85514960589,97.54597327332193,97.54597327332193,1.6131489453234047,6.986851054676595,1.613148945323405,6.9868510546765945
gen=36_member=4573_pso,50,9923880.0,0.718701,9923883.486663597,0.7187011319527531,42793.782245499315,42793.782245499315,95.34454684297248,95.34454684297248,42379.19800126966,42379.19800126966,94.42085314682879,94.42085314682879,1.467036226304352,7.132963773695648,1.4670362263043522,7.132963773695647
gen=44_member=5555_pso,50,11482000.0,0.70427,11481968.855985735,0.7042700609099659,48635.122267710045,48635.122267710045,108.35905241245798,108.35905241245798,47726.17379980708,47726.17379980708,106.33391522597017,106.33391522597017,2.1801279813367684,6.419872018663231,2.1801279813367684,6.419872018663231
gen=38_member=4840_pso,50,11953800.0,0.677695,11953765.575695587,0.6776945795982344,50063.23576541098,50063.23576541098,111.54088928533567,111.54088928533567,49665.68700823383,49665.68700823383,110.65515065434496,110.65515065434496,2.8941503626560694,5.70584963734393,2.89415036265607,5.705849637343929
gen=47_member=5966_pso,50,11540800.0,0.702015,11540755.077291641,0.7020153958630895,48509.58313027878,48509.58313027878,108.07935121426111,108.07935121426111,47949.67757377042,47949.67757377042,106.8318816343605,106.8318816343605,2.2515861865427143,6.348413813457285,2.2515861865427147,6.3484138134572845
gen=47_member=5898_pso,50,11764400.0,0.695319,11764362.834467728,0.6953189506537198,49013.50339598111,49013.50339598111,109.20208556624591,109.20208556624591,48858.132426577125,48858.132426577125,108.85591904641383,108.85591904641383,2.4638199090570296,6.13618009094297,2.4638199090570296,6.13618009094297
gen=38_member=4768_pso,50,10569000.0,0.71664,10568987.168558508,0.7166401343828656,44629.149277354714,44629.149277354714,99.4337445899463,99.4337445899463,43944.607240902464,43944.607240902464,97.90858493273069,97.90858493273069,1.6246944403027035,6.975305559697296,1.6246944403027037,6.975305559697296
gen=41_member=5241_pso,50,11446400.0,0.705662,11446374.076925283,0.7056617193235153,48174.289000024866,48174.289000024866,107.3323158920554,107.3323158920554,47488.398587199335,47488.398587199335,105.80415205228012,105.80415205228012,2.1360214686510974,6.463978531348902,2.136021468651098,6.463978531348902
gen=39_member=4901_pso,50,9895340.0,0.718742,9895339.590260155,0.7187424273966453,43036.58307268322,43036.58307268322,95.88550708593822,95.88550708593822,42282.3515580355,42282.3515580355,94.20507927130309,94.20507927130309,1.4634930103697523,7.136506989630247,1.4634930103697525,7.136506989630247
gen=40_member=5082_pso,50,10606200.0,0.716303,10606192.66881587,0.7163030802462714,45134.53789635979,45134.53789635979,100.5597504330896,100.5597504330896,43870.23979482254,43870.23979482254,97.74289426286462,97.74289426286462,1.6409722314787831,6.959027768521216,1.6409722314787833,6.959027768521216
gen=49_member=6158_pso,50,11921100.0,0.684136,11921105.488845602,0.684136055099977,49938.49052936899,49938.49052936899,111.2629568994341,111.2629568994341,49407.06456081771,49407.06456081771,110.07893984150185,110.07893984150185,2.751981912848804,5.848018087151196,2.751981912848804,5.848018087151196
gen=49_member=6216_pso,50,11945100.0,0.680279,11945134.063002478,0.6802786876565723,49765.95027878354,49765.95027878354,110.87853722112972,110.87853722112972,49575.549827551215,49575.549827551215,110.45432501578411,110.45432501578411,2.8371170576797535,5.762882942320246,2.837117057679754,5.762882942320246
gen=47_member=6002_pso,50,10144400.0,0.718198,10144439.49189337,0.7181975860789928,43537.03644438117,43537.03644438117,97.00051719808124,97.00051719808124,42685.09218699485,42685.09218699485,95.10238539262453,95.10238539262453,1.5102412774079752,7.089758722592024,1.5102412774079752,7.089758722592024
gen=32_member=3978_pso,50,11724500.0,0.69565,11724521.462720819,0.6956504359983704,49484.08398621317,49484.08398621317,110.25053912128294,110.25053912128294,48874.142584268266,48874.142584268266,108.89158967774969,108.89158967774969,2.453313981441033,6.146686018558967,2.453313981441033,6.146686018558967
gen=24_member=2976_pso,50,11884300.0,0.687169,11884331.744194893,0.6871686509051157,49948.858920262544,49948.858920262544,111.28605767434495,111.28605767434495,49302.48132715866,49302.48132715866,109.8459283969095,109.8459283969095,2.685050129223768,5.914949870776232,2.6850501292237676,5.914949870776232
gen=46_member=5863_pso,50,11617300.0,0.700106,11617325.353071578,0.7001060589818718,49401.63840788752,49401.63840788752,110.06685037277339,110.06685037277339,48314.00128676755,48314.00128676755,107.6435948669181,107.6435948669181,2.312099736816777,6.287900263183223,2.312099736816777,6.287900263183223
gen=49_member=6159_pso,50,10903700.0,0.713479,10903671.696892686,0.7134787458617392,45667.79848784485,45667.79848784485,101.74785503091832,101.74785503091832,45185.67293819359,45185.67293819359,100.67367930629531,100.67367930629531,1.7773714633273998,6.8226285366726,1.7773714633273998,6.8226285366726
gen=49_member=6198_pso,50,11459600.0,0.705203,11459602.640373657,0.7052034682762328,48552.841526723045,48552.841526723045,108.17573092153894,108.17573092153894,47570.689864403525,47570.689864403525,105.98749701789104,105.98749701789104,2.150545043857054,6.4494549561429455,2.150545043857054,6.4494549561429455
gen=39_member=4883_pso,50,11655800.0,0.698172,11655757.181802921,0.6981721286505488,48881.632005089115,48881.632005089115,108.90827610733855,108.90827610733855,48537.54062247831,48537.54062247831,108.14164050688167,108.14164050688167,2.373392739367702,6.2266072606322975,2.373392739367702,6.2266072606322975
gen=36_member=4595_pso,50,12058100.0,0.663152,12058128.274327343,0.6631516057535513,50642.234983008704,50642.234983008704,112.83089954214338,112.83089954214338,50507.80174322089,50507.80174322089,112.53138228389614,112.53138228389614,3.188178930123629,5.411821069876371,3.188178930123629,5.411821069876371
gen=44_member=5538_pso,50,11819700.0,0.693476,11819711.981230736,0.6934764652608703,49533.11938529392,49533.11938529392,110.35978999043485,110.35978999043485,48989.99124684964,48989.99124684964,109.149700497981,109.149700497981,2.5222147023207158,6.077785297679284,2.5222147023207153,6.077785297679284
gen=47_member=5958_pso,50,11252200.0,0.708814,11252182.316333093,0.7088139961171142,46889.07693987987,46889.07693987987,104.46886342205235,104.46886342205235,46538.53885013175,46538.53885013175,103.68786455809354,103.68786455809354,2.0026522535261395,6.59734774647386,2.0026522535261395,6.59734774647386
gen=46_member=5862_pso,50,12127400.0,0.646326,12127415.605267622,0.6463260316051229,50873.35612585935,50873.35612585935,113.34583744841463,113.34583744841463,50761.635386620335,50761.635386620335,113.0969236413901,113.0969236413901,3.472613185398164,5.127386814601836,3.472613185398164,5.127386814601836
gen=48_member=6077_pso,50,11804900.0,0.693913,11804869.991800735,0.6939129026208544,49514.66438767297,49514.66438767297,110.31867225573538,110.31867225573538,48929.08457796394,48929.08457796394,109.01400043970366,109.01400043970366,2.5083824790055527,6.091617520994447,2.508382479005553,6.091617520994447
gen=38_member=4784_pso,50,11163300.0,0.710244,11163326.786992056,0.7102441206169997,47658.341063344036,47658.341063344036,106.1827838891305,106.1827838891305,46251.2716214466,46251.2716214466,103.04783317258301,103.04783317258301,1.9335854021290155,6.666414597870984,1.9335854021290155,6.666414597870984
gen=38_member=4799_pso,50,11949800.0,0.678338,11949789.008105733,0.6783375110730322,50300.94685990873,50300.94685990873,112.07050960387664,112.07050960387664,49627.29767271265,49627.29767271265,110.56961921480378,110.56961921480378,2.879960357418984,5.720039642581016,2.8799603574189843,5.720039642581016
gen=33_member=4144_pso,50,10275000.0,0.717721,10274983.576880537,0.7177213397693751,43886.43329653439,43886.43329653439,97.77897338467862,97.77897338467862,43197.64571836743,43197.64571836743,96.24435466052263,96.24435466052263,1.5511039817159038,7.048896018284096,1.5511039817159038,7.048896018284096
gen=40_member=5066_pso,50,11747400.0,0.695498,11747366.836248316,0.6954978957629557,49275.627853929764,49275.627853929764,109.7860988585555,109.7860988585555,48795.80376842059,48795.80376842059,108.71705079604108,108.71705079604108,2.4581485139404498,6.14185148605955,2.4581485139404498,6.14185148605955
gen=40_member=5054_pso,50,11588500.0,0.701146,11588547.789286416,0.7011461132731867,48781.04607997798,48781.04607997798,108.68417066619094,108.68417066619094,48181.74171599037,48181.74171599037,107.34892054322654,107.34892054322654,2.279136786032996,6.320863213967003,2.2791367860329963,6.320863213967003
gen=45_member=5693_pso,50,10709600.0,0.715379,10709593.135838162,0.7153791400536657,45013.264122283465,45013.264122283465,100.28955246444755,100.28955246444755,44331.89936597063,44331.89936597063,98.77147178738257,98.77147178738257,1.6855932697084195,6.91440673029158,1.6855932697084197,6.91440673029158
gen=48_member=6031_pso,50,12052400.0,0.665521,12052365.848215453,0.6655208087713973,50542.03664619567,50542.03664619567,112.60765764772395,112.60765764772395,50359.41582725156,50359.41582725156,112.20077846311648,112.20077846311648,3.148127845386162,5.451872154613838,3.1481278453861616,5.451872154613838
gen=31_member=3921_pso,50,12113900.0,0.648713,12113891.248633971,0.6487131488428448,50758.519707847816,50758.519707847816,113.08998190908493,113.08998190908493,50541.739414484626,50541.739414484626,112.60699541547174,112.60699541547174,3.432259262983702,5.167740737016297,3.432259262983702,5.167740737016297
gen=44_member=5545_pso,50,11598800.0,0.700704,11598815.43768315,0.7007039732045743,48922.10128165834,48922.10128165834,108.99844165553478,108.99844165553478,48203.08537435674,48203.08537435674,107.39647421406681,107.39647421406681,2.2931497480897933,6.306850251910206,2.2931497480897933,6.306850251910206
gen=39_member=4943_pso,50,11638200.0,0.698899,11638206.369778983,0.6988987398250707,49553.62611216778,49553.62611216778,110.40547897790981,110.40547897790981,48263.5673686528,48263.5673686528,107.53122809735844,107.53122809735844,2.350363895023021,6.249636104976979,2.350363895023021,6.249636104976979
gen=34_member=4333_pso,50,11563700.0,0.701354,11563663.491177239,0.70135445111761,49190.64059163448,49190.64059163448,109.59674723816163,109.59674723816163,48020.76320158239,48020.76320158239,106.99026041312557,106.99026041312557,2.272533832543477,6.327466167456523,2.272533832543477,6.327466167456523
gen=46_member=5865_pso,50,10532800.0,0.716666,10532832.151348412,0.7166655059570326,44588.28472863733,44588.28472863733,99.34269837540397,99.34269837540397,43900.42570084892,43900.42570084892,97.8101484614914,97.8101484614914,1.62346913807003,6.9765308619299695,1.6234691380700301,6.9765308619299695
gen=35_member=4371_pso,50,11707200.0,0.696196,11707227.059533695,0.6961955336508473,49103.908059944864,49103.908059944864,109.40350715755716,109.40350715755716,48760.57446755105,48760.57446755105,108.63855991370374,108.63855991370374,2.4360379341798524,6.163962065820147,2.4360379341798524,6.163962065820147
gen=39_member=4906_pso,50,11134300.0,0.710422,11134328.034844197,0.7104217989274334,47578.77914141552,47578.77914141552,106.00551992707378,106.00551992707378,46071.3940281057,46071.3940281057,102.6470658946195,102.6470658946195,1.9250045537733649,6.674995446226635,1.9250045537733647,6.674995446226635
gen=47_member=5999_pso,50,10584600.0,0.716506,10584561.410868496,0.7165056598297174,45172.36751059882,45172.36751059882,100.64403481361417,100.64403481361417,43991.90226940192,43991.90226940192,98.01395825622748,98.01395825622748,1.631188793752154,6.968811206247846,1.631188793752154,6.968811206247846
gen=42_member=5333_pso,50,10737100.0,0.714956,10737093.054913322,0.7149561496832161,45512.1533406996,45512.1533406996,101.40107764307871,101.40107764307871,44447.611060534735,44447.611060534735,99.02927744287139,99.02927744287139,1.7060212905279992,6.893978709472,1.7060212905279992,6.893978709472
gen=46_member=5794_pso,50,11924600.0,0.682557,11924617.05125353,0.6825572480794769,49682.41356246758,49682.41356246758,110.69241741717775,110.69241741717775,49427.09624546203,49427.09624546203,110.1235704348894,110.1235704348894,2.786827430244407,5.813172569755593,2.786827430244407,5.813172569755593
gen=43_member=5487_pso,50,12067400.0,0.661074,12067409.117305875,0.6610737098129726,50562.666453056096,50562.666453056096,112.65362085740898,112.65362085740898,50537.27173193039,50537.27173193039,112.59704141874091,112.59704141874091,3.2233055046572927,5.376694495342707,3.2233055046572927,5.376694495342707
gen=30_member=3743_pso,50,10742800.0,0.714799,10742769.128613207,0.7147994499908987,45646.324483692624,45646.324483692624,101.70001094966716,101.70001094966716,44378.07642666707,44378.07642666707,98.87435427861422,98.87435427861422,1.713588991356934,6.886411008643066,1.713588991356934,6.886411008643066
gen=39_member=4904_pso,50,10630300.0,0.716073,10630263.80682499,0.7160731881327753,45186.13101289218,45186.13101289218,100.67469989672378,100.67469989672378,44125.36338214286,44125.36338214286,98.31130961541429,98.31130961541429,1.652074708529888,6.947925291470112,1.6520747085298877,6.947925291470112
gen=47_member=5956_pso,50,12183100.0,0.627514,12183071.266239155,0.6275136307375955,50949.92024342074,50949.92024342074,113.51642230234141,113.51642230234141,50854.86246850255,50854.86246850255,113.30463357982367,113.30463357982367,3.747697991113233,4.852302008886767,3.747697991113233,4.852302008886767
gen=45_member=5633_pso,50,10052500.0,0.7184,10052464.229952421,0.7183999358013387,43191.05822560805,43191.05822560805,96.22967772665474,96.22967772665474,42774.25277119569,42774.25277119569,95.30103517422398,95.30103517422398,1.4928793436690044,7.107120656330995,1.4928793436690044,7.107120656330995
gen=42_member=5374_pso,50,12060700.0,0.662726,12060715.189592736,0.6627264599881645,50808.16226453737,50808.16226453737,113.20058552538926,113.20058552538926,50520.26567669265,50520.26567669265,112.55915192767122,112.55915192767122,3.1953659668389367,5.404634033161063,3.1953659668389367,5.404634033161063
gen=48_member=6063_pso,50,11984100.0,0.674935,11984089.021979596,0.6749350871189527,50686.86090154338,50686.86090154338,112.93032608863865,112.93032608863865,50056.85481995258,50056.85481995258,111.52667253885436,111.52667253885436,2.955054540266959,5.644945459733041,2.955054540266959,5.644945459733041
gen=37_member=4733_pso,50,11692900.0,0.69644,11692914.81233409,0.6964396627420671,49794.90136387573,49794.90136387573,110.94304023871513,110.94304023871513,48748.25392030278,48748.25392030278,108.61110973443459,108.61110973443459,2.428300631150606,6.171699368849394,2.428300631150606,6.171699368849394
gen=38_member=4788_pso,50,12107000.0,0.64925,12107032.78287132,0.6492495817134613,50838.0282661453,50838.0282661453,113.26712697697172,113.26712697697172,50549.15545890157,50549.15545890157,112.6235183624327,112.6235183624327,3.423190931483538,5.176809068516462,3.423190931483538,5.176809068516462
gen=42_member=5267_pso,50,11624000.0,0.698994,11624016.320151795,0.6989939703239986,49374.311990781556,49374.311990781556,110.0059671154613,110.0059671154613,48229.59089885325,48229.59089885325,107.45552852264503,107.45552852264503,2.34734570811154,6.25265429188846,2.34734570811154,6.25265429188846
gen=46_member=5801_pso,50,12128900.0,0.644216,12128869.131304957,0.644216331104358,50817.75993013832,50817.75993013832,113.22196912434818,113.22196912434818,50772.09331393344,50772.09331393344,113.1202239034437,113.1202239034437,3.5082774120981726,5.0917225879018275,3.5082774120981726,5.0917225879018275
gen=47_member=5934_pso,50,12214400.0,0.617987,12214365.004216783,0.6179866602388745,51089.75653112735,51089.75653112735,113.82797755135174,113.82797755135174,51089.75653112735,51089.75653112735,113.82797755135174,113.82797755135174,3.872476534630727,4.727523465369273,3.8724765346307266,4.7275234653692735
gen=40_member=5041_pso,50,10773400.0,0.714662,10773385.543513425,0.7146617545581112,45911.66320015842,45911.66320015842,102.29118560995296,102.29118560995296,44777.123591647796,44777.123591647796,99.76343136219128,99.76343136219128,1.7202388949108955,6.879761105089104,1.7202388949108955,6.879761105089104
gen=44_member=5596_pso,50,11129300.0,0.710806,11129305.094874427,0.7108061392991337,46326.48433354849,46326.48433354849,103.21540709514603,103.21540709514603,46042.22206637733,46042.22206637733,102.5820707638887,102.5820707638887,1.9064431073117016,6.693556892688298,1.9064431073117016,6.693556892688298
gen=46_member=5800_pso,50,10266700.0,0.717862,10266732.962909713,0.7178621007197982,43830.81669688098,43830.81669688098,97.65505960065083,97.65505960065083,43267.22125075295,43267.22125075295,96.39936894667757,96.39936894667757,1.5390264643071996,7.0609735356928,1.5390264643071996,7.0609735356928
90,50,12416100.0,0.556633,12416131.199367564,0.5566328473213152,52367.2352406157,52367.2352406157,116.67420011609178,116.67420011609178,52367.2352406157,52367.2352406157,116.67420011609178,116.67420011609178,4.575221592925796,4.024778407074203,4.5752215929257956,4.024778407074204
8,50,12404500.0,0.556712,12404528.288386147,0.5567115758856632,52432.08592469255,52432.08592469255,116.81868744021499,116.81868744021499,52432.08592469255,52432.08592469255,116.81868744021499,116.81868744021499,4.574370940926311,4.0256290590736885,4.574370940926311,4.0256290590736885
gen=47_member=5927_pso,50,12191700.0,0.623739,12191693.59369932,0.623738553752266,50892.77888623762,50892.77888623762,113.3891113585374,113.3891113585374,50864.275180965094,50864.275180965094,113.32560510319023,113.32560510319023,3.797141684463503,4.802858315536497,3.797141684463503,4.802858315536497
gen=23_member=2880_pso,50,12086100.0,0.651425,12086117.93737263,0.6514247996527707,50685.30030794859,50685.30030794859,112.92684908610946,112.92684908610946,50513.65277696667,50513.65277696667,112.54441838708175,112.54441838708175,3.3864191405675586,5.213580859432441,3.3864191405675586,5.213580859432441
gen=45_member=5694_pso,50,11937100.0,0.681248,11937082.887701936,0.6812476072239025,49824.64404995597,49824.64404995597,111.0093069433019,111.0093069433019,49490.96174587519,49490.96174587519,110.26586276980991,110.26586276980991,2.8157322378759657,5.784267762124034,2.8157322378759657,5.784267762124034
gen=33_member=4157_pso,50,12187200.0,0.625142,12187167.117334038,0.6251423087652561,51187.975454635576,51187.975454635576,114.04680931292806,114.04680931292806,50849.17018404211,50849.17018404211,113.29195117004582,113.29195117004582,3.77875614354052,4.82124385645948,3.7787561435405195,4.82124385645948
gen=39_member=4884_pso,50,11680400.0,0.697022,11680425.995853443,0.6970224928409644,49254.57549238486,49254.57549238486,109.73919419703346,109.73919419703346,48559.45242309004,48559.45242309004,108.19045999864461,108.19045999864461,2.409828710957895,6.190171289042105,2.409828710957895,6.190171289042105
gen=43_member=5440_pso,50,12121100.0,0.647192,12121098.886050921,0.6471922669367052,50835.08313646425,50835.08313646425,113.26056522804235,113.26056522804235,50621.75583412206,50621.75583412206,112.78527199842394,112.78527199842394,3.4579695839817983,5.142030416018201,3.4579695839817983,5.142030416018201
gen=33_member=4206_pso,50,11551100.0,0.701567,11551056.819824193,0.7015666582040447,48667.510880842834,48667.510880842834,108.43121424251783,108.43121424251783,47816.250315878584,47816.250315878584,106.53460570377749,106.53460570377749,2.2658082492690945,6.334191750730906,2.265808249269094,6.334191750730906
gen=48_member=6130_pso,50,11497500.0,0.703325,11497486.999720298,0.7033247715123476,48519.73772520262,48519.73772520262,108.10197565175143,108.10197565175143,47653.76048447941,47653.76048447941,106.17257835942013,106.17257835942013,2.2100875018640367,6.389912498135963,2.210087501864037,6.3899124981359625
gen=40_member=5021_pso,50,12103200.0,0.650633,12103213.1286555,0.6506332046488428,51356.81714081211,51356.81714081211,114.42298858972939,114.42298858972939,50538.80335523818,50538.80335523818,112.60045387547066,112.60045387547066,3.3998009564530096,5.20019904354699,3.3998009564530096,5.20019904354699
gen=45_member=5738_pso,50,10894900.0,0.713643,10894885.825538045,0.7136427207472469,45530.41708116328,45530.41708116328,101.44176925683179,101.44176925683179,44923.50650222009,44923.50650222009,100.08957248694635,100.08957248694635,1.7694524121880564,6.830547587811943,1.7694524121880564,6.830547587811943
gen=27_member=3377_pso,50,12186900.0,0.625766,12186931.25762333,0.625766171791428,50945.06918245952,50945.06918245952,113.5056141385198,113.5056141385198,50866.95776489414,50866.95776489414,113.33158190018415,113.33158190018415,3.7705851599344937,4.829414840065506,3.7705851599344937,4.829414840065506
gen=46_member=5826_pso,50,12186100.0,0.627088,12186064.810103523,0.6270884887803406,50982.68793573881,50982.68793573881,113.58942872082606,113.58942872082606,50864.647947326586,50864.647947326586,113.32643562664363,113.32643562664363,3.7532662453889825,4.846733754611018,3.753266245388982,4.846733754611018
gen=41_member=5141_pso,50,11030000.0,0.711812,11029968.090569744,0.7118124085109114,46670.83927397202,46670.83927397202,103.98262990240966,103.98262990240966,45764.1445725456,45764.1445725456,101.96251410763159,101.96251410763159,1.8578460473208287,6.742153952679171,1.8578460473208291,6.74215395267917
gen=29_member=3677_pso,50,11489400.0,0.703344,11489410.323236927,0.703343864315409,48245.40350903176,48245.40350903176,107.49075901812276,107.49075901812276,47672.920123003445,47672.920123003445,106.21526603405167,106.21526603405167,2.209482384291916,6.390517615708084,2.209482384291916,6.390517615708084
gen=35_member=4441_pso,50,12097700.0,0.650754,12097747.115144044,0.6507538051162439,50601.79755350265,50601.79755350265,112.7408049492039,112.7408049492039,50516.3430693612,50516.3430693612,112.55041235853676,112.55041235853676,3.397762220429597,5.202237779570403,3.397762220429597,5.202237779570403
gen=31_member=3912_pso,50,11666300.0,0.697443,11666347.56033951,0.6974427956900187,49118.4329153273,49118.4329153273,109.43586853534921,109.43586853534921,48526.83479974014,48526.83479974014,108.11778793382103,108.11778793382103,2.3965078466113363,6.203492153388663,2.3965078466113363,6.203492153388663
gen=44_member=5517_pso,50,12132500.0,0.643292,12132464.82691212,0.6432922308365611,51456.49456959809,51456.49456959809,114.64506990106455,114.64506990106455,50794.287641190014,50794.287641190014,113.16967286457135,113.16967286457135,3.523899213122679,5.076100786877321,3.523899213122679,5.076100786877321
gen=49_member=6177_pso,50,12138900.0,0.642618,12138871.541597325,0.6426184770272728,50825.8835101407,50825.8835101407,113.24006846059348,113.24006846059348,50801.76609991204,50801.76609991204,113.18633487060403,113.18633487060403,3.5352889381503494,5.06471106184965,3.5352889381503494,5.06471106184965
gen=44_member=5611_pso,50,11923800.0,0.68319,11923767.054962939,0.6831898003872626,49891.114152183596,49891.114152183596,111.15740233106504,111.15740233106504,49430.9234601053,49430.9234601053,110.13209746911461,110.13209746911461,2.7728665014175293,5.82713349858247,2.772866501417529,5.827133498582471
gen=35_member=4426_pso,50,12009300.0,0.66959,12009325.101516692,0.669589732775445,50272.83216736466,50272.83216736466,112.00787006888845,112.00787006888845,50272.83216736466,50272.83216736466,112.00787006888845,112.00787006888845,3.0730307307347253,5.526969269265274,3.0730307307347253,5.526969269265274
gen=25_member=3126_pso,50,11880600.0,0.687242,11880589.469000075,0.6872416129736483,49706.3042309079,49706.3042309079,110.7456458264628,110.7456458264628,49291.21269141708,49291.21269141708,109.82082187647725,109.82082187647725,2.683439798768392,5.916560201231608,2.6834397987683913,5.916560201231608
gen=36_member=4525_pso,50,11173400.0,0.709924,11173377.904344108,0.7099241166233876,46765.35983396837,46765.35983396837,104.19322171008152,104.19322171008152,46266.519971233356,46266.519971233356,103.08180649590791,103.08180649590791,1.9490397687069332,6.650960231293066,1.9490397687069334,6.650960231293066
gen=47_member=5916_pso,50,11938700.0,0.681121,11938697.818192918,0.6811207141324473,49794.69939162476,49794.69939162476,110.94259024453996,110.94259024453996,49495.352919661775,49495.352919661775,110.27564630500643,110.27564630500643,2.818532868585274,5.7814671314147255,2.818532868585274,5.7814671314147255
gen=37_member=4683_pso,50,11669800.0,0.697204,11669824.724862162,0.6972040802568173,48673.953149886016,48673.953149886016,108.44556761794604,108.44556761794604,48585.14827481801,48585.14827481801,108.24771035629453,108.24771035629453,2.4040735719216904,6.195926428078309,2.4040735719216904,6.195926428078309
gen=30_member=3767_pso,50,12001400.0,0.670255,12001377.210174264,0.670254954827148,50548.11932642426,50548.11932642426,112.62120985927325,112.62120985927325,50242.449031244745,50242.449031244745,111.94017644161329,111.94017644161329,3.058348754867139,5.541651245132861,3.058348754867139,5.541651245132861
gen=41_member=5185_pso,50,11449100.0,0.705422,11449096.778256543,0.705421553325665,48486.720972743366,48486.720972743366,108.02841432727222,108.02841432727222,47453.85902728026,47453.85902728026,105.72719791278043,105.72719791278043,2.1436331674183515,6.456366832581648,2.1436331674183515,6.456366832581648
gen=40_member=5102_pso,50,12208700.0,0.61827,12208710.648241015,0.6182699186052586,51061.80412640587,51061.80412640587,113.76569959363228,113.76569959363228,51061.80412640587,51061.80412640587,113.76569959363228,113.76569959363228,3.8687665864996497,4.73123341350035,3.86876658649965,4.73123341350035
gen=40_member=5107_pso,50,12124500.0,0.647188,12124489.979887124,0.6471876609874609,50849.12766349434,50849.12766349434,113.2918564342654,113.2918564342654,50630.82800675064,50630.82800675064,112.80548479904043,112.80548479904043,3.4580474469855527,5.1419525530144465,3.4580474469855527,5.1419525530144465
gen=36_member=4597_pso,50,12067700.0,0.660395,12067736.32117229,0.6603953897960401,51057.747764340544,51057.747764340544,113.75666201895073,113.75666201895073,50541.95907510031,50541.95907510031,112.60748481932349,112.60748481932349,3.234772420861874,5.365227579138125,3.2347724208618747,5.365227579138125
gen=43_member=5401_pso,50,12002800.0,0.670056,12002793.896778665,0.6700559875631963,50410.158340373324,50410.158340373324,112.31383278235177,112.31383278235177,50198.64970178832,50198.64970178832,111.84259153558438,111.84259153558438,3.0627401194653223,5.537259880534677,3.0627401194653223,5.537259880534677
gen=34_member=4241_pso,50,12130700.0,0.643917,12130735.362367615,0.6439173730976578,51374.07002860749,51374.07002860749,114.4614280237375,114.4614280237375,50782.20974221339,50782.20974221339,113.14276330565143,113.14276330565143,3.5133312603201694,5.08666873967983,3.5133312603201694,5.08666873967983
gen=41_member=5136_pso,50,10406500.0,0.717487,10406546.441500314,0.717487209115701,43931.72374076148,43931.72374076148,97.87988049441658,97.87988049441658,43609.560802630964,43609.560802630964,97.16210146826178,97.16210146826178,1.5711927708094906,7.028807229190509,1.5711927708094908,7.028807229190509
gen=30_member=3730_pso,50,12140000.0,0.641959,12140045.72221974,0.6419594591909595,51075.04584032901,51075.04584032901,113.79520213225304,113.79520213225304,50815.44517450234,50815.44517450234,113.21681184879121,113.21681184879121,3.5464295533727976,5.053570446627202,3.5464295533727976,5.053570446627202
gen=26_member=3274_pso,50,12038900.0,0.665819,12038850.4455638,0.6658189137501658,50639.3413163918,50639.3413163918,112.82445245292094,112.82445245292094,50304.87921352462,50304.87921352462,112.07927088773285,112.07927088773285,3.143088417496115,5.456911582503885,3.143088417496115,5.456911582503885
gen=27_member=3397_pso,50,12071700.0,0.660095,12071654.496071892,0.6600954917705697,50981.96316968758,50981.96316968758,113.58781394206393,113.58781394206393,50552.867655833994,50552.867655833994,112.63178913719814,112.63178913719814,3.2398421599852165,5.360157840014783,3.2398421599852165,5.360157840014783
gen=35_member=4358_pso,50,12204700.0,0.618623,12204661.884933073,0.6186225522286454,51106.48412393821,51106.48412393821,113.86524662813433,113.86524662813433,51009.814886034575,51009.814886034575,113.64986756608504,113.64986756608504,3.8641480028767226,4.735851997123277,3.8641480028767226,4.735851997123277
gen=39_member=4886_pso,50,12044000.0,0.665732,12044004.390030988,0.6657318747236284,50491.711318747475,50491.711318747475,112.49553281816937,112.49553281816937,50342.93282698114,50342.93282698114,112.16405433851398,112.16405433851398,3.1445598015020697,5.45544019849793,3.1445598015020697,5.45544019849793
gen=44_member=5592_pso,50,12203600.0,0.618851,12203605.6103388,0.6188505892296975,51092.96853954465,51092.96853954465,113.83513390610548,113.83513390610548,51061.40909363768,51061.40909363768,113.76481946062475,113.76481946062475,3.8611613110565695,4.73883868894343,3.86116131105657,4.73883868894343
gen=38_member=4844_pso,50,12142000.0,0.641745,12141958.442525955,0.6417452436507985,50941.33531657965,50941.33531657965,113.49729508533946,113.49729508533946,50823.455622000954,50823.455622000954,113.23465912581813,113.23465912581813,3.5500508406522946,5.049949159347705,3.550050840652294,5.0499491593477055
gen=42_member=5368_pso,50,12047200.0,0.665633,12047226.813034713,0.6656328438976323,50988.90270934845,50988.90270934845,113.60327523642833,113.60327523642833,50307.04728986295,50307.04728986295,112.08410136181466,112.08410136181466,3.146233905398492,5.453766094601508,3.1462339053984913,5.453766094601509
gen=41_member=5212_pso,50,12074000.0,0.659863,12074040.299001968,0.6598630848769318,50894.43854761299,50894.43854761299,113.39280908408173,113.39280908408173,50560.45217337479,50560.45217337479,112.64868744227903,112.64868744227903,3.243770969851043,5.356229030148956,3.243770969851043,5.356229030148956
gen=46_member=5787_pso,50,12049200.0,0.665563,12049204.249162452,0.6655631923487528,50381.152569186444,50381.152569186444,112.2492079241474,112.2492079241474,50349.292689661954,50349.292689661954,112.17822411256682,112.17822411256682,3.147411356239661,5.452588643760339,3.1474113562396613,5.452588643760338
gen=47_member=5970_pso,50,12075000.0,0.659832,12074981.120001724,0.6598321089296924,50713.11596487974,50713.11596487974,112.98882236975206,112.98882236975206,50559.08338774511,50559.08338774511,112.64563778789609,112.64563778789609,3.2442946144177465,5.355705385582253,3.2442946144177465,5.355705385582253
gen=50_member=6375_pso,50,12295700.0,0.582721,12295746.208614845,0.5827213394112062,51477.2567191637,51477.2567191637,114.69132797029671,114.69132797029671,51477.2567191637,51477.2567191637,114.69132797029671,114.69132797029671,4.293338795448332,4.306661204551667,4.293338795448333,4.306661204551666
gen=50_member=6314_pso,50,12219200.0,0.616249,12219242.960929338,0.6162493056564763,51108.100000000006,51108.100000000006,113.86884680000001,113.86884680000001,51108.100000000006,51108.100000000006,113.86884680000001,113.86884680000001,3.895231362557841,4.704768637442159,3.895231362557841,4.704768637442159
gen=50_member=6331_pso,50,12250500.0,0.600795,12250481.385280203,0.6007954444173293,51229.27664652902,51229.27664652902,114.13882836846665,114.13882836846665,51189.651842018546,51189.651842018546,114.05054430401732,114.05054430401732,4.097636764925896,4.502363235074104,4.097636764925896,4.502363235074104
gen=50_member=6311_pso,50,12149400.0,0.639509,12149374.420328459,0.6395089291111404,50943.69444447454,50943.69444447454,113.50255122228927,113.50255122228927,50840.12644413603,50840.12644413603,113.27180171753508,113.27180171753508,3.58785546205992,5.012144537940079,3.58785546205992,5.012144537940079
gen=50_member=6307_pso,50,9981370.0,0.718653,9981373.38209072,0.7186533706371289,43752.64310475318,43752.64310475318,97.48088883739008,97.48088883739008,42375.601402361644,42375.601402361644,94.41283992446174,94.41283992446174,1.4711342245004395,7.12886577549956,1.4711342245004395,7.12886577549956
gen=50_member=6332_pso,50,11222500.0,0.709503,11222480.829753874,0.709502877333777,47077.84871533011,47077.84871533011,104.88944693775548,104.88944693775548,46464.529875399385,46464.529875399385,103.52297256238982,103.52297256238982,1.9693832223156864,6.630616777684313,1.9693832223156864,6.630616777684313
gen=50_member=6369_pso,50,10816200.0,0.714409,10816152.42359839,0.7144087871515501,45326.84803553662,45326.84803553662,100.98821742317558,100.98821742317558,44806.315606127355,44806.315606127355,99.82847117045175,99.82847117045175,1.7324557769226856,6.867544223077314,1.7324557769226856,6.867544223077314
gen=50_member=6392_pso,50,10988800.0,0.712623,10988818.450383374,0.7126225097149498,46401.29951110389,46401.29951110389,103.38209531073947,103.38209531073947,45639.441190947065,45639.441190947065,101.68467497343006,101.68467497343006,1.8187227825418355,6.781277217458165,1.8187227825418355,6.781277217458165
gen=50_member=6378_pso,50,11022800.0,0.712066,11022782.803294366,0.7120658886858616,46236.0318934091,46236.0318934091,103.01387905851547,103.01387905851547,45780.544156578704,45780.544156578704,101.99905238085735,101.99905238085735,1.8456044015223,6.7543955984777,1.8456044015222999,6.7543955984777
gen=50_member=6337_pso,50,12024000.0,0.668505,12024025.732677821,0.6685050693066373,50701.722188745116,50701.722188745116,112.96343703652411,112.96343703652411,50210.12362714249,50210.12362714249,111.86815544127347,111.86815544127347,3.0969701098228315,5.503029890177168,3.0969701098228315,5.503029890177168
gen=50_member=6333_pso,50,11046600.0,0.711612,11046597.887337454,0.7116120537700265,46399.3412240379,46399.3412240379,103.37773224715643,103.37773224715643,45873.557837677174,45873.557837677174,102.20628686234474,102.20628686234474,1.867522037849292,6.732477962150708,1.867522037849292,6.732477962150708
gen=50_member=6385_pso,50,10736300.0,0.715054,10736330.109125491,0.7150544125320408,44989.937994704,44989.937994704,100.2375818522005,100.2375818522005,44397.263235323626,44397.263235323626,98.91710248830104,98.91710248830104,1.7012757557314309,6.898724244268569,1.7012757557314309,6.898724244268569
