child,parent_1,parent_2,parent_3
GEN=1_MEMBER=0_PSO,8,,
GEN=1_MEMBER=1_PSO,16,,
GEN=1_MEMBER=2_PSO,7,,
GEN=1_MEMBER=3_PSO,19,,
GEN=1_MEMBER=4_PSO,17,,
GEN=1_MEMBER=5_PSO,2,,
GEN=1_MEMBER=6_PSO,5,,
GEN=1_MEMBER=7_PSO,22,,
GEN=1_MEMBER=8_PSO,25,,
GEN=1_MEMBER=9_PSO,10,,
GEN=1_MEMBER=10_PSO,18,,
GEN=1_MEMBER=11_PSO,13,,
GEN=1_MEMBER=12_PSO,9,,
GEN=1_MEMBER=13_PSO,24,,
GEN=1_MEMBER=14_PSO,12,,
GEN=1_MEMBER=15_PSO,4,,
GEN=1_MEMBER=16_PSO,0,,
GEN=1_MEMBER=17_PSO,1,,
GEN=1_MEMBER=18_PSO,3,,
GEN=1_MEMBER=19_PSO,15,,
GEN=1_MEMBER=20_PSO,6,,
GEN=1_MEMBER=21_PSO,11,,
GEN=1_MEMBER=22_PSO,23,,
GEN=1_MEMBER=23_PSO,21,,
GEN=1_MEMBER=24_PSO,14,,
GEN=1_MEMBER=25_PSO,20,,
GEN=2_MEMBER=26_PSO,GEN=1_MEMBER=21_PSO,,
GEN=2_MEMBER=27_PSO,16,,
GEN=2_MEMBER=28_PSO,GEN=1_MEMBER=3_PSO,,
GEN=2_MEMBER=29_PSO,GEN=1_MEMBER=17_PSO,,
GEN=2_MEMBER=30_PSO,GEN=1_MEMBER=9_PSO,,
GEN=2_MEMBER=31_PSO,GEN=1_MEMBER=11_PSO,,
GEN=2_MEMBER=32_PSO,GEN=1_MEMBER=0_PSO,,
GEN=2_MEMBER=33_PSO,GEN=1_MEMBER=10_PSO,,
GEN=2_MEMBER=34_PSO,GEN=1_MEMBER=15_PSO,,
GEN=2_MEMBER=35_PSO,GEN=1_MEMBER=8_PSO,,
GEN=2_MEMBER=36_PSO,19,,
GEN=2_MEMBER=37_PSO,17,,
GEN=2_MEMBER=38_PSO,8,,
GEN=2_MEMBER=39_PSO,2,,
GEN=2_MEMBER=40_PSO,22,,
GEN=2_MEMBER=41_PSO,5,,
GEN=2_MEMBER=42_PSO,25,,
GEN=2_MEMBER=43_PSO,10,,
GEN=2_MEMBER=44_PSO,18,,
GEN=2_MEMBER=45_PSO,13,,
GEN=2_MEMBER=46_PSO,GEN=1_MEMBER=1_PSO,,
GEN=2_MEMBER=47_PSO,GEN=1_MEMBER=12_PSO,,
GEN=2_MEMBER=48_PSO,9,,
GEN=2_MEMBER=49_PSO,GEN=1_MEMBER=5_PSO,,
GEN=2_MEMBER=50_PSO,GEN=1_MEMBER=24_PSO,,
GEN=2_MEMBER=51_PSO,GEN=1_MEMBER=13_PSO,,
GEN=3_MEMBER=52_PSO,16,,
GEN=3_MEMBER=53_PSO,GEN=2_MEMBER=29_PSO,,
GEN=3_MEMBER=54_PSO,GEN=2_MEMBER=43_PSO,,
GEN=3_MEMBER=55_PSO,GEN=2_MEMBER=46_PSO,,
GEN=3_MEMBER=56_PSO,GEN=1_MEMBER=9_PSO,,
GEN=3_MEMBER=57_PSO,GEN=2_MEMBER=26_PSO,,
GEN=3_MEMBER=58_PSO,GEN=2_MEMBER=31_PSO,,
GEN=3_MEMBER=59_PSO,GEN=1_MEMBER=21_PSO,,
GEN=3_MEMBER=60_PSO,GEN=1_MEMBER=10_PSO,,
GEN=3_MEMBER=61_PSO,GEN=2_MEMBER=34_PSO,,
GEN=3_MEMBER=62_PSO,GEN=2_MEMBER=47_PSO,,
GEN=3_MEMBER=63_PSO,GEN=2_MEMBER=49_PSO,,
GEN=3_MEMBER=64_PSO,19,,
GEN=3_MEMBER=65_PSO,GEN=1_MEMBER=15_PSO,,
GEN=3_MEMBER=66_PSO,17,,
GEN=3_MEMBER=67_PSO,2,,
GEN=3_MEMBER=68_PSO,GEN=2_MEMBER=39_PSO,,
GEN=3_MEMBER=69_PSO,22,,
GEN=3_MEMBER=70_PSO,GEN=2_MEMBER=35_PSO,,
GEN=3_MEMBER=71_PSO,GEN=1_MEMBER=8_PSO,,
GEN=3_MEMBER=72_PSO,5,,
GEN=3_MEMBER=73_PSO,10,,
GEN=3_MEMBER=74_PSO,GEN=1_MEMBER=11_PSO,,
GEN=3_MEMBER=75_PSO,25,,
GEN=3_MEMBER=76_PSO,18,,
GEN=3_MEMBER=77_PSO,13,,
GEN=4_MEMBER=78_PSO,16,,
GEN=4_MEMBER=79_PSO,GEN=3_MEMBER=66_PSO,,
GEN=4_MEMBER=80_PSO,GEN=2_MEMBER=43_PSO,,
GEN=4_MEMBER=81_PSO,GEN=3_MEMBER=77_PSO,,
GEN=4_MEMBER=82_PSO,GEN=1_MEMBER=9_PSO,,
GEN=4_MEMBER=83_PSO,GEN=3_MEMBER=58_PSO,,
GEN=4_MEMBER=84_PSO,GEN=3_MEMBER=73_PSO,,
GEN=4_MEMBER=85_PSO,GEN=2_MEMBER=31_PSO,,
GEN=4_MEMBER=86_PSO,GEN=3_MEMBER=62_PSO,,
GEN=4_MEMBER=87_PSO,GEN=1_MEMBER=21_PSO,,
GEN=4_MEMBER=88_PSO,GEN=1_MEMBER=10_PSO,,
GEN=4_MEMBER=89_PSO,GEN=3_MEMBER=63_PSO,,
GEN=4_MEMBER=90_PSO,GEN=2_MEMBER=47_PSO,,
GEN=4_MEMBER=91_PSO,GEN=3_MEMBER=64_PSO,,
GEN=4_MEMBER=92_PSO,19,,
GEN=4_MEMBER=93_PSO,GEN=2_MEMBER=34_PSO,,
GEN=4_MEMBER=94_PSO,GEN=1_MEMBER=8_PSO,,
GEN=4_MEMBER=95_PSO,GEN=1_MEMBER=15_PSO,,
GEN=4_MEMBER=96_PSO,GEN=2_MEMBER=49_PSO,,
GEN=4_MEMBER=97_PSO,17,,
GEN=4_MEMBER=98_PSO,2,,
GEN=4_MEMBER=99_PSO,GEN=2_MEMBER=39_PSO,,
GEN=4_MEMBER=100_PSO,22,,
GEN=4_MEMBER=101_PSO,GEN=3_MEMBER=76_PSO,,
GEN=4_MEMBER=102_PSO,5,,
GEN=4_MEMBER=103_PSO,10,,
GEN=5_MEMBER=104_PSO,16,,
GEN=5_MEMBER=105_PSO,GEN=4_MEMBER=83_PSO,,
GEN=5_MEMBER=106_PSO,GEN=4_MEMBER=95_PSO,,
GEN=5_MEMBER=107_PSO,GEN=3_MEMBER=77_PSO,,
GEN=5_MEMBER=108_PSO,GEN=4_MEMBER=82_PSO,,
GEN=5_MEMBER=109_PSO,GEN=3_MEMBER=58_PSO,,
GEN=5_MEMBER=110_PSO,GEN=3_MEMBER=66_PSO,,
GEN=5_MEMBER=111_PSO,GEN=1_MEMBER=9_PSO,,
GEN=5_MEMBER=112_PSO,GEN=3_MEMBER=73_PSO,,
GEN=5_MEMBER=113_PSO,GEN=4_MEMBER=88_PSO,,
GEN=5_MEMBER=114_PSO,GEN=1_MEMBER=21_PSO,,
GEN=5_MEMBER=115_PSO,GEN=3_MEMBER=62_PSO,,
GEN=5_MEMBER=116_PSO,GEN=4_MEMBER=85_PSO,,
GEN=5_MEMBER=117_PSO,GEN=3_MEMBER=63_PSO,,
GEN=5_MEMBER=118_PSO,GEN=4_MEMBER=84_PSO,,
GEN=5_MEMBER=119_PSO,GEN=2_MEMBER=47_PSO,,
GEN=5_MEMBER=120_PSO,GEN=3_MEMBER=64_PSO,,
GEN=5_MEMBER=121_PSO,22,,
GEN=5_MEMBER=122_PSO,19,,
GEN=5_MEMBER=123_PSO,5,,
GEN=5_MEMBER=124_PSO,GEN=2_MEMBER=34_PSO,,
GEN=5_MEMBER=125_PSO,10,,
GEN=5_MEMBER=126_PSO,GEN=1_MEMBER=8_PSO,,
GEN=5_MEMBER=127_PSO,GEN=1_MEMBER=15_PSO,,
GEN=5_MEMBER=128_PSO,17,,
GEN=5_MEMBER=129_PSO,2,,
GEN=6_MEMBER=130_PSO,16,,
GEN=6_MEMBER=131_PSO,GEN=4_MEMBER=83_PSO,,
GEN=6_MEMBER=132_PSO,GEN=5_MEMBER=117_PSO,,
GEN=6_MEMBER=133_PSO,GEN=5_MEMBER=106_PSO,,
GEN=6_MEMBER=134_PSO,GEN=5_MEMBER=118_PSO,,
GEN=6_MEMBER=135_PSO,GEN=3_MEMBER=58_PSO,,
GEN=6_MEMBER=136_PSO,GEN=5_MEMBER=110_PSO,,
GEN=6_MEMBER=137_PSO,GEN=3_MEMBER=73_PSO,,
GEN=6_MEMBER=138_PSO,GEN=3_MEMBER=62_PSO,,
GEN=6_MEMBER=139_PSO,GEN=1_MEMBER=9_PSO,,
GEN=6_MEMBER=140_PSO,GEN=4_MEMBER=85_PSO,,
GEN=6_MEMBER=141_PSO,GEN=3_MEMBER=63_PSO,,
GEN=6_MEMBER=142_PSO,GEN=2_MEMBER=47_PSO,,
GEN=6_MEMBER=143_PSO,GEN=5_MEMBER=122_PSO,,
GEN=6_MEMBER=144_PSO,GEN=5_MEMBER=116_PSO,,
GEN=6_MEMBER=145_PSO,GEN=5_MEMBER=120_PSO,,
GEN=6_MEMBER=146_PSO,GEN=1_MEMBER=8_PSO,,
GEN=6_MEMBER=147_PSO,GEN=3_MEMBER=64_PSO,,
GEN=6_MEMBER=148_PSO,GEN=1_MEMBER=21_PSO,,
GEN=6_MEMBER=149_PSO,GEN=1_MEMBER=15_PSO,,
GEN=6_MEMBER=150_PSO,GEN=4_MEMBER=95_PSO,,
GEN=6_MEMBER=151_PSO,22,,
GEN=6_MEMBER=152_PSO,GEN=4_MEMBER=84_PSO,,
GEN=6_MEMBER=153_PSO,19,,
GEN=6_MEMBER=154_PSO,5,,
GEN=6_MEMBER=155_PSO,10,,
GEN=7_MEMBER=156_PSO,16,,
GEN=7_MEMBER=157_PSO,GEN=6_MEMBER=134_PSO,,
GEN=7_MEMBER=158_PSO,GEN=5_MEMBER=117_PSO,,
GEN=7_MEMBER=159_PSO,GEN=5_MEMBER=118_PSO,,
GEN=7_MEMBER=160_PSO,GEN=3_MEMBER=73_PSO,,
GEN=7_MEMBER=161_PSO,GEN=6_MEMBER=145_PSO,,
GEN=7_MEMBER=162_PSO,GEN=6_MEMBER=146_PSO,,
GEN=7_MEMBER=163_PSO,GEN=3_MEMBER=62_PSO,,
GEN=7_MEMBER=164_PSO,GEN=4_MEMBER=84_PSO,,
GEN=7_MEMBER=165_PSO,GEN=1_MEMBER=9_PSO,,
GEN=7_MEMBER=166_PSO,GEN=4_MEMBER=85_PSO,,
GEN=7_MEMBER=167_PSO,19,,
GEN=7_MEMBER=168_PSO,5,,
GEN=7_MEMBER=169_PSO,GEN=3_MEMBER=63_PSO,,
GEN=7_MEMBER=170_PSO,22,,
GEN=7_MEMBER=171_PSO,GEN=2_MEMBER=47_PSO,,
GEN=7_MEMBER=172_PSO,GEN=5_MEMBER=122_PSO,,
GEN=7_MEMBER=173_PSO,GEN=1_MEMBER=8_PSO,,
GEN=7_MEMBER=174_PSO,GEN=6_MEMBER=147_PSO,,
GEN=7_MEMBER=175_PSO,GEN=3_MEMBER=64_PSO,,
GEN=7_MEMBER=176_PSO,10,,
GEN=7_MEMBER=177_PSO,GEN=6_MEMBER=132_PSO,,
GEN=7_MEMBER=178_PSO,GEN=1_MEMBER=21_PSO,,
GEN=7_MEMBER=179_PSO,GEN=6_MEMBER=140_PSO,,
GEN=7_MEMBER=180_PSO,GEN=5_MEMBER=106_PSO,,
GEN=7_MEMBER=181_PSO,GEN=4_MEMBER=83_PSO,,
GEN=8_MEMBER=182_PSO,16,,
GEN=8_MEMBER=183_PSO,GEN=7_MEMBER=165_PSO,,
GEN=8_MEMBER=184_PSO,GEN=3_MEMBER=73_PSO,,
GEN=8_MEMBER=185_PSO,GEN=5_MEMBER=118_PSO,,
GEN=8_MEMBER=186_PSO,GEN=7_MEMBER=176_PSO,,
GEN=8_MEMBER=187_PSO,GEN=4_MEMBER=85_PSO,,
GEN=8_MEMBER=188_PSO,GEN=7_MEMBER=160_PSO,,
GEN=8_MEMBER=189_PSO,GEN=7_MEMBER=178_PSO,,
GEN=8_MEMBER=190_PSO,19,,
GEN=8_MEMBER=191_PSO,GEN=1_MEMBER=9_PSO,,
GEN=8_MEMBER=192_PSO,GEN=3_MEMBER=63_PSO,,
GEN=8_MEMBER=193_PSO,5,,
GEN=8_MEMBER=194_PSO,22,,
GEN=8_MEMBER=195_PSO,GEN=7_MEMBER=167_PSO,,
GEN=8_MEMBER=196_PSO,GEN=7_MEMBER=159_PSO,,
GEN=8_MEMBER=197_PSO,GEN=2_MEMBER=47_PSO,,
GEN=8_MEMBER=198_PSO,GEN=3_MEMBER=62_PSO,,
GEN=8_MEMBER=199_PSO,GEN=7_MEMBER=172_PSO,,
GEN=8_MEMBER=200_PSO,GEN=7_MEMBER=163_PSO,,
GEN=8_MEMBER=201_PSO,10,,
GEN=8_MEMBER=202_PSO,GEN=7_MEMBER=169_PSO,,
GEN=8_MEMBER=203_PSO,GEN=6_MEMBER=140_PSO,,
GEN=8_MEMBER=204_PSO,GEN=6_MEMBER=132_PSO,,
GEN=8_MEMBER=205_PSO,GEN=5_MEMBER=122_PSO,,
GEN=8_MEMBER=206_PSO,GEN=1_MEMBER=8_PSO,,
GEN=8_MEMBER=207_PSO,GEN=7_MEMBER=164_PSO,,
GEN=9_MEMBER=208_PSO,16,,
GEN=9_MEMBER=209_PSO,GEN=7_MEMBER=165_PSO,,
GEN=9_MEMBER=210_PSO,GEN=8_MEMBER=196_PSO,,
GEN=9_MEMBER=211_PSO,GEN=7_MEMBER=169_PSO,,
GEN=9_MEMBER=212_PSO,GEN=5_MEMBER=118_PSO,,
GEN=9_MEMBER=213_PSO,GEN=7_MEMBER=176_PSO,,
GEN=9_MEMBER=214_PSO,GEN=8_MEMBER=197_PSO,,
GEN=9_MEMBER=215_PSO,GEN=3_MEMBER=63_PSO,,
GEN=9_MEMBER=216_PSO,GEN=3_MEMBER=73_PSO,,
GEN=9_MEMBER=217_PSO,GEN=4_MEMBER=85_PSO,,
GEN=9_MEMBER=218_PSO,GEN=7_MEMBER=160_PSO,,
GEN=9_MEMBER=219_PSO,19,,
GEN=9_MEMBER=220_PSO,GEN=1_MEMBER=9_PSO,,
GEN=9_MEMBER=221_PSO,5,,
GEN=9_MEMBER=222_PSO,22,,
GEN=9_MEMBER=223_PSO,GEN=7_MEMBER=167_PSO,,
GEN=9_MEMBER=224_PSO,GEN=1_MEMBER=8_PSO,,
GEN=9_MEMBER=225_PSO,GEN=7_MEMBER=163_PSO,,
GEN=9_MEMBER=226_PSO,10,,
GEN=9_MEMBER=227_PSO,GEN=6_MEMBER=140_PSO,,
GEN=9_MEMBER=228_PSO,GEN=2_MEMBER=47_PSO,,
GEN=9_MEMBER=229_PSO,GEN=8_MEMBER=198_PSO,,
GEN=9_MEMBER=230_PSO,GEN=7_MEMBER=164_PSO,,
GEN=9_MEMBER=231_PSO,GEN=8_MEMBER=186_PSO,,
GEN=9_MEMBER=232_PSO,GEN=7_MEMBER=172_PSO,,
GEN=9_MEMBER=233_PSO,GEN=8_MEMBER=185_PSO,,
GEN=10_MEMBER=234_PSO,16,,
GEN=10_MEMBER=235_PSO,GEN=9_MEMBER=211_PSO,,
GEN=10_MEMBER=236_PSO,GEN=4_MEMBER=85_PSO,,
GEN=10_MEMBER=237_PSO,GEN=8_MEMBER=197_PSO,,
GEN=10_MEMBER=238_PSO,GEN=3_MEMBER=63_PSO,,
GEN=10_MEMBER=239_PSO,GEN=9_MEMBER=225_PSO,,
GEN=10_MEMBER=240_PSO,GEN=7_MEMBER=169_PSO,,
GEN=10_MEMBER=241_PSO,GEN=9_MEMBER=221_PSO,,
GEN=10_MEMBER=242_PSO,GEN=5_MEMBER=118_PSO,,
GEN=10_MEMBER=243_PSO,GEN=7_MEMBER=160_PSO,,
GEN=10_MEMBER=244_PSO,19,,
GEN=10_MEMBER=245_PSO,GEN=9_MEMBER=219_PSO,,
GEN=10_MEMBER=246_PSO,GEN=7_MEMBER=167_PSO,,
GEN=10_MEMBER=247_PSO,5,,
GEN=10_MEMBER=248_PSO,22,,
GEN=10_MEMBER=249_PSO,GEN=9_MEMBER=212_PSO,,
GEN=10_MEMBER=250_PSO,GEN=8_MEMBER=196_PSO,,
GEN=10_MEMBER=251_PSO,GEN=7_MEMBER=163_PSO,,
GEN=10_MEMBER=252_PSO,GEN=7_MEMBER=165_PSO,,
GEN=10_MEMBER=253_PSO,GEN=9_MEMBER=217_PSO,,
GEN=10_MEMBER=254_PSO,GEN=8_MEMBER=185_PSO,,
GEN=10_MEMBER=255_PSO,10,,
GEN=10_MEMBER=256_PSO,GEN=1_MEMBER=8_PSO,,
GEN=10_MEMBER=257_PSO,GEN=9_MEMBER=210_PSO,,
GEN=10_MEMBER=258_PSO,GEN=6_MEMBER=140_PSO,,
GEN=10_MEMBER=259_PSO,GEN=9_MEMBER=215_PSO,,
GEN=11_MEMBER=260_PSO,16,,
GEN=11_MEMBER=261_PSO,GEN=9_MEMBER=211_PSO,,
GEN=11_MEMBER=262_PSO,GEN=4_MEMBER=85_PSO,,
GEN=11_MEMBER=263_PSO,GEN=5_MEMBER=118_PSO,,
GEN=11_MEMBER=264_PSO,GEN=7_MEMBER=165_PSO,,
GEN=11_MEMBER=265_PSO,GEN=9_MEMBER=219_PSO,,
GEN=11_MEMBER=266_PSO,GEN=10_MEMBER=241_PSO,,
GEN=11_MEMBER=267_PSO,GEN=9_MEMBER=225_PSO,,
GEN=11_MEMBER=268_PSO,GEN=8_MEMBER=196_PSO,,
GEN=11_MEMBER=269_PSO,GEN=9_MEMBER=210_PSO,,
GEN=11_MEMBER=270_PSO,GEN=7_MEMBER=160_PSO,,
GEN=11_MEMBER=271_PSO,19,,
GEN=11_MEMBER=272_PSO,GEN=9_MEMBER=215_PSO,,
GEN=11_MEMBER=273_PSO,GEN=7_MEMBER=167_PSO,,
GEN=11_MEMBER=274_PSO,GEN=7_MEMBER=169_PSO,,
GEN=11_MEMBER=275_PSO,5,,
GEN=11_MEMBER=276_PSO,22,,
GEN=11_MEMBER=277_PSO,GEN=7_MEMBER=163_PSO,,
GEN=11_MEMBER=278_PSO,GEN=10_MEMBER=246_PSO,,
GEN=11_MEMBER=279_PSO,GEN=9_MEMBER=212_PSO,,
GEN=11_MEMBER=280_PSO,GEN=9_MEMBER=217_PSO,,
GEN=11_MEMBER=281_PSO,10,,
GEN=11_MEMBER=282_PSO,GEN=10_MEMBER=259_PSO,,
GEN=11_MEMBER=283_PSO,GEN=10_MEMBER=249_PSO,,
GEN=11_MEMBER=284_PSO,GEN=6_MEMBER=140_PSO,,
GEN=11_MEMBER=285_PSO,GEN=10_MEMBER=254_PSO,,
GEN=12_MEMBER=286_PSO,16,,
GEN=12_MEMBER=287_PSO,GEN=11_MEMBER=273_PSO,,
GEN=12_MEMBER=288_PSO,GEN=10_MEMBER=254_PSO,,
GEN=12_MEMBER=289_PSO,GEN=5_MEMBER=118_PSO,,
GEN=12_MEMBER=290_PSO,GEN=7_MEMBER=165_PSO,,
GEN=12_MEMBER=291_PSO,GEN=4_MEMBER=85_PSO,,
GEN=12_MEMBER=292_PSO,GEN=9_MEMBER=210_PSO,,
GEN=12_MEMBER=293_PSO,GEN=10_MEMBER=241_PSO,,
GEN=12_MEMBER=294_PSO,GEN=9_MEMBER=225_PSO,,
GEN=12_MEMBER=295_PSO,GEN=11_MEMBER=265_PSO,,
GEN=12_MEMBER=296_PSO,GEN=7_MEMBER=163_PSO,,
GEN=12_MEMBER=297_PSO,19,,
GEN=12_MEMBER=298_PSO,GEN=7_MEMBER=160_PSO,,
GEN=12_MEMBER=299_PSO,GEN=11_MEMBER=263_PSO,,
GEN=12_MEMBER=300_PSO,GEN=10_MEMBER=259_PSO,,
GEN=12_MEMBER=301_PSO,GEN=7_MEMBER=167_PSO,,
GEN=12_MEMBER=302_PSO,22,,
GEN=12_MEMBER=303_PSO,GEN=7_MEMBER=169_PSO,,
GEN=12_MEMBER=304_PSO,GEN=8_MEMBER=196_PSO,,
GEN=12_MEMBER=305_PSO,GEN=9_MEMBER=219_PSO,,
GEN=12_MEMBER=306_PSO,GEN=9_MEMBER=212_PSO,,
GEN=12_MEMBER=307_PSO,5,,
GEN=12_MEMBER=308_PSO,GEN=9_MEMBER=211_PSO,,
GEN=12_MEMBER=309_PSO,GEN=11_MEMBER=281_PSO,,
GEN=12_MEMBER=310_PSO,GEN=10_MEMBER=249_PSO,,
GEN=12_MEMBER=311_PSO,GEN=9_MEMBER=217_PSO,,
GEN=13_MEMBER=312_PSO,16,,
GEN=13_MEMBER=313_PSO,GEN=12_MEMBER=293_PSO,,
GEN=13_MEMBER=314_PSO,GEN=8_MEMBER=196_PSO,,
GEN=13_MEMBER=315_PSO,GEN=7_MEMBER=169_PSO,,
GEN=13_MEMBER=316_PSO,GEN=4_MEMBER=85_PSO,,
GEN=13_MEMBER=317_PSO,5,,
GEN=13_MEMBER=318_PSO,GEN=9_MEMBER=225_PSO,,
GEN=13_MEMBER=319_PSO,GEN=12_MEMBER=292_PSO,,
GEN=13_MEMBER=320_PSO,GEN=7_MEMBER=165_PSO,,
GEN=13_MEMBER=321_PSO,GEN=10_MEMBER=241_PSO,,
GEN=13_MEMBER=322_PSO,GEN=9_MEMBER=219_PSO,,
GEN=13_MEMBER=323_PSO,GEN=11_MEMBER=273_PSO,,
GEN=13_MEMBER=324_PSO,19,,
GEN=13_MEMBER=325_PSO,GEN=11_MEMBER=265_PSO,,
GEN=13_MEMBER=326_PSO,GEN=12_MEMBER=286_PSO,,
GEN=13_MEMBER=327_PSO,GEN=7_MEMBER=167_PSO,,
GEN=13_MEMBER=328_PSO,GEN=11_MEMBER=263_PSO,,
GEN=13_MEMBER=329_PSO,22,,
GEN=13_MEMBER=330_PSO,GEN=10_MEMBER=254_PSO,,
GEN=13_MEMBER=331_PSO,GEN=12_MEMBER=305_PSO,,
GEN=13_MEMBER=332_PSO,GEN=12_MEMBER=299_PSO,,
GEN=13_MEMBER=333_PSO,GEN=10_MEMBER=259_PSO,,
GEN=13_MEMBER=334_PSO,GEN=5_MEMBER=118_PSO,,
GEN=13_MEMBER=335_PSO,GEN=11_MEMBER=281_PSO,,
GEN=13_MEMBER=336_PSO,GEN=12_MEMBER=290_PSO,,
GEN=13_MEMBER=337_PSO,GEN=12_MEMBER=294_PSO,,
GEN=14_MEMBER=338_PSO,16,,
GEN=14_MEMBER=339_PSO,GEN=12_MEMBER=293_PSO,,
GEN=14_MEMBER=340_PSO,GEN=8_MEMBER=196_PSO,,
GEN=14_MEMBER=341_PSO,GEN=7_MEMBER=169_PSO,,
GEN=14_MEMBER=342_PSO,GEN=4_MEMBER=85_PSO,,
GEN=14_MEMBER=343_PSO,5,,
GEN=14_MEMBER=344_PSO,GEN=13_MEMBER=318_PSO,,
GEN=14_MEMBER=345_PSO,GEN=12_MEMBER=286_PSO,,
GEN=14_MEMBER=346_PSO,GEN=10_MEMBER=241_PSO,,
GEN=14_MEMBER=347_PSO,GEN=9_MEMBER=219_PSO,,
GEN=14_MEMBER=348_PSO,GEN=13_MEMBER=317_PSO,,
GEN=14_MEMBER=349_PSO,GEN=12_MEMBER=299_PSO,,
GEN=14_MEMBER=350_PSO,GEN=9_MEMBER=225_PSO,,
GEN=14_MEMBER=351_PSO,GEN=13_MEMBER=328_PSO,,
GEN=14_MEMBER=352_PSO,19,,
GEN=14_MEMBER=353_PSO,GEN=11_MEMBER=265_PSO,,
GEN=14_MEMBER=354_PSO,GEN=11_MEMBER=273_PSO,,
GEN=14_MEMBER=355_PSO,GEN=5_MEMBER=118_PSO,,
GEN=14_MEMBER=356_PSO,GEN=13_MEMBER=312_PSO,,
GEN=14_MEMBER=357_PSO,GEN=10_MEMBER=259_PSO,,
GEN=14_MEMBER=358_PSO,22,,
GEN=14_MEMBER=359_PSO,GEN=13_MEMBER=325_PSO,,
GEN=14_MEMBER=360_PSO,GEN=7_MEMBER=167_PSO,,
GEN=14_MEMBER=361_PSO,GEN=7_MEMBER=165_PSO,,
GEN=14_MEMBER=362_PSO,GEN=12_MEMBER=294_PSO,,
GEN=14_MEMBER=363_PSO,GEN=13_MEMBER=316_PSO,,
GEN=15_MEMBER=364_PSO,16,,
GEN=15_MEMBER=365_PSO,GEN=14_MEMBER=339_PSO,,
GEN=15_MEMBER=366_PSO,GEN=11_MEMBER=273_PSO,,
GEN=15_MEMBER=367_PSO,GEN=7_MEMBER=165_PSO,,
GEN=15_MEMBER=368_PSO,GEN=4_MEMBER=85_PSO,,
GEN=15_MEMBER=369_PSO,5,,
GEN=15_MEMBER=370_PSO,GEN=13_MEMBER=318_PSO,,
GEN=15_MEMBER=371_PSO,GEN=14_MEMBER=353_PSO,,
GEN=15_MEMBER=372_PSO,GEN=9_MEMBER=225_PSO,,
GEN=15_MEMBER=373_PSO,GEN=14_MEMBER=360_PSO,,
GEN=15_MEMBER=374_PSO,GEN=12_MEMBER=299_PSO,,
GEN=15_MEMBER=375_PSO,19,,
GEN=15_MEMBER=376_PSO,GEN=9_MEMBER=219_PSO,,
GEN=15_MEMBER=377_PSO,GEN=14_MEMBER=345_PSO,,
GEN=15_MEMBER=378_PSO,GEN=5_MEMBER=118_PSO,,
GEN=15_MEMBER=379_PSO,GEN=14_MEMBER=352_PSO,,
GEN=15_MEMBER=380_PSO,GEN=12_MEMBER=293_PSO,,
GEN=15_MEMBER=381_PSO,GEN=12_MEMBER=286_PSO,,
GEN=15_MEMBER=382_PSO,GEN=14_MEMBER=351_PSO,,
GEN=15_MEMBER=383_PSO,22,,
GEN=15_MEMBER=384_PSO,GEN=10_MEMBER=259_PSO,,
GEN=15_MEMBER=385_PSO,GEN=14_MEMBER=347_PSO,,
GEN=15_MEMBER=386_PSO,GEN=14_MEMBER=354_PSO,,
GEN=15_MEMBER=387_PSO,GEN=12_MEMBER=294_PSO,,
GEN=15_MEMBER=388_PSO,GEN=7_MEMBER=169_PSO,,
GEN=15_MEMBER=389_PSO,GEN=14_MEMBER=343_PSO,,
GEN=16_MEMBER=390_PSO,GEN=15_MEMBER=374_PSO,,
GEN=16_MEMBER=391_PSO,16,,
GEN=16_MEMBER=392_PSO,GEN=12_MEMBER=299_PSO,,
GEN=16_MEMBER=393_PSO,GEN=4_MEMBER=85_PSO,,
GEN=16_MEMBER=394_PSO,GEN=14_MEMBER=347_PSO,,
GEN=16_MEMBER=395_PSO,GEN=9_MEMBER=219_PSO,,
GEN=16_MEMBER=396_PSO,GEN=15_MEMBER=376_PSO,,
GEN=16_MEMBER=397_PSO,5,,
GEN=16_MEMBER=398_PSO,GEN=9_MEMBER=225_PSO,,
GEN=16_MEMBER=399_PSO,GEN=14_MEMBER=352_PSO,,
GEN=16_MEMBER=400_PSO,GEN=14_MEMBER=353_PSO,,
GEN=16_MEMBER=401_PSO,GEN=15_MEMBER=377_PSO,,
GEN=16_MEMBER=402_PSO,GEN=15_MEMBER=385_PSO,,
GEN=16_MEMBER=403_PSO,GEN=15_MEMBER=372_PSO,,
GEN=16_MEMBER=404_PSO,GEN=14_MEMBER=351_PSO,,
GEN=16_MEMBER=405_PSO,GEN=14_MEMBER=354_PSO,,
GEN=16_MEMBER=406_PSO,GEN=13_MEMBER=318_PSO,,
GEN=16_MEMBER=407_PSO,19,,
GEN=16_MEMBER=408_PSO,GEN=15_MEMBER=365_PSO,,
GEN=16_MEMBER=409_PSO,GEN=12_MEMBER=293_PSO,,
GEN=16_MEMBER=410_PSO,GEN=14_MEMBER=360_PSO,,
GEN=16_MEMBER=411_PSO,22,,
GEN=16_MEMBER=412_PSO,GEN=10_MEMBER=259_PSO,,
GEN=16_MEMBER=413_PSO,GEN=15_MEMBER=388_PSO,,
GEN=16_MEMBER=414_PSO,GEN=14_MEMBER=345_PSO,,
GEN=16_MEMBER=415_PSO,GEN=15_MEMBER=368_PSO,,
GEN=17_MEMBER=416_PSO,16,,
GEN=17_MEMBER=417_PSO,GEN=16_MEMBER=413_PSO,,
GEN=17_MEMBER=418_PSO,GEN=15_MEMBER=376_PSO,,
GEN=17_MEMBER=419_PSO,GEN=4_MEMBER=85_PSO,,
GEN=17_MEMBER=420_PSO,GEN=9_MEMBER=219_PSO,,
GEN=17_MEMBER=421_PSO,GEN=10_MEMBER=259_PSO,,
GEN=17_MEMBER=422_PSO,GEN=9_MEMBER=225_PSO,,
GEN=17_MEMBER=423_PSO,GEN=14_MEMBER=352_PSO,,
GEN=17_MEMBER=424_PSO,GEN=14_MEMBER=353_PSO,,
GEN=17_MEMBER=425_PSO,GEN=15_MEMBER=368_PSO,,
GEN=17_MEMBER=426_PSO,GEN=16_MEMBER=392_PSO,,
GEN=17_MEMBER=427_PSO,GEN=15_MEMBER=385_PSO,,
GEN=17_MEMBER=428_PSO,GEN=14_MEMBER=347_PSO,,
GEN=17_MEMBER=429_PSO,19,,
GEN=17_MEMBER=430_PSO,GEN=16_MEMBER=414_PSO,,
GEN=17_MEMBER=431_PSO,GEN=15_MEMBER=365_PSO,,
GEN=17_MEMBER=432_PSO,GEN=12_MEMBER=293_PSO,,
GEN=17_MEMBER=433_PSO,GEN=16_MEMBER=395_PSO,,
GEN=17_MEMBER=434_PSO,GEN=13_MEMBER=318_PSO,,
GEN=17_MEMBER=435_PSO,GEN=16_MEMBER=404_PSO,,
GEN=17_MEMBER=436_PSO,5,,
GEN=17_MEMBER=437_PSO,GEN=16_MEMBER=393_PSO,,
GEN=17_MEMBER=438_PSO,22,,
GEN=17_MEMBER=439_PSO,GEN=16_MEMBER=402_PSO,,
GEN=17_MEMBER=440_PSO,GEN=15_MEMBER=388_PSO,,
GEN=17_MEMBER=441_PSO,GEN=16_MEMBER=415_PSO,,
GEN=18_MEMBER=442_PSO,16,,
GEN=18_MEMBER=443_PSO,GEN=17_MEMBER=440_PSO,,
GEN=18_MEMBER=444_PSO,GEN=17_MEMBER=421_PSO,,
GEN=18_MEMBER=445_PSO,GEN=17_MEMBER=418_PSO,,
GEN=18_MEMBER=446_PSO,GEN=16_MEMBER=392_PSO,,
GEN=18_MEMBER=447_PSO,GEN=4_MEMBER=85_PSO,,
GEN=18_MEMBER=448_PSO,GEN=15_MEMBER=385_PSO,,
GEN=18_MEMBER=449_PSO,GEN=16_MEMBER=395_PSO,,
GEN=18_MEMBER=450_PSO,GEN=17_MEMBER=423_PSO,,
GEN=18_MEMBER=451_PSO,GEN=17_MEMBER=422_PSO,,
GEN=18_MEMBER=452_PSO,GEN=16_MEMBER=414_PSO,,
GEN=18_MEMBER=453_PSO,GEN=15_MEMBER=368_PSO,,
GEN=18_MEMBER=454_PSO,GEN=14_MEMBER=347_PSO,,
GEN=18_MEMBER=455_PSO,GEN=17_MEMBER=429_PSO,,
GEN=18_MEMBER=456_PSO,GEN=16_MEMBER=402_PSO,,
GEN=18_MEMBER=457_PSO,GEN=16_MEMBER=404_PSO,,
GEN=18_MEMBER=458_PSO,GEN=16_MEMBER=393_PSO,,
GEN=18_MEMBER=459_PSO,19,,
GEN=18_MEMBER=460_PSO,GEN=17_MEMBER=425_PSO,,
GEN=18_MEMBER=461_PSO,GEN=9_MEMBER=219_PSO,,
GEN=18_MEMBER=462_PSO,GEN=13_MEMBER=318_PSO,,
GEN=18_MEMBER=463_PSO,22,,
GEN=18_MEMBER=464_PSO,GEN=15_MEMBER=376_PSO,,
GEN=18_MEMBER=465_PSO,5,,
GEN=18_MEMBER=466_PSO,GEN=16_MEMBER=413_PSO,,
GEN=18_MEMBER=467_PSO,GEN=17_MEMBER=420_PSO,,
GEN=19_MEMBER=468_PSO,16,,
GEN=19_MEMBER=469_PSO,GEN=17_MEMBER=440_PSO,,
GEN=19_MEMBER=470_PSO,GEN=16_MEMBER=404_PSO,,
GEN=19_MEMBER=471_PSO,GEN=17_MEMBER=421_PSO,,
GEN=19_MEMBER=472_PSO,GEN=17_MEMBER=418_PSO,,
GEN=19_MEMBER=473_PSO,GEN=16_MEMBER=392_PSO,,
GEN=19_MEMBER=474_PSO,GEN=4_MEMBER=85_PSO,,
GEN=19_MEMBER=475_PSO,GEN=9_MEMBER=219_PSO,,
GEN=19_MEMBER=476_PSO,GEN=17_MEMBER=425_PSO,,
GEN=19_MEMBER=477_PSO,GEN=15_MEMBER=385_PSO,,
GEN=19_MEMBER=478_PSO,GEN=18_MEMBER=448_PSO,,
GEN=19_MEMBER=479_PSO,5,,
GEN=19_MEMBER=480_PSO,GEN=18_MEMBER=450_PSO,,
GEN=19_MEMBER=481_PSO,GEN=17_MEMBER=422_PSO,,
GEN=19_MEMBER=482_PSO,GEN=16_MEMBER=414_PSO,,
GEN=19_MEMBER=483_PSO,GEN=14_MEMBER=347_PSO,,
GEN=19_MEMBER=484_PSO,GEN=17_MEMBER=429_PSO,,
GEN=19_MEMBER=485_PSO,GEN=16_MEMBER=402_PSO,,
GEN=19_MEMBER=486_PSO,GEN=16_MEMBER=393_PSO,,
GEN=19_MEMBER=487_PSO,19,,
GEN=19_MEMBER=488_PSO,GEN=16_MEMBER=395_PSO,,
GEN=19_MEMBER=489_PSO,GEN=17_MEMBER=420_PSO,,
GEN=19_MEMBER=490_PSO,GEN=13_MEMBER=318_PSO,,
GEN=19_MEMBER=491_PSO,22,,
GEN=19_MEMBER=492_PSO,GEN=18_MEMBER=444_PSO,,
GEN=19_MEMBER=493_PSO,GEN=15_MEMBER=368_PSO,,
GEN=20_MEMBER=494_PSO,16,,
GEN=20_MEMBER=495_PSO,GEN=17_MEMBER=440_PSO,,
GEN=20_MEMBER=496_PSO,GEN=18_MEMBER=450_PSO,,
GEN=20_MEMBER=497_PSO,GEN=17_MEMBER=420_PSO,,
GEN=20_MEMBER=498_PSO,GEN=16_MEMBER=404_PSO,,
GEN=20_MEMBER=499_PSO,GEN=17_MEMBER=421_PSO,,
GEN=20_MEMBER=500_PSO,GEN=17_MEMBER=418_PSO,,
GEN=20_MEMBER=501_PSO,GEN=13_MEMBER=318_PSO,,
GEN=20_MEMBER=502_PSO,GEN=16_MEMBER=395_PSO,,
GEN=20_MEMBER=503_PSO,GEN=17_MEMBER=425_PSO,,
GEN=20_MEMBER=504_PSO,GEN=4_MEMBER=85_PSO,,
GEN=20_MEMBER=505_PSO,GEN=9_MEMBER=219_PSO,,
GEN=20_MEMBER=506_PSO,GEN=16_MEMBER=392_PSO,,
GEN=20_MEMBER=507_PSO,GEN=19_MEMBER=471_PSO,,
GEN=20_MEMBER=508_PSO,5,,
GEN=20_MEMBER=509_PSO,GEN=15_MEMBER=385_PSO,,
GEN=20_MEMBER=510_PSO,GEN=15_MEMBER=368_PSO,,
GEN=20_MEMBER=511_PSO,GEN=14_MEMBER=347_PSO,,
GEN=20_MEMBER=512_PSO,GEN=17_MEMBER=429_PSO,,
GEN=20_MEMBER=513_PSO,19,,
GEN=20_MEMBER=514_PSO,22,,
GEN=20_MEMBER=515_PSO,GEN=18_MEMBER=444_PSO,,
GEN=20_MEMBER=516_PSO,GEN=16_MEMBER=414_PSO,,
GEN=20_MEMBER=517_PSO,GEN=16_MEMBER=402_PSO,,
GEN=20_MEMBER=518_PSO,GEN=19_MEMBER=478_PSO,,
GEN=20_MEMBER=519_PSO,GEN=16_MEMBER=393_PSO,,
GEN=21_MEMBER=520_PSO,16,,
GEN=21_MEMBER=521_PSO,GEN=17_MEMBER=440_PSO,,
GEN=21_MEMBER=522_PSO,GEN=18_MEMBER=450_PSO,,
GEN=21_MEMBER=523_PSO,GEN=16_MEMBER=404_PSO,,
GEN=21_MEMBER=524_PSO,GEN=13_MEMBER=318_PSO,,
GEN=21_MEMBER=525_PSO,GEN=17_MEMBER=425_PSO,,
GEN=21_MEMBER=526_PSO,GEN=4_MEMBER=85_PSO,,
GEN=21_MEMBER=527_PSO,GEN=17_MEMBER=421_PSO,,
GEN=21_MEMBER=528_PSO,GEN=19_MEMBER=471_PSO,,
GEN=21_MEMBER=529_PSO,5,,
GEN=21_MEMBER=530_PSO,GEN=16_MEMBER=392_PSO,,
GEN=21_MEMBER=531_PSO,GEN=15_MEMBER=368_PSO,,
GEN=21_MEMBER=532_PSO,GEN=14_MEMBER=347_PSO,,
GEN=21_MEMBER=533_PSO,19,,
GEN=21_MEMBER=534_PSO,GEN=17_MEMBER=420_PSO,,
GEN=21_MEMBER=535_PSO,22,,
GEN=21_MEMBER=536_PSO,GEN=20_MEMBER=497_PSO,,
GEN=21_MEMBER=537_PSO,GEN=16_MEMBER=393_PSO,,
GEN=21_MEMBER=538_PSO,GEN=16_MEMBER=414_PSO,,
GEN=21_MEMBER=539_PSO,GEN=17_MEMBER=418_PSO,,
GEN=21_MEMBER=540_PSO,GEN=15_MEMBER=385_PSO,,
GEN=21_MEMBER=541_PSO,GEN=20_MEMBER=499_PSO,,
GEN=21_MEMBER=542_PSO,GEN=16_MEMBER=402_PSO,,
GEN=21_MEMBER=543_PSO,GEN=18_MEMBER=444_PSO,,
GEN=21_MEMBER=544_PSO,GEN=17_MEMBER=429_PSO,,
GEN=21_MEMBER=545_PSO,GEN=19_MEMBER=478_PSO,,
GEN=22_MEMBER=546_PSO,16,,
GEN=22_MEMBER=547_PSO,GEN=17_MEMBER=440_PSO,,
GEN=22_MEMBER=548_PSO,GEN=16_MEMBER=392_PSO,,
GEN=22_MEMBER=549_PSO,GEN=17_MEMBER=418_PSO,,
GEN=22_MEMBER=550_PSO,GEN=13_MEMBER=318_PSO,,
GEN=22_MEMBER=551_PSO,5,,
GEN=22_MEMBER=552_PSO,GEN=4_MEMBER=85_PSO,,
GEN=22_MEMBER=553_PSO,GEN=17_MEMBER=421_PSO,,
GEN=22_MEMBER=554_PSO,GEN=16_MEMBER=414_PSO,,
GEN=22_MEMBER=555_PSO,GEN=16_MEMBER=404_PSO,,
GEN=22_MEMBER=556_PSO,GEN=21_MEMBER=526_PSO,,
GEN=22_MEMBER=557_PSO,GEN=14_MEMBER=347_PSO,,
GEN=22_MEMBER=558_PSO,GEN=20_MEMBER=497_PSO,,
GEN=22_MEMBER=559_PSO,GEN=21_MEMBER=525_PSO,,
GEN=22_MEMBER=560_PSO,GEN=17_MEMBER=425_PSO,,
GEN=22_MEMBER=561_PSO,19,,
GEN=22_MEMBER=562_PSO,GEN=17_MEMBER=420_PSO,,
GEN=22_MEMBER=563_PSO,GEN=20_MEMBER=499_PSO,,
GEN=22_MEMBER=564_PSO,22,,
GEN=22_MEMBER=565_PSO,GEN=19_MEMBER=478_PSO,,
GEN=22_MEMBER=566_PSO,GEN=17_MEMBER=429_PSO,,
GEN=22_MEMBER=567_PSO,GEN=21_MEMBER=541_PSO,,
GEN=22_MEMBER=568_PSO,GEN=18_MEMBER=444_PSO,,
GEN=22_MEMBER=569_PSO,GEN=21_MEMBER=539_PSO,,
GEN=22_MEMBER=570_PSO,GEN=15_MEMBER=368_PSO,,
GEN=22_MEMBER=571_PSO,GEN=21_MEMBER=528_PSO,,
GEN=23_MEMBER=572_PSO,16,,
GEN=23_MEMBER=573_PSO,GEN=17_MEMBER=440_PSO,,
GEN=23_MEMBER=574_PSO,GEN=16_MEMBER=414_PSO,,
GEN=23_MEMBER=575_PSO,GEN=20_MEMBER=497_PSO,,
GEN=23_MEMBER=576_PSO,GEN=17_MEMBER=418_PSO,,
GEN=23_MEMBER=577_PSO,GEN=13_MEMBER=318_PSO,,
GEN=23_MEMBER=578_PSO,GEN=17_MEMBER=425_PSO,,
GEN=23_MEMBER=579_PSO,GEN=4_MEMBER=85_PSO,,
GEN=23_MEMBER=580_PSO,GEN=17_MEMBER=421_PSO,,
GEN=23_MEMBER=581_PSO,GEN=20_MEMBER=499_PSO,,
GEN=23_MEMBER=582_PSO,5,,
GEN=23_MEMBER=583_PSO,GEN=16_MEMBER=404_PSO,,
GEN=23_MEMBER=584_PSO,GEN=15_MEMBER=368_PSO,,
GEN=23_MEMBER=585_PSO,GEN=18_MEMBER=444_PSO,,
GEN=23_MEMBER=586_PSO,GEN=21_MEMBER=526_PSO,,
GEN=23_MEMBER=587_PSO,19,,
GEN=23_MEMBER=588_PSO,GEN=22_MEMBER=548_PSO,,
GEN=23_MEMBER=589_PSO,GEN=17_MEMBER=420_PSO,,
GEN=23_MEMBER=590_PSO,GEN=22_MEMBER=558_PSO,,
GEN=23_MEMBER=591_PSO,22,,
GEN=23_MEMBER=592_PSO,GEN=21_MEMBER=528_PSO,,
GEN=23_MEMBER=593_PSO,GEN=14_MEMBER=347_PSO,,
GEN=23_MEMBER=594_PSO,GEN=21_MEMBER=541_PSO,,
GEN=23_MEMBER=595_PSO,GEN=21_MEMBER=539_PSO,,
GEN=23_MEMBER=596_PSO,GEN=22_MEMBER=553_PSO,,
GEN=23_MEMBER=597_PSO,GEN=22_MEMBER=552_PSO,,
GEN=24_MEMBER=598_PSO,16,,
GEN=24_MEMBER=599_PSO,GEN=17_MEMBER=440_PSO,,
GEN=24_MEMBER=600_PSO,GEN=17_MEMBER=421_PSO,,
GEN=24_MEMBER=601_PSO,GEN=16_MEMBER=414_PSO,,
GEN=24_MEMBER=602_PSO,GEN=17_MEMBER=418_PSO,,
GEN=24_MEMBER=603_PSO,GEN=17_MEMBER=425_PSO,,
GEN=24_MEMBER=604_PSO,GEN=4_MEMBER=85_PSO,,
GEN=24_MEMBER=605_PSO,GEN=22_MEMBER=558_PSO,,
GEN=24_MEMBER=606_PSO,GEN=20_MEMBER=497_PSO,,
GEN=24_MEMBER=607_PSO,GEN=15_MEMBER=368_PSO,,
GEN=24_MEMBER=608_PSO,GEN=22_MEMBER=552_PSO,,
GEN=24_MEMBER=609_PSO,GEN=18_MEMBER=444_PSO,,
GEN=24_MEMBER=610_PSO,GEN=23_MEMBER=573_PSO,,
GEN=24_MEMBER=611_PSO,19,,
GEN=24_MEMBER=612_PSO,GEN=23_MEMBER=579_PSO,,
GEN=24_MEMBER=613_PSO,GEN=13_MEMBER=318_PSO,,
GEN=24_MEMBER=614_PSO,GEN=20_MEMBER=499_PSO,,
GEN=24_MEMBER=615_PSO,22,,
GEN=24_MEMBER=616_PSO,GEN=22_MEMBER=548_PSO,,
GEN=24_MEMBER=617_PSO,GEN=21_MEMBER=541_PSO,,
GEN=24_MEMBER=618_PSO,5,,
GEN=24_MEMBER=619_PSO,GEN=23_MEMBER=589_PSO,,
GEN=24_MEMBER=620_PSO,GEN=23_MEMBER=585_PSO,,
GEN=24_MEMBER=621_PSO,GEN=21_MEMBER=539_PSO,,
GEN=24_MEMBER=622_PSO,GEN=23_MEMBER=596_PSO,,
GEN=24_MEMBER=623_PSO,GEN=16_MEMBER=404_PSO,,
GEN=25_MEMBER=624_PSO,GEN=17_MEMBER=440_PSO,,
GEN=25_MEMBER=625_PSO,16,,
GEN=25_MEMBER=626_PSO,GEN=24_MEMBER=623_PSO,,
GEN=25_MEMBER=627_PSO,GEN=17_MEMBER=421_PSO,,
GEN=25_MEMBER=628_PSO,GEN=4_MEMBER=85_PSO,,
GEN=25_MEMBER=629_PSO,GEN=23_MEMBER=579_PSO,,
GEN=25_MEMBER=630_PSO,GEN=20_MEMBER=497_PSO,,
GEN=25_MEMBER=631_PSO,GEN=23_MEMBER=589_PSO,,
GEN=25_MEMBER=632_PSO,GEN=22_MEMBER=558_PSO,,
GEN=25_MEMBER=633_PSO,GEN=24_MEMBER=603_PSO,,
GEN=25_MEMBER=634_PSO,GEN=15_MEMBER=368_PSO,,
GEN=25_MEMBER=635_PSO,GEN=23_MEMBER=573_PSO,,
GEN=25_MEMBER=636_PSO,GEN=22_MEMBER=548_PSO,,
GEN=25_MEMBER=637_PSO,19,,
GEN=25_MEMBER=638_PSO,GEN=24_MEMBER=604_PSO,,
GEN=25_MEMBER=639_PSO,GEN=17_MEMBER=418_PSO,,
GEN=25_MEMBER=640_PSO,GEN=17_MEMBER=425_PSO,,
GEN=25_MEMBER=641_PSO,22,,
GEN=25_MEMBER=642_PSO,GEN=24_MEMBER=622_PSO,,
GEN=25_MEMBER=643_PSO,5,,
GEN=25_MEMBER=644_PSO,GEN=21_MEMBER=541_PSO,,
GEN=25_MEMBER=645_PSO,GEN=24_MEMBER=616_PSO,,
GEN=25_MEMBER=646_PSO,GEN=18_MEMBER=444_PSO,,
GEN=25_MEMBER=647_PSO,GEN=16_MEMBER=414_PSO,,
GEN=25_MEMBER=648_PSO,GEN=24_MEMBER=602_PSO,,
GEN=25_MEMBER=649_PSO,GEN=23_MEMBER=596_PSO,,
GEN=26_MEMBER=650_PSO,16,,
GEN=26_MEMBER=651_PSO,GEN=17_MEMBER=440_PSO,,
GEN=26_MEMBER=652_PSO,GEN=17_MEMBER=421_PSO,,
GEN=26_MEMBER=653_PSO,GEN=18_MEMBER=444_PSO,,
GEN=26_MEMBER=654_PSO,GEN=4_MEMBER=85_PSO,,
GEN=26_MEMBER=655_PSO,GEN=23_MEMBER=579_PSO,,
GEN=26_MEMBER=656_PSO,5,,
GEN=26_MEMBER=657_PSO,GEN=22_MEMBER=548_PSO,,
GEN=26_MEMBER=658_PSO,GEN=23_MEMBER=589_PSO,,
GEN=26_MEMBER=659_PSO,GEN=25_MEMBER=640_PSO,,
GEN=26_MEMBER=660_PSO,GEN=20_MEMBER=497_PSO,,
GEN=26_MEMBER=661_PSO,19,,
GEN=26_MEMBER=662_PSO,GEN=17_MEMBER=425_PSO,,
GEN=26_MEMBER=663_PSO,GEN=22_MEMBER=558_PSO,,
GEN=26_MEMBER=664_PSO,GEN=25_MEMBER=627_PSO,,
GEN=26_MEMBER=665_PSO,GEN=15_MEMBER=368_PSO,,
GEN=26_MEMBER=666_PSO,GEN=25_MEMBER=649_PSO,,
GEN=26_MEMBER=667_PSO,GEN=24_MEMBER=616_PSO,,
GEN=26_MEMBER=668_PSO,22,,
GEN=26_MEMBER=669_PSO,GEN=25_MEMBER=638_PSO,,
GEN=26_MEMBER=670_PSO,GEN=25_MEMBER=645_PSO,,
GEN=26_MEMBER=671_PSO,GEN=23_MEMBER=573_PSO,,
GEN=26_MEMBER=672_PSO,GEN=25_MEMBER=626_PSO,,
GEN=26_MEMBER=673_PSO,GEN=21_MEMBER=541_PSO,,
GEN=26_MEMBER=674_PSO,GEN=24_MEMBER=604_PSO,,
GEN=26_MEMBER=675_PSO,GEN=23_MEMBER=596_PSO,,
GEN=27_MEMBER=676_PSO,16,,
GEN=27_MEMBER=677_PSO,GEN=17_MEMBER=440_PSO,,
GEN=27_MEMBER=678_PSO,GEN=18_MEMBER=444_PSO,,
GEN=27_MEMBER=679_PSO,GEN=4_MEMBER=85_PSO,,
GEN=27_MEMBER=680_PSO,GEN=23_MEMBER=579_PSO,,
GEN=27_MEMBER=681_PSO,GEN=22_MEMBER=548_PSO,,
GEN=27_MEMBER=682_PSO,GEN=26_MEMBER=652_PSO,,
GEN=27_MEMBER=683_PSO,GEN=21_MEMBER=541_PSO,,
GEN=27_MEMBER=684_PSO,GEN=15_MEMBER=368_PSO,,
GEN=27_MEMBER=685_PSO,GEN=25_MEMBER=649_PSO,,
GEN=27_MEMBER=686_PSO,GEN=25_MEMBER=640_PSO,,
GEN=27_MEMBER=687_PSO,GEN=26_MEMBER=655_PSO,,
GEN=27_MEMBER=688_PSO,19,,
GEN=27_MEMBER=689_PSO,GEN=20_MEMBER=497_PSO,,
GEN=27_MEMBER=690_PSO,GEN=22_MEMBER=558_PSO,,
GEN=27_MEMBER=691_PSO,GEN=17_MEMBER=421_PSO,,
GEN=27_MEMBER=692_PSO,GEN=25_MEMBER=627_PSO,,
GEN=27_MEMBER=693_PSO,GEN=17_MEMBER=425_PSO,,
GEN=27_MEMBER=694_PSO,GEN=26_MEMBER=671_PSO,,
GEN=27_MEMBER=695_PSO,22,,
GEN=27_MEMBER=696_PSO,GEN=26_MEMBER=672_PSO,,
GEN=27_MEMBER=697_PSO,GEN=25_MEMBER=645_PSO,,
GEN=27_MEMBER=698_PSO,GEN=23_MEMBER=573_PSO,,
GEN=27_MEMBER=699_PSO,GEN=23_MEMBER=596_PSO,,
GEN=27_MEMBER=700_PSO,GEN=23_MEMBER=589_PSO,,
GEN=27_MEMBER=701_PSO,GEN=26_MEMBER=667_PSO,,
GEN=28_MEMBER=702_PSO,16,,
GEN=28_MEMBER=703_PSO,GEN=17_MEMBER=440_PSO,,
GEN=28_MEMBER=704_PSO,GEN=17_MEMBER=421_PSO,,
GEN=28_MEMBER=705_PSO,GEN=26_MEMBER=671_PSO,,
GEN=28_MEMBER=706_PSO,GEN=4_MEMBER=85_PSO,,
GEN=28_MEMBER=707_PSO,GEN=23_MEMBER=579_PSO,,
GEN=28_MEMBER=708_PSO,22,,
GEN=28_MEMBER=709_PSO,GEN=27_MEMBER=693_PSO,,
GEN=28_MEMBER=710_PSO,GEN=23_MEMBER=589_PSO,,
GEN=28_MEMBER=711_PSO,GEN=23_MEMBER=596_PSO,,
GEN=28_MEMBER=712_PSO,GEN=17_MEMBER=425_PSO,,
GEN=28_MEMBER=713_PSO,19,,
GEN=28_MEMBER=714_PSO,GEN=26_MEMBER=672_PSO,,
GEN=28_MEMBER=715_PSO,GEN=22_MEMBER=558_PSO,,
GEN=28_MEMBER=716_PSO,GEN=22_MEMBER=548_PSO,,
GEN=28_MEMBER=717_PSO,GEN=27_MEMBER=680_PSO,,
GEN=28_MEMBER=718_PSO,GEN=25_MEMBER=645_PSO,,
GEN=28_MEMBER=719_PSO,GEN=23_MEMBER=573_PSO,,
GEN=28_MEMBER=720_PSO,GEN=15_MEMBER=368_PSO,,
GEN=28_MEMBER=721_PSO,GEN=20_MEMBER=497_PSO,,
GEN=28_MEMBER=722_PSO,GEN=27_MEMBER=699_PSO,,
GEN=28_MEMBER=723_PSO,GEN=27_MEMBER=679_PSO,,
GEN=28_MEMBER=724_PSO,GEN=27_MEMBER=681_PSO,,
GEN=28_MEMBER=725_PSO,GEN=21_MEMBER=541_PSO,,
GEN=28_MEMBER=726_PSO,GEN=27_MEMBER=692_PSO,,
GEN=28_MEMBER=727_PSO,GEN=27_MEMBER=690_PSO,,
GEN=29_MEMBER=728_PSO,16,,
GEN=29_MEMBER=729_PSO,GEN=17_MEMBER=440_PSO,,
GEN=29_MEMBER=730_PSO,GEN=27_MEMBER=681_PSO,,
GEN=29_MEMBER=731_PSO,GEN=26_MEMBER=672_PSO,,
GEN=29_MEMBER=732_PSO,GEN=23_MEMBER=589_PSO,,
GEN=29_MEMBER=733_PSO,GEN=20_MEMBER=497_PSO,,
GEN=29_MEMBER=734_PSO,GEN=27_MEMBER=679_PSO,,
GEN=29_MEMBER=735_PSO,GEN=4_MEMBER=85_PSO,,
GEN=29_MEMBER=736_PSO,GEN=22_MEMBER=548_PSO,,
GEN=29_MEMBER=737_PSO,22,,
GEN=29_MEMBER=738_PSO,GEN=17_MEMBER=421_PSO,,
GEN=29_MEMBER=739_PSO,GEN=15_MEMBER=368_PSO,,
GEN=29_MEMBER=740_PSO,GEN=23_MEMBER=596_PSO,,
GEN=29_MEMBER=741_PSO,GEN=27_MEMBER=693_PSO,,
GEN=29_MEMBER=742_PSO,GEN=23_MEMBER=579_PSO,,
GEN=29_MEMBER=743_PSO,GEN=17_MEMBER=425_PSO,,
GEN=29_MEMBER=744_PSO,19,,
GEN=29_MEMBER=745_PSO,GEN=26_MEMBER=671_PSO,,
GEN=29_MEMBER=746_PSO,GEN=25_MEMBER=645_PSO,,
GEN=29_MEMBER=747_PSO,GEN=28_MEMBER=723_PSO,,
GEN=29_MEMBER=748_PSO,GEN=22_MEMBER=558_PSO,,
GEN=29_MEMBER=749_PSO,GEN=28_MEMBER=704_PSO,,
GEN=29_MEMBER=750_PSO,GEN=21_MEMBER=541_PSO,,
GEN=29_MEMBER=751_PSO,GEN=27_MEMBER=692_PSO,,
GEN=29_MEMBER=752_PSO,GEN=27_MEMBER=699_PSO,,
GEN=29_MEMBER=753_PSO,GEN=28_MEMBER=714_PSO,,
GEN=30_MEMBER=754_PSO,16,,
GEN=30_MEMBER=755_PSO,GEN=17_MEMBER=440_PSO,,
GEN=30_MEMBER=756_PSO,GEN=22_MEMBER=548_PSO,,
GEN=30_MEMBER=757_PSO,GEN=27_MEMBER=699_PSO,,
GEN=30_MEMBER=758_PSO,GEN=23_MEMBER=589_PSO,,
GEN=30_MEMBER=759_PSO,GEN=29_MEMBER=749_PSO,,
GEN=30_MEMBER=760_PSO,GEN=27_MEMBER=693_PSO,,
GEN=30_MEMBER=761_PSO,22,,
GEN=30_MEMBER=762_PSO,GEN=23_MEMBER=596_PSO,,
GEN=30_MEMBER=763_PSO,GEN=26_MEMBER=671_PSO,,
GEN=30_MEMBER=764_PSO,GEN=17_MEMBER=421_PSO,,
GEN=30_MEMBER=765_PSO,GEN=27_MEMBER=681_PSO,,
GEN=30_MEMBER=766_PSO,GEN=29_MEMBER=741_PSO,,
GEN=30_MEMBER=767_PSO,GEN=29_MEMBER=740_PSO,,
GEN=30_MEMBER=768_PSO,GEN=26_MEMBER=672_PSO,,
GEN=30_MEMBER=769_PSO,GEN=4_MEMBER=85_PSO,,
GEN=30_MEMBER=770_PSO,19,,
GEN=30_MEMBER=771_PSO,GEN=28_MEMBER=723_PSO,,
GEN=30_MEMBER=772_PSO,GEN=27_MEMBER=692_PSO,,
GEN=30_MEMBER=773_PSO,GEN=25_MEMBER=645_PSO,,
GEN=30_MEMBER=774_PSO,GEN=29_MEMBER=733_PSO,,
GEN=30_MEMBER=775_PSO,GEN=29_MEMBER=745_PSO,,
GEN=30_MEMBER=776_PSO,GEN=29_MEMBER=739_PSO,,
GEN=30_MEMBER=777_PSO,GEN=22_MEMBER=558_PSO,,
GEN=30_MEMBER=778_PSO,GEN=15_MEMBER=368_PSO,,
GEN=30_MEMBER=779_PSO,GEN=23_MEMBER=579_PSO,,
GEN=31_MEMBER=780_PSO,16,,
GEN=31_MEMBER=781_PSO,GEN=17_MEMBER=440_PSO,,
GEN=31_MEMBER=782_PSO,GEN=28_MEMBER=723_PSO,,
GEN=31_MEMBER=783_PSO,GEN=23_MEMBER=589_PSO,,
GEN=31_MEMBER=784_PSO,GEN=29_MEMBER=749_PSO,,
GEN=31_MEMBER=785_PSO,GEN=4_MEMBER=85_PSO,,
GEN=31_MEMBER=786_PSO,GEN=30_MEMBER=763_PSO,,
GEN=31_MEMBER=787_PSO,22,,
GEN=31_MEMBER=788_PSO,GEN=30_MEMBER=776_PSO,,
GEN=31_MEMBER=789_PSO,GEN=30_MEMBER=764_PSO,,
GEN=31_MEMBER=790_PSO,GEN=17_MEMBER=421_PSO,,
GEN=31_MEMBER=791_PSO,GEN=26_MEMBER=672_PSO,,
GEN=31_MEMBER=792_PSO,19,,
GEN=31_MEMBER=793_PSO,GEN=30_MEMBER=757_PSO,,
GEN=31_MEMBER=794_PSO,GEN=30_MEMBER=758_PSO,,
GEN=31_MEMBER=795_PSO,GEN=25_MEMBER=645_PSO,,
GEN=31_MEMBER=796_PSO,GEN=27_MEMBER=693_PSO,,
GEN=31_MEMBER=797_PSO,GEN=27_MEMBER=699_PSO,,
GEN=31_MEMBER=798_PSO,GEN=29_MEMBER=733_PSO,,
GEN=31_MEMBER=799_PSO,GEN=23_MEMBER=596_PSO,,
GEN=31_MEMBER=800_PSO,GEN=22_MEMBER=558_PSO,,
GEN=31_MEMBER=801_PSO,GEN=15_MEMBER=368_PSO,,
GEN=31_MEMBER=802_PSO,GEN=30_MEMBER=768_PSO,,
GEN=31_MEMBER=803_PSO,GEN=26_MEMBER=671_PSO,,
GEN=31_MEMBER=804_PSO,GEN=30_MEMBER=765_PSO,,
GEN=31_MEMBER=805_PSO,GEN=30_MEMBER=775_PSO,,
GEN=32_MEMBER=806_PSO,16,,
GEN=32_MEMBER=807_PSO,GEN=17_MEMBER=440_PSO,,
GEN=32_MEMBER=808_PSO,GEN=30_MEMBER=758_PSO,,
GEN=32_MEMBER=809_PSO,GEN=22_MEMBER=558_PSO,,
GEN=32_MEMBER=810_PSO,GEN=23_MEMBER=589_PSO,,
GEN=32_MEMBER=811_PSO,GEN=15_MEMBER=368_PSO,,
GEN=32_MEMBER=812_PSO,GEN=28_MEMBER=723_PSO,,
GEN=32_MEMBER=813_PSO,GEN=4_MEMBER=85_PSO,,
GEN=32_MEMBER=814_PSO,22,,
GEN=32_MEMBER=815_PSO,GEN=26_MEMBER=671_PSO,,
GEN=32_MEMBER=816_PSO,GEN=30_MEMBER=768_PSO,,
GEN=32_MEMBER=817_PSO,GEN=29_MEMBER=749_PSO,,
GEN=32_MEMBER=818_PSO,GEN=23_MEMBER=596_PSO,,
GEN=32_MEMBER=819_PSO,GEN=31_MEMBER=785_PSO,,
GEN=32_MEMBER=820_PSO,GEN=27_MEMBER=693_PSO,,
GEN=32_MEMBER=821_PSO,GEN=30_MEMBER=776_PSO,,
GEN=32_MEMBER=822_PSO,19,,
GEN=32_MEMBER=823_PSO,GEN=30_MEMBER=764_PSO,,
GEN=32_MEMBER=824_PSO,GEN=25_MEMBER=645_PSO,,
GEN=32_MEMBER=825_PSO,GEN=17_MEMBER=421_PSO,,
GEN=32_MEMBER=826_PSO,GEN=30_MEMBER=763_PSO,,
GEN=32_MEMBER=827_PSO,GEN=27_MEMBER=699_PSO,,
GEN=32_MEMBER=828_PSO,GEN=30_MEMBER=765_PSO,,
GEN=32_MEMBER=829_PSO,GEN=29_MEMBER=733_PSO,,
GEN=32_MEMBER=830_PSO,GEN=31_MEMBER=782_PSO,,
GEN=32_MEMBER=831_PSO,GEN=31_MEMBER=794_PSO,,
GEN=33_MEMBER=832_PSO,16,,
GEN=33_MEMBER=833_PSO,GEN=17_MEMBER=440_PSO,,
GEN=33_MEMBER=834_PSO,GEN=22_MEMBER=558_PSO,,
GEN=33_MEMBER=835_PSO,GEN=27_MEMBER=699_PSO,,
GEN=33_MEMBER=836_PSO,GEN=28_MEMBER=723_PSO,,
GEN=33_MEMBER=837_PSO,GEN=4_MEMBER=85_PSO,,
GEN=33_MEMBER=838_PSO,GEN=30_MEMBER=764_PSO,,
GEN=33_MEMBER=839_PSO,GEN=26_MEMBER=671_PSO,,
GEN=33_MEMBER=840_PSO,GEN=30_MEMBER=768_PSO,,
GEN=33_MEMBER=841_PSO,GEN=23_MEMBER=596_PSO,,
GEN=33_MEMBER=842_PSO,GEN=23_MEMBER=589_PSO,,
GEN=33_MEMBER=843_PSO,22,,
GEN=33_MEMBER=844_PSO,GEN=30_MEMBER=776_PSO,,
GEN=33_MEMBER=845_PSO,GEN=30_MEMBER=758_PSO,,
GEN=33_MEMBER=846_PSO,GEN=17_MEMBER=421_PSO,,
GEN=33_MEMBER=847_PSO,GEN=31_MEMBER=794_PSO,,
GEN=33_MEMBER=848_PSO,19,,
GEN=33_MEMBER=849_PSO,GEN=32_MEMBER=816_PSO,,
GEN=33_MEMBER=850_PSO,GEN=29_MEMBER=733_PSO,,
GEN=33_MEMBER=851_PSO,GEN=25_MEMBER=645_PSO,,
GEN=33_MEMBER=852_PSO,GEN=32_MEMBER=823_PSO,,
GEN=33_MEMBER=853_PSO,GEN=32_MEMBER=811_PSO,,
GEN=33_MEMBER=854_PSO,GEN=32_MEMBER=826_PSO,,
GEN=33_MEMBER=855_PSO,GEN=30_MEMBER=763_PSO,,
GEN=33_MEMBER=856_PSO,GEN=32_MEMBER=813_PSO,,
GEN=33_MEMBER=857_PSO,GEN=15_MEMBER=368_PSO,,
GEN=34_MEMBER=858_PSO,GEN=17_MEMBER=440_PSO,,
GEN=34_MEMBER=859_PSO,16,,
GEN=34_MEMBER=860_PSO,GEN=28_MEMBER=723_PSO,,
GEN=34_MEMBER=861_PSO,GEN=29_MEMBER=733_PSO,,
GEN=34_MEMBER=862_PSO,GEN=33_MEMBER=838_PSO,,
GEN=34_MEMBER=863_PSO,GEN=30_MEMBER=763_PSO,,
GEN=34_MEMBER=864_PSO,GEN=4_MEMBER=85_PSO,,
GEN=34_MEMBER=865_PSO,GEN=23_MEMBER=589_PSO,,
GEN=34_MEMBER=866_PSO,22,,
GEN=34_MEMBER=867_PSO,GEN=22_MEMBER=558_PSO,,
GEN=34_MEMBER=868_PSO,GEN=23_MEMBER=596_PSO,,
GEN=34_MEMBER=869_PSO,GEN=33_MEMBER=857_PSO,,
GEN=34_MEMBER=870_PSO,GEN=31_MEMBER=794_PSO,,
GEN=34_MEMBER=871_PSO,GEN=30_MEMBER=776_PSO,,
GEN=34_MEMBER=872_PSO,GEN=30_MEMBER=768_PSO,,
GEN=34_MEMBER=873_PSO,19,,
GEN=34_MEMBER=874_PSO,GEN=33_MEMBER=854_PSO,,
GEN=34_MEMBER=875_PSO,GEN=27_MEMBER=699_PSO,,
GEN=34_MEMBER=876_PSO,GEN=25_MEMBER=645_PSO,,
GEN=34_MEMBER=877_PSO,GEN=26_MEMBER=671_PSO,,
GEN=34_MEMBER=878_PSO,GEN=32_MEMBER=826_PSO,,
GEN=34_MEMBER=879_PSO,GEN=33_MEMBER=834_PSO,,
GEN=34_MEMBER=880_PSO,GEN=15_MEMBER=368_PSO,,
GEN=34_MEMBER=881_PSO,GEN=33_MEMBER=853_PSO,,
GEN=34_MEMBER=882_PSO,GEN=32_MEMBER=816_PSO,,
GEN=34_MEMBER=883_PSO,GEN=33_MEMBER=841_PSO,,
GEN=35_MEMBER=884_PSO,16,,
GEN=35_MEMBER=885_PSO,GEN=17_MEMBER=440_PSO,,
GEN=35_MEMBER=886_PSO,GEN=34_MEMBER=859_PSO,,
GEN=35_MEMBER=887_PSO,GEN=28_MEMBER=723_PSO,,
GEN=35_MEMBER=888_PSO,GEN=32_MEMBER=826_PSO,,
GEN=35_MEMBER=889_PSO,GEN=4_MEMBER=85_PSO,,
GEN=35_MEMBER=890_PSO,GEN=34_MEMBER=868_PSO,,
GEN=35_MEMBER=891_PSO,GEN=30_MEMBER=763_PSO,,
GEN=35_MEMBER=892_PSO,22,,
GEN=35_MEMBER=893_PSO,GEN=26_MEMBER=671_PSO,,
GEN=35_MEMBER=894_PSO,GEN=30_MEMBER=768_PSO,,
GEN=35_MEMBER=895_PSO,GEN=33_MEMBER=838_PSO,,
GEN=35_MEMBER=896_PSO,19,,
GEN=35_MEMBER=897_PSO,GEN=22_MEMBER=558_PSO,,
GEN=35_MEMBER=898_PSO,GEN=34_MEMBER=873_PSO,,
GEN=35_MEMBER=899_PSO,GEN=31_MEMBER=794_PSO,,
GEN=35_MEMBER=900_PSO,GEN=33_MEMBER=853_PSO,,
GEN=35_MEMBER=901_PSO,GEN=15_MEMBER=368_PSO,,
GEN=35_MEMBER=902_PSO,GEN=30_MEMBER=776_PSO,,
GEN=35_MEMBER=903_PSO,GEN=34_MEMBER=878_PSO,,
GEN=35_MEMBER=904_PSO,GEN=27_MEMBER=699_PSO,,
GEN=35_MEMBER=905_PSO,GEN=33_MEMBER=834_PSO,,
GEN=35_MEMBER=906_PSO,GEN=33_MEMBER=857_PSO,,
GEN=35_MEMBER=907_PSO,GEN=34_MEMBER=862_PSO,,
GEN=35_MEMBER=908_PSO,GEN=34_MEMBER=860_PSO,,
GEN=35_MEMBER=909_PSO,GEN=34_MEMBER=881_PSO,,
GEN=36_MEMBER=910_PSO,16,,
GEN=36_MEMBER=911_PSO,GEN=17_MEMBER=440_PSO,,
GEN=36_MEMBER=912_PSO,GEN=34_MEMBER=859_PSO,,
GEN=36_MEMBER=913_PSO,GEN=35_MEMBER=899_PSO,,
GEN=36_MEMBER=914_PSO,GEN=22_MEMBER=558_PSO,,
GEN=36_MEMBER=915_PSO,GEN=32_MEMBER=826_PSO,,
GEN=36_MEMBER=916_PSO,GEN=35_MEMBER=893_PSO,,
GEN=36_MEMBER=917_PSO,GEN=33_MEMBER=857_PSO,,
GEN=36_MEMBER=918_PSO,GEN=30_MEMBER=763_PSO,,
GEN=36_MEMBER=919_PSO,22,,
GEN=36_MEMBER=920_PSO,GEN=35_MEMBER=898_PSO,,
GEN=36_MEMBER=921_PSO,GEN=26_MEMBER=671_PSO,,
GEN=36_MEMBER=922_PSO,GEN=4_MEMBER=85_PSO,,
GEN=36_MEMBER=923_PSO,19,,
GEN=36_MEMBER=924_PSO,GEN=34_MEMBER=868_PSO,,
GEN=36_MEMBER=925_PSO,GEN=35_MEMBER=895_PSO,,
GEN=36_MEMBER=926_PSO,GEN=35_MEMBER=900_PSO,,
GEN=36_MEMBER=927_PSO,GEN=34_MEMBER=860_PSO,,
GEN=36_MEMBER=928_PSO,GEN=30_MEMBER=768_PSO,,
GEN=36_MEMBER=929_PSO,GEN=34_MEMBER=878_PSO,,
GEN=36_MEMBER=930_PSO,GEN=30_MEMBER=776_PSO,,
GEN=36_MEMBER=931_PSO,GEN=35_MEMBER=894_PSO,,
GEN=36_MEMBER=932_PSO,GEN=33_MEMBER=834_PSO,,
GEN=36_MEMBER=933_PSO,GEN=34_MEMBER=862_PSO,,
GEN=36_MEMBER=934_PSO,GEN=35_MEMBER=890_PSO,,
GEN=36_MEMBER=935_PSO,GEN=35_MEMBER=905_PSO,,
GEN=37_MEMBER=936_PSO,16,,
GEN=37_MEMBER=937_PSO,GEN=17_MEMBER=440_PSO,,
GEN=37_MEMBER=938_PSO,GEN=34_MEMBER=859_PSO,,
GEN=37_MEMBER=939_PSO,GEN=35_MEMBER=899_PSO,,
GEN=37_MEMBER=940_PSO,GEN=30_MEMBER=768_PSO,,
GEN=37_MEMBER=941_PSO,GEN=4_MEMBER=85_PSO,,
GEN=37_MEMBER=942_PSO,GEN=32_MEMBER=826_PSO,,
GEN=37_MEMBER=943_PSO,GEN=34_MEMBER=868_PSO,,
GEN=37_MEMBER=944_PSO,GEN=35_MEMBER=893_PSO,,
GEN=37_MEMBER=945_PSO,22,,
GEN=37_MEMBER=946_PSO,GEN=22_MEMBER=558_PSO,,
GEN=37_MEMBER=947_PSO,GEN=35_MEMBER=898_PSO,,
GEN=37_MEMBER=948_PSO,GEN=26_MEMBER=671_PSO,,
GEN=37_MEMBER=949_PSO,GEN=35_MEMBER=905_PSO,,
GEN=37_MEMBER=950_PSO,GEN=36_MEMBER=916_PSO,,
GEN=37_MEMBER=951_PSO,19,,
GEN=37_MEMBER=952_PSO,GEN=36_MEMBER=912_PSO,,
GEN=37_MEMBER=953_PSO,GEN=35_MEMBER=895_PSO,,
GEN=37_MEMBER=954_PSO,GEN=36_MEMBER=910_PSO,,
GEN=37_MEMBER=955_PSO,GEN=30_MEMBER=776_PSO,,
GEN=37_MEMBER=956_PSO,GEN=30_MEMBER=763_PSO,,
GEN=37_MEMBER=957_PSO,GEN=36_MEMBER=917_PSO,,
GEN=37_MEMBER=958_PSO,GEN=35_MEMBER=890_PSO,,
GEN=37_MEMBER=959_PSO,GEN=36_MEMBER=925_PSO,,
GEN=37_MEMBER=960_PSO,GEN=36_MEMBER=921_PSO,,
GEN=37_MEMBER=961_PSO,GEN=36_MEMBER=927_PSO,,
GEN=38_MEMBER=962_PSO,GEN=17_MEMBER=440_PSO,,
GEN=38_MEMBER=963_PSO,16,,
GEN=38_MEMBER=964_PSO,GEN=37_MEMBER=950_PSO,,
GEN=38_MEMBER=965_PSO,GEN=36_MEMBER=927_PSO,,
GEN=38_MEMBER=966_PSO,GEN=34_MEMBER=859_PSO,,
GEN=38_MEMBER=967_PSO,GEN=4_MEMBER=85_PSO,,
GEN=38_MEMBER=968_PSO,GEN=30_MEMBER=776_PSO,,
GEN=38_MEMBER=969_PSO,GEN=35_MEMBER=905_PSO,,
GEN=38_MEMBER=970_PSO,GEN=30_MEMBER=768_PSO,,
GEN=38_MEMBER=971_PSO,22,,
GEN=38_MEMBER=972_PSO,GEN=36_MEMBER=910_PSO,,
GEN=38_MEMBER=973_PSO,GEN=37_MEMBER=960_PSO,,
GEN=38_MEMBER=974_PSO,GEN=35_MEMBER=895_PSO,,
GEN=38_MEMBER=975_PSO,GEN=36_MEMBER=916_PSO,,
GEN=38_MEMBER=976_PSO,19,,
GEN=38_MEMBER=977_PSO,GEN=22_MEMBER=558_PSO,,
GEN=38_MEMBER=978_PSO,GEN=35_MEMBER=893_PSO,,
GEN=38_MEMBER=979_PSO,GEN=36_MEMBER=912_PSO,,
GEN=38_MEMBER=980_PSO,GEN=37_MEMBER=936_PSO,,
GEN=38_MEMBER=981_PSO,GEN=26_MEMBER=671_PSO,,
GEN=38_MEMBER=982_PSO,GEN=32_MEMBER=826_PSO,,
GEN=38_MEMBER=983_PSO,GEN=35_MEMBER=890_PSO,,
GEN=38_MEMBER=984_PSO,GEN=37_MEMBER=956_PSO,,
GEN=38_MEMBER=985_PSO,GEN=37_MEMBER=948_PSO,,
GEN=38_MEMBER=986_PSO,GEN=35_MEMBER=898_PSO,,
GEN=38_MEMBER=987_PSO,GEN=37_MEMBER=944_PSO,,
GEN=39_MEMBER=988_PSO,16,,
GEN=39_MEMBER=989_PSO,GEN=17_MEMBER=440_PSO,,
GEN=39_MEMBER=990_PSO,GEN=37_MEMBER=950_PSO,,
GEN=39_MEMBER=991_PSO,GEN=36_MEMBER=927_PSO,,
GEN=39_MEMBER=992_PSO,GEN=30_MEMBER=768_PSO,,
GEN=39_MEMBER=993_PSO,GEN=4_MEMBER=85_PSO,,
GEN=39_MEMBER=994_PSO,GEN=22_MEMBER=558_PSO,,
GEN=39_MEMBER=995_PSO,GEN=37_MEMBER=936_PSO,,
GEN=39_MEMBER=996_PSO,GEN=36_MEMBER=910_PSO,,
GEN=39_MEMBER=997_PSO,22,,
GEN=39_MEMBER=998_PSO,GEN=37_MEMBER=960_PSO,,
GEN=39_MEMBER=999_PSO,GEN=26_MEMBER=671_PSO,,
GEN=39_MEMBER=1000_PSO,GEN=36_MEMBER=916_PSO,,
GEN=39_MEMBER=1001_PSO,GEN=34_MEMBER=859_PSO,,
GEN=39_MEMBER=1002_PSO,19,,
GEN=39_MEMBER=1003_PSO,GEN=35_MEMBER=890_PSO,,
GEN=39_MEMBER=1004_PSO,GEN=35_MEMBER=895_PSO,,
GEN=39_MEMBER=1005_PSO,GEN=36_MEMBER=912_PSO,,
GEN=39_MEMBER=1006_PSO,GEN=38_MEMBER=968_PSO,,
GEN=39_MEMBER=1007_PSO,GEN=38_MEMBER=982_PSO,,
GEN=39_MEMBER=1008_PSO,GEN=35_MEMBER=893_PSO,,
GEN=39_MEMBER=1009_PSO,GEN=37_MEMBER=956_PSO,,
GEN=39_MEMBER=1010_PSO,GEN=38_MEMBER=981_PSO,,
GEN=39_MEMBER=1011_PSO,GEN=37_MEMBER=948_PSO,,
GEN=39_MEMBER=1012_PSO,GEN=35_MEMBER=898_PSO,,
GEN=39_MEMBER=1013_PSO,GEN=37_MEMBER=944_PSO,,
GEN=40_MEMBER=1014_PSO,GEN=17_MEMBER=440_PSO,,
GEN=40_MEMBER=1015_PSO,16,,
GEN=40_MEMBER=1016_PSO,GEN=37_MEMBER=950_PSO,,
GEN=40_MEMBER=1017_PSO,GEN=36_MEMBER=927_PSO,,
GEN=40_MEMBER=1018_PSO,GEN=36_MEMBER=916_PSO,,
GEN=40_MEMBER=1019_PSO,GEN=22_MEMBER=558_PSO,,
GEN=40_MEMBER=1020_PSO,GEN=30_MEMBER=768_PSO,,
GEN=40_MEMBER=1021_PSO,GEN=4_MEMBER=85_PSO,,
GEN=40_MEMBER=1022_PSO,GEN=37_MEMBER=944_PSO,,
GEN=40_MEMBER=1023_PSO,GEN=39_MEMBER=999_PSO,,
GEN=40_MEMBER=1024_PSO,GEN=39_MEMBER=998_PSO,,
GEN=40_MEMBER=1025_PSO,GEN=26_MEMBER=671_PSO,,
GEN=40_MEMBER=1026_PSO,GEN=36_MEMBER=910_PSO,,
GEN=40_MEMBER=1027_PSO,GEN=35_MEMBER=890_PSO,,
GEN=40_MEMBER=1028_PSO,22,,
GEN=40_MEMBER=1029_PSO,GEN=37_MEMBER=960_PSO,,
GEN=40_MEMBER=1030_PSO,GEN=35_MEMBER=898_PSO,,
GEN=40_MEMBER=1031_PSO,GEN=35_MEMBER=895_PSO,,
GEN=40_MEMBER=1032_PSO,GEN=37_MEMBER=948_PSO,,
GEN=40_MEMBER=1033_PSO,19,,
GEN=40_MEMBER=1034_PSO,GEN=35_MEMBER=893_PSO,,
GEN=40_MEMBER=1035_PSO,GEN=39_MEMBER=1012_PSO,,
GEN=40_MEMBER=1036_PSO,GEN=39_MEMBER=1013_PSO,,
GEN=40_MEMBER=1037_PSO,GEN=39_MEMBER=1000_PSO,,
GEN=40_MEMBER=1038_PSO,GEN=37_MEMBER=956_PSO,,
GEN=40_MEMBER=1039_PSO,GEN=38_MEMBER=981_PSO,,
GEN=41_MEMBER=1040_PSO,16,,
GEN=41_MEMBER=1041_PSO,GEN=17_MEMBER=440_PSO,,
GEN=41_MEMBER=1042_PSO,GEN=37_MEMBER=950_PSO,,
GEN=41_MEMBER=1043_PSO,GEN=40_MEMBER=1017_PSO,,
GEN=41_MEMBER=1044_PSO,GEN=40_MEMBER=1034_PSO,,
GEN=41_MEMBER=1045_PSO,GEN=22_MEMBER=558_PSO,,
GEN=41_MEMBER=1046_PSO,GEN=4_MEMBER=85_PSO,,
GEN=41_MEMBER=1047_PSO,GEN=39_MEMBER=1012_PSO,,
GEN=41_MEMBER=1048_PSO,GEN=37_MEMBER=944_PSO,,
GEN=41_MEMBER=1049_PSO,GEN=40_MEMBER=1029_PSO,,
GEN=41_MEMBER=1050_PSO,GEN=26_MEMBER=671_PSO,,
GEN=41_MEMBER=1051_PSO,GEN=36_MEMBER=916_PSO,,
GEN=41_MEMBER=1052_PSO,22,,
GEN=41_MEMBER=1053_PSO,GEN=40_MEMBER=1022_PSO,,
GEN=41_MEMBER=1054_PSO,GEN=40_MEMBER=1018_PSO,,
GEN=41_MEMBER=1055_PSO,GEN=37_MEMBER=948_PSO,,
GEN=41_MEMBER=1056_PSO,19,,
GEN=41_MEMBER=1057_PSO,GEN=35_MEMBER=893_PSO,,
GEN=41_MEMBER=1058_PSO,GEN=30_MEMBER=768_PSO,,
GEN=41_MEMBER=1059_PSO,GEN=40_MEMBER=1016_PSO,,
GEN=41_MEMBER=1060_PSO,GEN=39_MEMBER=999_PSO,,
GEN=41_MEMBER=1061_PSO,GEN=35_MEMBER=895_PSO,,
GEN=41_MEMBER=1062_PSO,GEN=37_MEMBER=956_PSO,,
GEN=41_MEMBER=1063_PSO,GEN=35_MEMBER=898_PSO,,
GEN=41_MEMBER=1064_PSO,GEN=40_MEMBER=1021_PSO,,
GEN=41_MEMBER=1065_PSO,GEN=39_MEMBER=1000_PSO,,
GEN=42_MEMBER=1066_PSO,16,,
GEN=42_MEMBER=1067_PSO,GEN=17_MEMBER=440_PSO,,
GEN=42_MEMBER=1068_PSO,GEN=37_MEMBER=950_PSO,,
GEN=42_MEMBER=1069_PSO,GEN=41_MEMBER=1041_PSO,,
GEN=42_MEMBER=1070_PSO,GEN=22_MEMBER=558_PSO,,
GEN=42_MEMBER=1071_PSO,GEN=40_MEMBER=1034_PSO,,
GEN=42_MEMBER=1072_PSO,GEN=4_MEMBER=85_PSO,,
GEN=42_MEMBER=1073_PSO,GEN=39_MEMBER=1012_PSO,,
GEN=42_MEMBER=1074_PSO,GEN=37_MEMBER=944_PSO,,
GEN=42_MEMBER=1075_PSO,GEN=35_MEMBER=895_PSO,,
GEN=42_MEMBER=1076_PSO,GEN=26_MEMBER=671_PSO,,
GEN=42_MEMBER=1077_PSO,GEN=41_MEMBER=1055_PSO,,
GEN=42_MEMBER=1078_PSO,22,,
GEN=42_MEMBER=1079_PSO,GEN=40_MEMBER=1022_PSO,,
GEN=42_MEMBER=1080_PSO,19,,
GEN=42_MEMBER=1081_PSO,GEN=36_MEMBER=916_PSO,,
GEN=42_MEMBER=1082_PSO,GEN=35_MEMBER=898_PSO,,
GEN=42_MEMBER=1083_PSO,GEN=30_MEMBER=768_PSO,,
GEN=42_MEMBER=1084_PSO,GEN=41_MEMBER=1047_PSO,,
GEN=42_MEMBER=1085_PSO,GEN=37_MEMBER=956_PSO,,
GEN=42_MEMBER=1086_PSO,GEN=39_MEMBER=999_PSO,,
GEN=42_MEMBER=1087_PSO,GEN=35_MEMBER=893_PSO,,
GEN=42_MEMBER=1088_PSO,GEN=40_MEMBER=1029_PSO,,
GEN=42_MEMBER=1089_PSO,GEN=37_MEMBER=948_PSO,,
GEN=42_MEMBER=1090_PSO,GEN=41_MEMBER=1057_PSO,,
GEN=42_MEMBER=1091_PSO,GEN=41_MEMBER=1048_PSO,,
GEN=43_MEMBER=1092_PSO,16,,
GEN=43_MEMBER=1093_PSO,GEN=17_MEMBER=440_PSO,,
GEN=43_MEMBER=1094_PSO,GEN=37_MEMBER=950_PSO,,
GEN=43_MEMBER=1095_PSO,GEN=41_MEMBER=1041_PSO,,
GEN=43_MEMBER=1096_PSO,GEN=4_MEMBER=85_PSO,,
GEN=43_MEMBER=1097_PSO,GEN=30_MEMBER=768_PSO,,
GEN=43_MEMBER=1098_PSO,GEN=42_MEMBER=1088_PSO,,
GEN=43_MEMBER=1099_PSO,GEN=42_MEMBER=1074_PSO,,
GEN=43_MEMBER=1100_PSO,GEN=26_MEMBER=671_PSO,,
GEN=43_MEMBER=1101_PSO,GEN=37_MEMBER=944_PSO,,
GEN=43_MEMBER=1102_PSO,GEN=42_MEMBER=1075_PSO,,
GEN=43_MEMBER=1103_PSO,22,,
GEN=43_MEMBER=1104_PSO,GEN=42_MEMBER=1085_PSO,,
GEN=43_MEMBER=1105_PSO,GEN=37_MEMBER=948_PSO,,
GEN=43_MEMBER=1106_PSO,19,,
GEN=43_MEMBER=1107_PSO,GEN=35_MEMBER=893_PSO,,
GEN=43_MEMBER=1108_PSO,GEN=22_MEMBER=558_PSO,,
GEN=43_MEMBER=1109_PSO,GEN=35_MEMBER=895_PSO,,
GEN=43_MEMBER=1110_PSO,GEN=36_MEMBER=916_PSO,,
GEN=43_MEMBER=1111_PSO,GEN=35_MEMBER=898_PSO,,
GEN=43_MEMBER=1112_PSO,GEN=41_MEMBER=1047_PSO,,
GEN=43_MEMBER=1113_PSO,GEN=39_MEMBER=999_PSO,,
GEN=43_MEMBER=1114_PSO,GEN=40_MEMBER=1034_PSO,,
GEN=43_MEMBER=1115_PSO,GEN=37_MEMBER=956_PSO,,
GEN=43_MEMBER=1116_PSO,GEN=41_MEMBER=1055_PSO,,
GEN=43_MEMBER=1117_PSO,GEN=42_MEMBER=1084_PSO,,
GEN=44_MEMBER=1118_PSO,16,,
GEN=44_MEMBER=1119_PSO,GEN=17_MEMBER=440_PSO,,
GEN=44_MEMBER=1120_PSO,GEN=37_MEMBER=950_PSO,,
GEN=44_MEMBER=1121_PSO,GEN=41_MEMBER=1041_PSO,,
GEN=44_MEMBER=1122_PSO,GEN=4_MEMBER=85_PSO,,
GEN=44_MEMBER=1123_PSO,GEN=42_MEMBER=1074_PSO,,
GEN=44_MEMBER=1124_PSO,GEN=43_MEMBER=1100_PSO,,
GEN=44_MEMBER=1125_PSO,GEN=30_MEMBER=768_PSO,,
GEN=44_MEMBER=1126_PSO,GEN=42_MEMBER=1084_PSO,,
GEN=44_MEMBER=1127_PSO,GEN=42_MEMBER=1075_PSO,,
GEN=44_MEMBER=1128_PSO,22,,
GEN=44_MEMBER=1129_PSO,GEN=26_MEMBER=671_PSO,,
GEN=44_MEMBER=1130_PSO,GEN=42_MEMBER=1085_PSO,,
GEN=44_MEMBER=1131_PSO,GEN=37_MEMBER=948_PSO,,
GEN=44_MEMBER=1132_PSO,19,,
GEN=44_MEMBER=1133_PSO,GEN=43_MEMBER=1104_PSO,,
GEN=44_MEMBER=1134_PSO,GEN=36_MEMBER=916_PSO,,
GEN=44_MEMBER=1135_PSO,GEN=35_MEMBER=898_PSO,,
GEN=44_MEMBER=1136_PSO,GEN=43_MEMBER=1106_PSO,,
GEN=44_MEMBER=1137_PSO,GEN=41_MEMBER=1047_PSO,,
GEN=44_MEMBER=1138_PSO,GEN=39_MEMBER=999_PSO,,
GEN=44_MEMBER=1139_PSO,GEN=22_MEMBER=558_PSO,,
GEN=44_MEMBER=1140_PSO,GEN=43_MEMBER=1113_PSO,,
GEN=44_MEMBER=1141_PSO,GEN=43_MEMBER=1115_PSO,,
GEN=44_MEMBER=1142_PSO,GEN=43_MEMBER=1105_PSO,,
GEN=44_MEMBER=1143_PSO,GEN=41_MEMBER=1055_PSO,,
GEN=45_MEMBER=1144_PSO,16,,
GEN=45_MEMBER=1145_PSO,GEN=17_MEMBER=440_PSO,,
GEN=45_MEMBER=1146_PSO,GEN=37_MEMBER=950_PSO,,
GEN=45_MEMBER=1147_PSO,GEN=41_MEMBER=1041_PSO,,
GEN=45_MEMBER=1148_PSO,GEN=41_MEMBER=1055_PSO,,
GEN=45_MEMBER=1149_PSO,GEN=44_MEMBER=1143_PSO,,
GEN=45_MEMBER=1150_PSO,GEN=43_MEMBER=1100_PSO,,
GEN=45_MEMBER=1151_PSO,GEN=42_MEMBER=1075_PSO,,
GEN=45_MEMBER=1152_PSO,22,,
GEN=45_MEMBER=1153_PSO,GEN=43_MEMBER=1115_PSO,,
GEN=45_MEMBER=1154_PSO,GEN=35_MEMBER=898_PSO,,
GEN=45_MEMBER=1155_PSO,GEN=44_MEMBER=1136_PSO,,
GEN=45_MEMBER=1156_PSO,GEN=37_MEMBER=948_PSO,,
GEN=45_MEMBER=1157_PSO,GEN=42_MEMBER=1084_PSO,,
GEN=45_MEMBER=1158_PSO,GEN=4_MEMBER=85_PSO,,
GEN=45_MEMBER=1159_PSO,GEN=26_MEMBER=671_PSO,,
GEN=45_MEMBER=1160_PSO,19,,
GEN=45_MEMBER=1161_PSO,GEN=44_MEMBER=1122_PSO,,
GEN=45_MEMBER=1162_PSO,GEN=30_MEMBER=768_PSO,,
GEN=45_MEMBER=1163_PSO,GEN=43_MEMBER=1106_PSO,,
GEN=45_MEMBER=1164_PSO,GEN=22_MEMBER=558_PSO,,
GEN=45_MEMBER=1165_PSO,GEN=39_MEMBER=999_PSO,,
GEN=45_MEMBER=1166_PSO,GEN=42_MEMBER=1074_PSO,,
GEN=45_MEMBER=1167_PSO,GEN=44_MEMBER=1134_PSO,,
GEN=45_MEMBER=1168_PSO,GEN=44_MEMBER=1139_PSO,,
GEN=45_MEMBER=1169_PSO,GEN=44_MEMBER=1141_PSO,,
GEN=46_MEMBER=1170_PSO,16,,
GEN=46_MEMBER=1171_PSO,GEN=17_MEMBER=440_PSO,,
GEN=46_MEMBER=1172_PSO,GEN=30_MEMBER=768_PSO,,
GEN=46_MEMBER=1173_PSO,GEN=26_MEMBER=671_PSO,,
GEN=46_MEMBER=1174_PSO,GEN=41_MEMBER=1041_PSO,,
GEN=46_MEMBER=1175_PSO,GEN=37_MEMBER=950_PSO,,
GEN=46_MEMBER=1176_PSO,GEN=39_MEMBER=999_PSO,,
GEN=46_MEMBER=1177_PSO,GEN=45_MEMBER=1159_PSO,,
GEN=46_MEMBER=1178_PSO,GEN=42_MEMBER=1075_PSO,,
GEN=46_MEMBER=1179_PSO,GEN=37_MEMBER=948_PSO,,
GEN=46_MEMBER=1180_PSO,GEN=4_MEMBER=85_PSO,,
GEN=46_MEMBER=1181_PSO,22,,
GEN=46_MEMBER=1182_PSO,GEN=43_MEMBER=1115_PSO,,
GEN=46_MEMBER=1183_PSO,GEN=42_MEMBER=1084_PSO,,
GEN=46_MEMBER=1184_PSO,19,,
GEN=46_MEMBER=1185_PSO,GEN=45_MEMBER=1160_PSO,,
GEN=46_MEMBER=1186_PSO,GEN=44_MEMBER=1143_PSO,,
GEN=46_MEMBER=1187_PSO,GEN=43_MEMBER=1106_PSO,,
GEN=46_MEMBER=1188_PSO,GEN=45_MEMBER=1162_PSO,,
GEN=46_MEMBER=1189_PSO,GEN=44_MEMBER=1141_PSO,,
GEN=46_MEMBER=1190_PSO,GEN=22_MEMBER=558_PSO,,
GEN=46_MEMBER=1191_PSO,GEN=43_MEMBER=1100_PSO,,
GEN=46_MEMBER=1192_PSO,GEN=35_MEMBER=898_PSO,,
GEN=46_MEMBER=1193_PSO,GEN=44_MEMBER=1134_PSO,,
GEN=46_MEMBER=1194_PSO,GEN=41_MEMBER=1055_PSO,,
GEN=46_MEMBER=1195_PSO,GEN=42_MEMBER=1074_PSO,,
GEN=47_MEMBER=1196_PSO,16,,
GEN=47_MEMBER=1197_PSO,GEN=17_MEMBER=440_PSO,,
GEN=47_MEMBER=1198_PSO,GEN=37_MEMBER=950_PSO,,
GEN=47_MEMBER=1199_PSO,GEN=41_MEMBER=1041_PSO,,
GEN=47_MEMBER=1200_PSO,GEN=30_MEMBER=768_PSO,,
GEN=47_MEMBER=1201_PSO,GEN=46_MEMBER=1181_PSO,,
GEN=47_MEMBER=1202_PSO,GEN=42_MEMBER=1075_PSO,,
GEN=47_MEMBER=1203_PSO,GEN=35_MEMBER=898_PSO,,
GEN=47_MEMBER=1204_PSO,GEN=4_MEMBER=85_PSO,,
GEN=47_MEMBER=1205_PSO,22,,
GEN=47_MEMBER=1206_PSO,GEN=46_MEMBER=1193_PSO,,
GEN=47_MEMBER=1207_PSO,GEN=46_MEMBER=1173_PSO,,
GEN=47_MEMBER=1208_PSO,19,,
GEN=47_MEMBER=1209_PSO,GEN=42_MEMBER=1074_PSO,,
GEN=47_MEMBER=1210_PSO,GEN=22_MEMBER=558_PSO,,
GEN=47_MEMBER=1211_PSO,GEN=46_MEMBER=1194_PSO,,
GEN=47_MEMBER=1212_PSO,GEN=44_MEMBER=1143_PSO,,
GEN=47_MEMBER=1213_PSO,GEN=46_MEMBER=1188_PSO,,
GEN=47_MEMBER=1214_PSO,GEN=39_MEMBER=999_PSO,,
GEN=47_MEMBER=1215_PSO,GEN=37_MEMBER=948_PSO,,
GEN=47_MEMBER=1216_PSO,GEN=41_MEMBER=1055_PSO,,
GEN=47_MEMBER=1217_PSO,GEN=26_MEMBER=671_PSO,,
GEN=47_MEMBER=1218_PSO,GEN=42_MEMBER=1084_PSO,,
GEN=47_MEMBER=1219_PSO,GEN=46_MEMBER=1179_PSO,,
GEN=47_MEMBER=1220_PSO,GEN=45_MEMBER=1160_PSO,,
GEN=47_MEMBER=1221_PSO,GEN=43_MEMBER=1100_PSO,,
GEN=48_MEMBER=1222_PSO,16,,
GEN=48_MEMBER=1223_PSO,GEN=17_MEMBER=440_PSO,,
GEN=48_MEMBER=1224_PSO,GEN=41_MEMBER=1041_PSO,,
GEN=48_MEMBER=1225_PSO,GEN=37_MEMBER=950_PSO,,
GEN=48_MEMBER=1226_PSO,22,,
GEN=48_MEMBER=1227_PSO,GEN=42_MEMBER=1084_PSO,,
GEN=48_MEMBER=1228_PSO,GEN=4_MEMBER=85_PSO,,
GEN=48_MEMBER=1229_PSO,GEN=47_MEMBER=1206_PSO,,
GEN=48_MEMBER=1230_PSO,GEN=46_MEMBER=1193_PSO,,
GEN=48_MEMBER=1231_PSO,GEN=35_MEMBER=898_PSO,,
GEN=48_MEMBER=1232_PSO,GEN=47_MEMBER=1200_PSO,,
GEN=48_MEMBER=1233_PSO,GEN=46_MEMBER=1179_PSO,,
GEN=48_MEMBER=1234_PSO,GEN=42_MEMBER=1074_PSO,,
GEN=48_MEMBER=1235_PSO,19,,
GEN=48_MEMBER=1236_PSO,GEN=22_MEMBER=558_PSO,,
GEN=48_MEMBER=1237_PSO,GEN=47_MEMBER=1210_PSO,,
GEN=48_MEMBER=1238_PSO,GEN=30_MEMBER=768_PSO,,
GEN=48_MEMBER=1239_PSO,GEN=45_MEMBER=1160_PSO,,
GEN=48_MEMBER=1240_PSO,GEN=46_MEMBER=1181_PSO,,
GEN=48_MEMBER=1241_PSO,GEN=47_MEMBER=1204_PSO,,
GEN=48_MEMBER=1242_PSO,GEN=46_MEMBER=1194_PSO,,
GEN=48_MEMBER=1243_PSO,GEN=26_MEMBER=671_PSO,,
GEN=48_MEMBER=1244_PSO,GEN=47_MEMBER=1203_PSO,,
GEN=48_MEMBER=1245_PSO,GEN=47_MEMBER=1215_PSO,,
GEN=48_MEMBER=1246_PSO,GEN=47_MEMBER=1216_PSO,,
GEN=48_MEMBER=1247_PSO,GEN=47_MEMBER=1219_PSO,,
GEN=49_MEMBER=1248_PSO,16,,
GEN=49_MEMBER=1249_PSO,GEN=17_MEMBER=440_PSO,,
GEN=49_MEMBER=1250_PSO,GEN=35_MEMBER=898_PSO,,
GEN=49_MEMBER=1251_PSO,GEN=41_MEMBER=1041_PSO,,
GEN=49_MEMBER=1252_PSO,GEN=37_MEMBER=950_PSO,,
GEN=49_MEMBER=1253_PSO,GEN=47_MEMBER=1204_PSO,,
GEN=49_MEMBER=1254_PSO,GEN=48_MEMBER=1247_PSO,,
GEN=49_MEMBER=1255_PSO,GEN=47_MEMBER=1210_PSO,,
GEN=49_MEMBER=1256_PSO,GEN=4_MEMBER=85_PSO,,
GEN=49_MEMBER=1257_PSO,GEN=42_MEMBER=1084_PSO,,
GEN=49_MEMBER=1258_PSO,22,,
GEN=49_MEMBER=1259_PSO,GEN=30_MEMBER=768_PSO,,
GEN=49_MEMBER=1260_PSO,GEN=48_MEMBER=1238_PSO,,
GEN=49_MEMBER=1261_PSO,GEN=48_MEMBER=1239_PSO,,
GEN=49_MEMBER=1262_PSO,19,,
GEN=49_MEMBER=1263_PSO,GEN=48_MEMBER=1230_PSO,,
GEN=49_MEMBER=1264_PSO,GEN=47_MEMBER=1219_PSO,,
GEN=49_MEMBER=1265_PSO,GEN=22_MEMBER=558_PSO,,
GEN=49_MEMBER=1266_PSO,GEN=46_MEMBER=1193_PSO,,
GEN=49_MEMBER=1267_PSO,GEN=45_MEMBER=1160_PSO,,
GEN=49_MEMBER=1268_PSO,GEN=46_MEMBER=1181_PSO,,
GEN=49_MEMBER=1269_PSO,GEN=48_MEMBER=1246_PSO,,
GEN=49_MEMBER=1270_PSO,GEN=46_MEMBER=1179_PSO,,
GEN=49_MEMBER=1271_PSO,GEN=26_MEMBER=671_PSO,,
GEN=49_MEMBER=1272_PSO,GEN=48_MEMBER=1234_PSO,,
GEN=49_MEMBER=1273_PSO,GEN=46_MEMBER=1194_PSO,,
GEN=50_MEMBER=1274_PSO,16,,
GEN=50_MEMBER=1275_PSO,GEN=17_MEMBER=440_PSO,,
GEN=50_MEMBER=1276_PSO,GEN=4_MEMBER=85_PSO,,
GEN=50_MEMBER=1277_PSO,GEN=41_MEMBER=1041_PSO,,
GEN=50_MEMBER=1278_PSO,GEN=37_MEMBER=950_PSO,,
GEN=50_MEMBER=1279_PSO,GEN=35_MEMBER=898_PSO,,
GEN=50_MEMBER=1280_PSO,GEN=49_MEMBER=1250_PSO,,
GEN=50_MEMBER=1281_PSO,GEN=49_MEMBER=1263_PSO,,
GEN=50_MEMBER=1282_PSO,GEN=49_MEMBER=1269_PSO,,
GEN=50_MEMBER=1283_PSO,GEN=42_MEMBER=1084_PSO,,
GEN=50_MEMBER=1284_PSO,GEN=49_MEMBER=1254_PSO,,
GEN=50_MEMBER=1285_PSO,GEN=49_MEMBER=1270_PSO,,
GEN=50_MEMBER=1286_PSO,22,,
GEN=50_MEMBER=1287_PSO,GEN=48_MEMBER=1234_PSO,,
GEN=50_MEMBER=1288_PSO,GEN=30_MEMBER=768_PSO,,
GEN=50_MEMBER=1289_PSO,GEN=46_MEMBER=1193_PSO,,
GEN=50_MEMBER=1290_PSO,GEN=46_MEMBER=1181_PSO,,
GEN=50_MEMBER=1291_PSO,19,,
GEN=50_MEMBER=1292_PSO,GEN=49_MEMBER=1256_PSO,,
GEN=50_MEMBER=1293_PSO,GEN=46_MEMBER=1194_PSO,,
GEN=50_MEMBER=1294_PSO,GEN=22_MEMBER=558_PSO,,
GEN=50_MEMBER=1295_PSO,GEN=48_MEMBER=1246_PSO,,
GEN=50_MEMBER=1296_PSO,GEN=47_MEMBER=1210_PSO,,
GEN=50_MEMBER=1297_PSO,GEN=46_MEMBER=1179_PSO,,
GEN=50_MEMBER=1298_PSO,GEN=26_MEMBER=671_PSO,,
GEN=50_MEMBER=1299_PSO,GEN=49_MEMBER=1265_PSO,,
