scenario,T_factor,T_value,probability_weight,member,generation,archive_pumping_objective_gpm,archive_pumping_objective_cfs,archive_total_pumping_gpm,archive_total_pumping_cfs,archive_depletion_cfs,archive_streamflow_cfs,pumping_objective_reeval_gpm,pumping_objective_reeval_cfs,total_pumping_gpm,total_pumping_cfs,full_model_total_pumping_gpm,full_model_total_pumping_cfs,n_model_q_columns,n_objective_q_columns,depletion_obs_name,depletion_cfs,streamflow_cfs
baseline_T,1.0,1700.0,,152,50,17542.8,39.0853584,17542.8,39.0853584,4.78258,3.8174199999999994,17542.837279493986,39.0854414587126,17542.837279493986,39.0854414587126,52826.73727949399,117.6979706587126,327,86,lpr:total_combined:bdpl,4.782582221327709,3.817417778672291
baseline_T,1.0,1700.0,,gen=36_member=6021_pso,50,7060.34,15.73043752,7060.34,15.73043752,0.811083,7.788917,7060.336017493249,15.730428646974957,7060.336017493249,15.730428646974957,42344.23601749325,94.34295784697495,327,86,lpr:total_combined:bdpl,0.8110833649714815,7.788916635028518
baseline_T,1.0,1700.0,,16,50,17265.5,38.467534,17265.5,38.467534,4.48927,4.110729999999999,17265.49762402037,38.46752870631738,17265.49762402037,38.46752870631738,52549.39762402036,117.08005790631736,327,86,lpr:total_combined:bdpl,4.489273592740293,4.1107264072597065
baseline_T,1.0,1700.0,,130,50,17325.0,38.6001,17325.0,38.6001,4.69071,3.9092899999999995,17325.020546659372,38.60014577795708,17325.020546659372,38.60014577795708,52608.92054665938,117.21267497795709,327,86,lpr:total_combined:bdpl,4.690710603433739,3.909289396566261
baseline_T,1.0,1700.0,,95,50,17459.9,38.900657200000005,17459.9,38.900657200000005,4.70127,3.8987299999999996,17459.910855081478,38.90068138512153,17459.910855081478,38.90068138512153,52743.81085508148,117.51321058512153,327,86,lpr:total_combined:bdpl,4.701268362481829,3.8987316375181704
baseline_T,1.0,1700.0,,156,50,16882.3,37.6137644,16882.3,37.6137644,4.4265,4.1735,16882.312566035933,37.61379239712806,16882.312566035933,37.61379239712806,52166.21256603594,116.22632159712806,327,86,lpr:total_combined:bdpl,4.42649581404381,4.173504185956189
baseline_T,1.0,1700.0,,gen=47_member=7948_pso,50,12805.2,28.5299856,12805.2,28.5299856,1.5703,7.0297,12805.176146545087,28.529932454502454,12805.176146545087,28.529932454502454,48089.076146545085,107.14246165450244,327,86,lpr:total_combined:bdpl,1.5702986372987264,7.029701362701273
baseline_T,1.0,1700.0,,gen=48_member=8161_pso,50,11000.1,24.5082228,11000.1,24.5082228,1.17026,7.42974,11000.12673609313,24.508282368015493,11000.12673609313,24.508282368015493,46284.02673609313,103.1208115680155,327,86,lpr:total_combined:bdpl,1.1702608914176431,7.429739108582357
baseline_T,1.0,1700.0,,gen=33_member=5661_pso,50,16558.2,36.8916696,16558.2,36.8916696,4.21575,4.38425,16558.228221578418,36.89173247767671,16558.228221578418,36.89173247767671,51842.128221578416,115.50426167767671,327,86,lpr:total_combined:bdpl,4.215754201843512,4.3842457981564875
baseline_T,1.0,1700.0,,gen=47_member=7921_pso,50,16619.9,37.0291372,16619.9,37.0291372,4.27101,4.328989999999999,16619.894322164353,37.029124549782175,16619.894322164353,37.029124549782175,51903.79432216436,115.6416537497822,327,86,lpr:total_combined:bdpl,4.271007614577858,4.328992385422142
baseline_T,1.0,1700.0,,gen=40_member=6722_pso,50,13108.9,29.2066292,13108.9,29.2066292,1.65561,6.944389999999999,13108.890627812632,29.206608318766545,13108.890627812632,29.206608318766545,48392.79062781263,107.81913751876654,327,86,lpr:total_combined:bdpl,1.6556098007990303,6.944390199200969
baseline_T,1.0,1700.0,,gen=48_member=8113_pso,50,16612.9,37.0135412,16612.9,37.0135412,4.2324,4.3675999999999995,16612.892695433202,37.01352492542517,16612.892695433202,37.01352492542517,51896.79269543321,115.62605412542518,327,86,lpr:total_combined:bdpl,4.232401729996877,4.367598270003123
baseline_T,1.0,1700.0,,gen=48_member=8218_pso,50,16437.9,36.6236412,16437.9,36.6236412,4.03399,4.5660099999999995,16437.898572598093,36.62363801974855,16437.898572598093,36.62363801974855,51721.7985725981,115.23616721974857,327,86,lpr:total_combined:bdpl,4.033988191639938,4.566011808360062
baseline_T,1.0,1700.0,,gen=42_member=7058_pso,50,8000.5,17.825114,8000.5,17.825114,0.864582,7.735417999999999,8000.501335844605,17.82511697626178,8000.501335844605,17.82511697626178,43284.40133584461,96.4376461762618,327,86,lpr:total_combined:bdpl,0.8645822572117029,7.735417742788297
baseline_T,1.0,1700.0,,gen=48_member=8245_pso,50,16552.5,36.87897,16552.5,36.87897,4.17121,4.428789999999999,16552.462486135883,36.87888641911074,16552.462486135883,36.87888641911074,51836.362486135884,115.49141561911075,327,86,lpr:total_combined:bdpl,4.1712068907145685,4.428793109285431
baseline_T,1.0,1700.0,,gen=41_member=6922_pso,50,14414.7,32.1159516,14414.7,32.1159516,2.24821,6.351789999999999,14414.68617782016,32.11592080418332,14414.68617782016,32.11592080418332,49698.586177820165,110.72845000418333,327,86,lpr:total_combined:bdpl,2.248210831838707,6.351789168161293
baseline_T,1.0,1700.0,,gen=41_member=6885_pso,50,7606.89,16.94815092,7606.89,16.94815092,0.828565,7.771434999999999,7606.8867677638145,16.94814371857778,7606.8867677638145,16.94814371857778,42890.78676776381,95.56067291857778,327,86,lpr:total_combined:bdpl,0.8285654379401006,7.771434562059899
baseline_T,1.0,1700.0,,gen=37_member=6262_pso,50,11388.2,25.3729096,11388.2,25.3729096,1.2425,7.3575,11388.151134235766,25.372800727077287,11388.151134235766,25.372800727077287,46672.05113423576,103.98532992707726,327,86,lpr:total_combined:bdpl,1.2424981099154597,7.35750189008454
baseline_T,1.0,1700.0,,gen=39_member=6554_pso,50,10285.0,22.91498,10285.0,22.91498,1.07599,7.52401,10284.979691111877,22.91493475179726,10284.979691111877,22.91493475179726,45568.87969111188,101.52746395179726,327,86,lpr:total_combined:bdpl,1.0759853155948564,7.524014684405143
baseline_T,1.0,1700.0,,gen=44_member=7409_pso,50,13027.9,29.026161199999997,13027.9,29.026161199999997,1.61819,6.981809999999999,13027.906198178654,29.02617500954204,13027.906198178654,29.02617500954204,48311.806198178645,107.63870420954201,327,86,lpr:total_combined:bdpl,1.6181922753542444,6.981807724645755
baseline_T,1.0,1700.0,,gen=33_member=5597_pso,50,9167.62,20.425457360000003,9167.62,20.425457360000003,0.993719,7.606280999999999,9167.61535240611,20.425447005160812,9167.61535240611,20.425447005160812,44451.51535240611,99.03797620516082,327,86,lpr:total_combined:bdpl,0.9937193119614058,7.606280688038594
baseline_T,1.0,1700.0,,gen=35_member=5926_pso,50,12907.8,28.758578399999998,12907.8,28.758578399999998,1.60584,6.99416,12907.758626244162,28.75848621927199,12907.758626244162,28.75848621927199,48191.65862624416,107.371015419272,327,86,lpr:total_combined:bdpl,1.6058441235180438,6.994155876481956
baseline_T,1.0,1700.0,,gen=42_member=7147_pso,50,16510.5,36.785394,16510.5,36.785394,4.12536,4.47464,16510.539615080983,36.78548226240043,16510.539615080983,36.78548226240043,51794.439615080984,115.39801146240043,327,86,lpr:total_combined:bdpl,4.125357521076862,4.474642478923138
baseline_T,1.0,1700.0,,gen=47_member=7992_pso,50,16742.9,37.303181200000004,16742.9,37.303181200000004,4.41535,4.1846499999999995,16742.901021820653,37.30318347661641,16742.901021820653,37.30318347661641,52026.801021820655,115.91571267661642,327,86,lpr:total_combined:bdpl,4.415352874721832,4.184647125278167
baseline_T,1.0,1700.0,,gen=44_member=7479_pso,50,13342.5,29.72709,13342.5,29.72709,1.7727,6.827299999999999,13342.45643112823,29.726992928553695,13342.45643112823,29.726992928553695,48626.35643112823,108.3395221285537,327,86,lpr:total_combined:bdpl,1.7727044994457113,6.827295500554288
baseline_T,1.0,1700.0,,gen=46_member=7840_pso,50,12494.8,27.838414399999998,12494.8,27.838414399999998,1.46259,7.137409999999999,12494.774325072109,27.838357196260656,12494.774325072109,27.838357196260656,47778.67432507211,106.45088639626066,327,86,lpr:total_combined:bdpl,1.4625932530033692,7.13740674699663
baseline_T,1.0,1700.0,,gen=36_member=6076_pso,50,16639.0,37.071692,16639.0,37.071692,4.31441,4.28559,16638.98292029259,37.07165394641189,16638.98292029259,37.07165394641189,51922.88292029259,115.6841831464119,327,86,lpr:total_combined:bdpl,4.314408249931125,4.285591750068875
baseline_T,1.0,1700.0,,gen=39_member=6576_pso,50,11030.9,24.576845199999998,11030.9,24.576845199999998,1.21064,7.38936,11030.877123997438,24.57679423226629,11030.877123997438,24.57679423226629,46314.77712399744,103.18932343226629,327,86,lpr:total_combined:bdpl,1.2106413178735036,7.389358682126496
baseline_T,1.0,1700.0,,gen=46_member=7833_pso,50,13587.9,30.2738412,13587.9,30.2738412,1.83739,6.76261,13587.891582341546,30.273822445456965,13587.891582341546,30.273822445456965,48871.791582341546,108.88635164545695,327,86,lpr:total_combined:bdpl,1.837394816219615,6.762605183780384
baseline_T,1.0,1700.0,,gen=36_member=6039_pso,50,15366.6,34.2367848,15366.6,34.2367848,2.88658,5.713419999999999,15366.588834231063,34.236759922666806,15366.588834231063,34.236759922666806,50650.488834231066,112.84928912266682,327,86,lpr:total_combined:bdpl,2.8865790925389523,5.713420907461048
baseline_T,1.0,1700.0,,gen=45_member=7630_pso,50,9099.38,20.27341864,9099.38,20.27341864,0.964314,7.635686,9099.382966194604,20.273425248681576,9099.382966194604,20.273425248681576,44383.2829661946,98.88595444868157,327,86,lpr:total_combined:bdpl,0.9643142048409978,7.635685795159002
baseline_T,1.0,1700.0,,gen=41_member=7002_pso,50,14118.5,31.456018,14118.5,31.456018,2.09323,6.5067699999999995,14118.496438410093,31.456010064777686,14118.496438410093,31.456010064777686,49402.3964384101,110.0685392647777,327,86,lpr:total_combined:bdpl,2.0932333142827297,6.50676668571727
baseline_T,1.0,1700.0,,gen=44_member=7416_pso,50,10116.5,22.539562,10116.5,22.539562,1.03735,7.56265,10116.468954449134,22.53949283051267,10116.468954449134,22.53949283051267,45400.368954449135,101.15202203051267,327,86,lpr:total_combined:bdpl,1.0373456001592622,7.562654399840738
baseline_T,1.0,1700.0,,gen=48_member=8130_pso,50,13598.1,30.2965668,13598.1,30.2965668,1.8663,6.7337,13598.135306696122,30.29664546331896,13598.135306696122,30.29664546331896,48882.035306696125,108.90917466331896,327,86,lpr:total_combined:bdpl,1.8663016796690663,6.733698320330934
baseline_T,1.0,1700.0,,gen=42_member=7150_pso,50,10331.4,23.0183592,10331.4,23.0183592,1.08725,7.51275,10331.394060382165,23.018345966531463,10331.394060382165,23.018345966531463,45615.29406038216,101.63087516653145,327,86,lpr:total_combined:bdpl,1.087248915729321,7.512751084270679
baseline_T,1.0,1700.0,,gen=46_member=7861_pso,50,16417.4,36.5779672,16417.4,36.5779672,4.0076,4.5924,16417.395088623984,36.57795625745423,16417.395088623984,36.57795625745423,51701.295088623985,115.19048545745423,327,86,lpr:total_combined:bdpl,4.007601081757205,4.592398918242795
baseline_T,1.0,1700.0,,gen=47_member=8013_pso,50,10857.2,24.1898416,10857.2,24.1898416,1.14776,7.45224,10857.21987356665,24.189885878306495,10857.21987356665,24.189885878306495,46141.11987356664,102.80241507830647,327,86,lpr:total_combined:bdpl,1.147762321088277,7.452237678911723
baseline_T,1.0,1700.0,,gen=34_member=5833_pso,50,16631.7,37.0554276,16631.7,37.0554276,4.29346,4.30654,16631.71757138718,37.05546674905064,16631.71757138718,37.05546674905064,51915.61757138718,115.66799594905063,327,86,lpr:total_combined:bdpl,4.293456493397734,4.3065435066022655
baseline_T,1.0,1700.0,,gen=29_member=4835_pso,50,13986.9,31.1628132,13986.9,31.1628132,2.02499,6.57501,13986.934975559143,31.16289112554577,13986.934975559143,31.16289112554577,49270.83497555914,109.77542032554577,327,86,lpr:total_combined:bdpl,2.0249856399765958,6.575014360023404
baseline_T,1.0,1700.0,,gen=43_member=7309_pso,50,12730.0,28.36244,12730.0,28.36244,1.53641,7.06359,12729.974511114962,28.362383210764136,12729.974511114962,28.362383210764136,48013.87451111496,106.97491241076413,327,86,lpr:total_combined:bdpl,1.5364104025504484,7.0635895974495515
baseline_T,1.0,1700.0,,gen=42_member=7162_pso,50,15379.6,34.2657488,15379.6,34.2657488,2.92099,5.67901,15379.575396571681,34.265693983561704,15379.575396571681,34.265693983561704,50663.47539657169,112.87822318356172,327,86,lpr:total_combined:bdpl,2.9209899539452193,5.67901004605478
baseline_T,1.0,1700.0,,gen=43_member=7394_pso,50,13330.1,29.6994628,13330.1,29.6994628,1.74092,6.85908,13330.062566207302,29.69937939750987,13330.062566207302,29.69937939750987,48613.96256620731,108.31190859750988,327,86,lpr:total_combined:bdpl,1.7409232462479096,6.85907675375209
baseline_T,1.0,1700.0,,gen=47_member=7994_pso,50,12436.2,27.7078536,12436.2,27.7078536,1.42551,7.17449,12436.24831050038,27.707961235794844,12436.24831050038,27.707961235794844,47720.148310500386,106.32049043579485,327,86,lpr:total_combined:bdpl,1.4255099966871652,7.174490003312835
baseline_T,1.0,1700.0,,gen=48_member=8212_pso,50,11449.2,25.5088176,11449.2,25.5088176,1.2664,7.3336,11449.242432093595,25.50891213870453,11449.242432093595,25.50891213870453,46733.14243209359,104.12144133870451,327,86,lpr:total_combined:bdpl,1.266398238769936,7.333601761230064
baseline_T,1.0,1700.0,,gen=34_member=5718_pso,50,8625.66,19.217970479999998,8625.66,19.217970479999998,0.92753,7.67247,8625.662075736527,19.217975104740983,8625.662075736527,19.217975104740983,43909.562075736525,97.83050430474097,327,86,lpr:total_combined:bdpl,0.9275296888087197,7.6724703111912795
baseline_T,1.0,1700.0,,gen=40_member=6749_pso,50,14377.8,32.0337384,14377.8,32.0337384,2.22633,6.37367,14377.837728554163,32.033822459218676,14377.837728554163,32.033822459218676,49661.73772855416,110.64635165921867,327,86,lpr:total_combined:bdpl,2.226329000439628,6.373670999560371
baseline_T,1.0,1700.0,,gen=45_member=7712_pso,50,14346.7,31.9644476,14346.7,31.9644476,2.20694,6.39306,14346.687350816374,31.96441941761888,14346.687350816374,31.96441941761888,49630.58735081638,110.57694861761888,327,86,lpr:total_combined:bdpl,2.206943643436204,6.393056356563795
baseline_T,1.0,1700.0,,gen=49_member=8286_pso,50,14311.4,31.885799199999997,14311.4,31.885799199999997,2.18552,6.414479999999999,14311.376485293918,31.88574680923485,14311.376485293918,31.88574680923485,49595.276485293914,110.49827600923484,327,86,lpr:total_combined:bdpl,2.1855188028063663,6.414481197193633
baseline_T,1.0,1700.0,,gen=47_member=7987_pso,50,14514.3,32.3378604,14514.3,32.3378604,2.30822,6.291779999999999,14514.340355287972,32.3379503115816,14514.340355287972,32.3379503115816,49798.240355287984,110.95047951158162,327,86,lpr:total_combined:bdpl,2.3082233922736415,6.291776607726359
baseline_T,1.0,1700.0,,gen=42_member=7104_pso,50,16665.4,37.1305112,16665.4,37.1305112,4.35228,4.247719999999999,16665.416399962523,37.1305477391165,16665.416399962523,37.1305477391165,51949.316399962525,115.7430769391165,327,86,lpr:total_combined:bdpl,4.352276475860758,4.247723524139242
baseline_T,1.0,1700.0,,gen=44_member=7536_pso,50,10532.7,23.466855600000002,10532.7,23.466855600000002,1.11985,7.48015,10532.695635614367,23.46684587614881,10532.695635614367,23.46684587614881,45816.595635614365,102.0793750761488,327,86,lpr:total_combined:bdpl,1.119851808944549,7.48014819105545
baseline_T,1.0,1700.0,,gen=38_member=6480_pso,50,14096.6,31.4072248,14096.6,31.4072248,2.07448,6.52552,14096.558826721668,31.407133065935877,14096.558826721668,31.407133065935877,49380.45882672166,110.01966226593586,327,86,lpr:total_combined:bdpl,2.0744810502582167,6.525518949741783
baseline_T,1.0,1700.0,,gen=43_member=7269_pso,50,16532.0,36.833296,16532.0,36.833296,4.14372,4.45628,16532.04655021134,36.83339971387087,16532.04655021134,36.83339971387087,51815.94655021134,115.44592891387086,327,86,lpr:total_combined:bdpl,4.14371619026555,4.456283809734449
baseline_T,1.0,1700.0,,gen=35_member=5948_pso,50,16640.0,37.07392,16640.0,37.07392,4.33924,4.260759999999999,16639.96688179718,37.07384621264411,16639.96688179718,37.07384621264411,51923.86688179718,115.68637541264411,327,86,lpr:total_combined:bdpl,4.339241874247068,4.260758125752932
baseline_T,1.0,1700.0,,gen=29_member=4871_pso,50,8008.75,17.843495,8008.75,17.843495,0.881544,7.718456,8008.750981927178,17.843497187733753,8008.750981927178,17.843497187733753,43292.65098192718,96.45602638773376,327,86,lpr:total_combined:bdpl,0.8815436349096046,7.718456365090395
baseline_T,1.0,1700.0,,gen=36_member=6031_pso,50,14065.7,31.3383796,14065.7,31.3383796,2.05415,6.54585,14065.705021342763,31.338390787551674,14065.705021342763,31.338390787551674,49349.605021342766,109.95091998755169,327,86,lpr:total_combined:bdpl,2.054152766640796,6.545847233359204
baseline_T,1.0,1700.0,,gen=39_member=6689_pso,50,13203.1,29.4165068,13203.1,29.4165068,1.67871,6.92129,13203.060227037015,29.416418185838467,13203.060227037015,29.416418185838467,48486.96022703701,108.02894738583845,327,86,lpr:total_combined:bdpl,1.6787094998114656,6.921290500188534
baseline_T,1.0,1700.0,,gen=46_member=7811_pso,50,13845.6,30.8479968,13845.6,30.8479968,1.95962,6.6403799999999995,13845.605065443775,30.84800808580873,13845.605065443775,30.84800808580873,49129.50506544377,109.46053728580873,327,86,lpr:total_combined:bdpl,1.9596188640199474,6.640381135980052
baseline_T,1.0,1700.0,,gen=36_member=6150_pso,50,13245.2,29.510305600000002,13245.2,29.510305600000002,1.71536,6.884639999999999,13245.184447487673,29.510270949002532,13245.184447487673,29.510270949002532,48529.08444748768,108.12280014900254,327,86,lpr:total_combined:bdpl,1.715362470532215,6.884637529467785
baseline_T,1.0,1700.0,,gen=28_member=4698_pso,50,8808.14,19.62453592,8808.14,19.62453592,0.948853,7.651147,8808.139466235341,19.62453473077234,8808.139466235341,19.62453473077234,44092.03946623534,98.23706393077234,327,86,lpr:total_combined:bdpl,0.9488534751048375,7.651146524895162
baseline_T,1.0,1700.0,,gen=45_member=7580_pso,50,13204.6,29.4198488,13204.6,29.4198488,1.6928,6.9072,13204.56632136084,29.41977376399195,13204.56632136084,29.41977376399195,48488.46632136084,108.03230296399194,327,86,lpr:total_combined:bdpl,1.692796757945654,6.907203242054345
baseline_T,1.0,1700.0,,gen=37_member=6318_pso,50,16318.9,36.3585092,16318.9,36.3585092,3.89263,4.707369999999999,16318.897656289148,36.35850397821222,16318.897656289148,36.35850397821222,51602.79765628914,114.97103317821221,327,86,lpr:total_combined:bdpl,3.8926304214774343,4.707369578522565
baseline_T,1.0,1700.0,,gen=39_member=6634_pso,50,16717.5,37.24659,16717.5,37.24659,4.3792,4.2208,16717.491001829752,37.24656995207669,16717.491001829752,37.24656995207669,52001.391001829754,115.8590991520767,327,86,lpr:total_combined:bdpl,4.3792013937893275,4.220798606210672
baseline_T,1.0,1700.0,,gen=46_member=7788_pso,50,14602.0,32.533256,14602.0,32.533256,2.35444,6.245559999999999,14601.962573339593,32.533172613400616,14601.962573339593,32.533172613400616,49885.86257333959,111.1457018134006,327,86,lpr:total_combined:bdpl,2.3544415896375157,6.245558410362484
baseline_T,1.0,1700.0,,gen=46_member=7881_pso,50,12205.1,27.1929628,12205.1,27.1929628,1.37653,7.22347,12205.054943994339,27.192862415219388,12205.054943994339,27.192862415219388,47488.95494399434,105.80539161521938,327,86,lpr:total_combined:bdpl,1.376534935137965,7.223465064862035
baseline_T,1.0,1700.0,,gen=27_member=4566_pso,50,15351.3,34.2026964,15351.3,34.2026964,2.87573,5.72427,15351.282202197252,34.20265674649548,15351.282202197252,34.20265674649548,50635.18220219726,112.8151859464955,327,86,lpr:total_combined:bdpl,2.87572560211735,5.72427439788265
baseline_T,1.0,1700.0,,gen=39_member=6698_pso,50,15045.0,33.52026,15045.0,33.52026,2.6497,5.9502999999999995,15044.951065128147,33.52015097310551,15044.951065128147,33.52015097310551,50328.851065128154,112.13268017310553,327,86,lpr:total_combined:bdpl,2.6497013934446474,5.950298606555352
baseline_T,1.0,1700.0,,gen=41_member=6986_pso,50,16053.7,35.7676436,16053.7,35.7676436,3.58673,5.0132699999999994,16053.70357045494,35.767651554973604,16053.70357045494,35.767651554973604,51337.60357045494,114.38018075497361,327,86,lpr:total_combined:bdpl,3.586730385344672,5.013269614655328
baseline_T,1.0,1700.0,,gen=41_member=6973_pso,50,15780.7,35.1593996,15780.7,35.1593996,3.28388,5.31612,15780.734547738595,35.15947657236159,15780.734547738595,35.15947657236159,51064.63454773859,113.77200577236158,327,86,lpr:total_combined:bdpl,3.283884959892168,5.316115040107832
baseline_T,1.0,1700.0,,gen=27_member=4568_pso,50,14613.4,32.5586552,14613.4,32.5586552,2.37042,6.2295799999999995,14613.413220266508,32.558684654753776,14613.413220266508,32.558684654753776,49897.31322026651,111.17121385475377,327,86,lpr:total_combined:bdpl,2.370423148131909,6.2295768518680905
baseline_T,1.0,1700.0,,gen=37_member=6357_pso,50,14643.5,32.625718,14643.5,32.625718,2.3887,6.2113,14643.504761078875,32.62572860768373,14643.504761078875,32.62572860768373,49927.40476107888,111.23825780768374,327,86,lpr:total_combined:bdpl,2.388702197214058,6.211297802785942
baseline_T,1.0,1700.0,,gen=47_member=8006_pso,50,16499.7,36.7613316,16499.7,36.7613316,4.09604,4.503959999999999,16499.734213834963,36.761407828424296,16499.734213834963,36.761407828424296,51783.63421383497,115.37393702842431,327,86,lpr:total_combined:bdpl,4.096041808260816,4.5039581917391835
baseline_T,1.0,1700.0,,gen=41_member=6898_pso,50,14133.5,31.489438,14133.5,31.489438,2.11934,6.48066,14133.504426913009,31.489447863162184,14133.504426913009,31.489447863162184,49417.40442691301,110.10197706316218,327,86,lpr:total_combined:bdpl,2.119335855423188,6.480664144576812
baseline_T,1.0,1700.0,,gen=39_member=6668_pso,50,15230.3,33.933108399999995,15230.3,33.933108399999995,2.77099,5.82901,15230.26519153545,33.933030846740984,15230.26519153545,33.933030846740984,50514.16519153546,112.545560046741,327,86,lpr:total_combined:bdpl,2.7709912319006165,5.829008768099383
baseline_T,1.0,1700.0,,gen=48_member=8200_pso,50,15660.1,34.8907028,15660.1,34.8907028,3.16725,5.4327499999999995,15660.146236410963,34.89080581472363,15660.146236410963,34.89080581472363,50944.04623641097,113.50333501472363,327,86,lpr:total_combined:bdpl,3.1672458805732453,5.432754119426754
baseline_T,1.0,1700.0,,gen=32_member=5452_pso,50,15640.7,34.8474796,15640.7,34.8474796,3.14182,5.45818,15640.722863580324,34.84753054005696,15640.722863580324,34.84753054005696,50924.62286358033,113.46005974005696,327,86,lpr:total_combined:bdpl,3.141817552171591,5.458182447828408
baseline_T,1.0,1700.0,,gen=44_member=7522_pso,50,14884.7,33.1631116,14884.7,33.1631116,2.53937,6.06063,14884.701819910384,33.16311565476033,14884.701819910384,33.16311565476033,50168.601819910386,111.77564485476033,327,86,lpr:total_combined:bdpl,2.539368247581174,6.060631752418826
baseline_T,1.0,1700.0,,gen=45_member=7699_pso,50,11522.2,25.6714616,11522.2,25.6714616,1.28466,7.31534,11522.20136864902,25.671464649350018,11522.20136864902,25.671464649350018,46806.101368649026,104.28399384935003,327,86,lpr:total_combined:bdpl,1.2846600959013812,7.315339904098618
baseline_T,1.0,1700.0,,gen=38_member=6478_pso,50,15834.2,35.2785976,15834.2,35.2785976,3.35376,5.24624,15834.191680400947,35.27857906393331,15834.191680400947,35.27857906393331,51118.09168040095,113.8911082639333,327,86,lpr:total_combined:bdpl,3.3537617018742854,5.246238298125714
baseline_T,1.0,1700.0,,gen=48_member=8105_pso,50,16406.1,36.5527908,16406.1,36.5527908,3.9902,4.6098,16406.073055909445,36.55273076856624,16406.073055909445,36.55273076856624,51689.97305590944,115.16525996856623,327,86,lpr:total_combined:bdpl,3.9901981205782486,4.609801879421751
baseline_T,1.0,1700.0,,gen=47_member=7995_pso,50,16381.3,36.497536399999994,16381.3,36.497536399999994,3.97511,4.62489,16381.259627355992,36.49744644974915,16381.259627355992,36.49744644974915,51665.159627356,115.10997564974916,327,86,lpr:total_combined:bdpl,3.975106482748441,4.624893517251559
baseline_T,1.0,1700.0,,gen=38_member=6507_pso,50,16267.1,36.2430988,16267.1,36.2430988,3.82686,4.77314,16267.088099218125,36.243072285057984,16267.088099218125,36.243072285057984,51550.98809921813,114.85560148505799,327,86,lpr:total_combined:bdpl,3.8268570564980315,4.773142943501968
baseline_T,1.0,1700.0,,gen=47_member=8017_pso,50,11819.3,26.3334004,11819.3,26.3334004,1.31111,7.288889999999999,11819.264501780224,26.33332130996634,11819.264501780224,26.33332130996634,47103.16450178022,104.94585050996633,327,86,lpr:total_combined:bdpl,1.3111126222085394,7.28888737779146
baseline_T,1.0,1700.0,,gen=28_member=4806_pso,50,16308.5,36.335338,16308.5,36.335338,3.87574,4.724259999999999,16308.51123183826,36.335363024535646,16308.51123183826,36.335363024535646,51592.41123183826,114.94789222453565,327,86,lpr:total_combined:bdpl,3.8757359184083398,4.7242640815916594
baseline_T,1.0,1700.0,,gen=33_member=5559_pso,50,14427.3,32.1440244,14427.3,32.1440244,2.27771,6.32229,14427.319973690128,32.1440689013816,14427.319973690128,32.1440689013816,49711.219973690124,110.7565981013816,327,86,lpr:total_combined:bdpl,2.27770616129014,6.322293838709859
baseline_T,1.0,1700.0,,gen=28_member=4728_pso,50,11249.5,25.063886,11249.5,25.063886,1.21593,7.3840699999999995,11249.486499062943,25.063855919912235,11249.486499062943,25.063855919912235,46533.38649906294,103.67638511991223,327,86,lpr:total_combined:bdpl,1.215931183468382,7.3840688165316175
baseline_T,1.0,1700.0,,gen=30_member=4999_pso,50,15254.9,33.9879172,15254.9,33.9879172,2.78942,5.81058,15254.91262255548,33.98794532305361,15254.91262255548,33.98794532305361,50538.81262255549,112.60047452305362,327,86,lpr:total_combined:bdpl,2.7894244899895115,5.810575510010488
baseline_T,1.0,1700.0,,gen=47_member=7949_pso,50,13944.8,31.069014399999997,13944.8,31.069014399999997,1.99378,6.6062199999999995,13944.77940294954,31.068968509771572,13944.77940294954,31.068968509771572,49228.67940294954,109.68149770977158,327,86,lpr:total_combined:bdpl,1.9937752885784714,6.606224711421528
baseline_T,1.0,1700.0,,gen=37_member=6216_pso,50,15601.9,34.7610332,15601.9,34.7610332,3.104,5.4959999999999996,15601.936976690431,34.76111558406628,15601.936976690431,34.76111558406628,50885.836976690436,113.37364478406629,327,86,lpr:total_combined:bdpl,3.1039998368234114,5.496000163176588
baseline_T,1.0,1700.0,,gen=35_member=5892_pso,50,15092.0,33.624976,15092.0,33.624976,2.6693,5.9307,15092.015105478502,33.6250096550061,15092.015105478502,33.6250096550061,50375.9151054785,112.23753885500611,327,86,lpr:total_combined:bdpl,2.669301284000799,5.930698715999201
baseline_T,1.0,1700.0,,gen=47_member=7933_pso,50,11893.9,26.4996092,11893.9,26.4996092,1.3367,7.263299999999999,11893.882263459565,26.49956968298791,11893.882263459565,26.49956968298791,47177.782263459565,105.11209888298791,327,86,lpr:total_combined:bdpl,1.336698211855586,7.263301788144414
baseline_T,1.0,1700.0,,gen=42_member=7127_pso,50,14893.7,33.1831636,14893.7,33.1831636,2.56094,6.039059999999999,14893.657379778431,33.183068642146345,14893.657379778431,33.183068642146345,50177.55737977844,111.79559784214636,327,86,lpr:total_combined:bdpl,2.5609438201383607,6.039056179861639
baseline_T,1.0,1700.0,,gen=46_member=7815_pso,50,13559.1,30.2096748,13559.1,30.2096748,1.82093,6.77907,13559.066630856349,30.209600453547942,13559.066630856349,30.209600453547942,48842.96663085636,108.82212965354798,327,86,lpr:total_combined:bdpl,1.8209316870333607,6.779068312966639
baseline_T,1.0,1700.0,,gen=41_member=6988_pso,50,12538.2,27.9351096,12538.2,27.9351096,1.48478,7.11522,12538.193064579598,27.935094147883344,12538.193064579598,27.935094147883344,47822.0930645796,106.54762334788336,327,86,lpr:total_combined:bdpl,1.4847806569614805,7.115219343038519
baseline_T,1.0,1700.0,,gen=39_member=6630_pso,50,14491.3,32.2866164,14491.3,32.2866164,2.28023,6.31977,14491.328524086413,32.28667995166453,14491.328524086413,32.28667995166453,49775.228524086415,110.89920915166454,327,86,lpr:total_combined:bdpl,2.280231493565503,6.319768506434497
baseline_T,1.0,1700.0,,gen=46_member=7750_pso,50,14971.9,33.3573932,14971.9,33.3573932,2.61481,5.985189999999999,14971.891033752743,33.35737322320111,14971.891033752743,33.35737322320111,50255.79103375274,111.9699024232011,327,86,lpr:total_combined:bdpl,2.6148133674398326,5.985186632560167
baseline_T,1.0,1700.0,,gen=47_member=8066_pso,50,16223.2,36.1452896,16223.2,36.1452896,3.76811,4.83189,16223.187875550122,36.14526258672567,16223.187875550122,36.14526258672567,51507.087875550125,114.75779178672568,327,86,lpr:total_combined:bdpl,3.7681126270390246,4.831887372960975
baseline_T,1.0,1700.0,,gen=49_member=8375_pso,50,14818.0,33.014504,14818.0,33.014504,2.48535,6.114649999999999,14817.964371820362,33.01442462041577,14817.964371820362,33.01442462041577,50101.86437182037,111.62695382041578,327,86,lpr:total_combined:bdpl,2.4853491554079423,6.114650844592058
baseline_T,1.0,1700.0,,gen=48_member=8129_pso,50,16442.3,36.633444399999995,16442.3,36.633444399999995,4.0627,4.537299999999999,16442.340169660216,36.63353389800296,16442.340169660216,36.63353389800296,51726.24016966022,115.24606309800296,327,86,lpr:total_combined:bdpl,4.06270361545497,4.53729638454503
baseline_T,1.0,1700.0,,gen=39_member=6585_pso,50,15611.7,34.7828676,15611.7,34.7828676,3.109,5.491,15611.724318029006,34.78292178056862,15611.724318029006,34.78292178056862,50895.624318029004,113.39545098056861,327,86,lpr:total_combined:bdpl,3.109000659648074,5.490999340351926
baseline_T,1.0,1700.0,,gen=47_member=8011_pso,50,15763.6,35.1213008,15763.6,35.1213008,3.26403,5.33597,15763.568134403567,35.12122980345115,15763.568134403567,35.12122980345115,51047.46813440356,113.73375900345114,327,86,lpr:total_combined:bdpl,3.2640326550202103,5.335967344979789
baseline_T,1.0,1700.0,,gen=40_member=6726_pso,50,14022.7,31.242575600000002,14022.7,31.242575600000002,2.03707,6.56293,14022.673945080709,31.242517549639818,14022.673945080709,31.242517549639818,49306.573945080716,109.85504674963983,327,86,lpr:total_combined:bdpl,2.037067297747835,6.562932702252165
baseline_T,1.0,1700.0,,gen=44_member=7543_pso,50,15793.1,35.1870268,15793.1,35.1870268,3.29833,5.30167,15793.113093985892,35.18705597340057,15793.113093985892,35.18705597340057,51077.013093985894,113.79958517340057,327,86,lpr:total_combined:bdpl,3.298334361468742,5.301665638531258
baseline_T,1.0,1700.0,,gen=43_member=7287_pso,50,15101.7,33.646587600000004,15101.7,33.646587600000004,2.68124,5.91876,15101.690014577971,33.64656535247972,15101.690014577971,33.64656535247972,50385.590014577974,112.25909455247972,327,86,lpr:total_combined:bdpl,2.6812389897553146,5.918761010244685
baseline_T,1.0,1700.0,,gen=41_member=6982_pso,50,16283.1,36.2787468,16283.1,36.2787468,3.84028,4.75972,16283.064981478177,36.278668778733376,16283.064981478177,36.278668778733376,51566.96498147818,114.89119797873339,327,86,lpr:total_combined:bdpl,3.8402820549687466,4.7597179450312534
baseline_T,1.0,1700.0,,gen=33_member=5577_pso,50,15260.9,34.0012852,15260.9,34.0012852,2.80281,5.79719,15260.94157016557,34.00137781832889,15260.94157016557,34.00137781832889,50544.841570165576,112.6139070183289,327,86,lpr:total_combined:bdpl,2.802809316052238,5.797190683947761
baseline_T,1.0,1700.0,,gen=48_member=8183_pso,50,15577.1,34.7057788,15577.1,34.7057788,3.0773,5.5226999999999995,15577.141847863264,34.70587203703935,15577.141847863264,34.70587203703935,50861.041847863264,113.31840123703935,327,86,lpr:total_combined:bdpl,3.077297589094499,5.5227024109055005
baseline_T,1.0,1700.0,,gen=48_member=8234_pso,50,10674.1,23.7818948,10674.1,23.7818948,1.1268,7.473199999999999,10674.119116177168,23.781937390842728,10674.119116177168,23.781937390842728,45958.019116177165,102.39446659084273,327,86,lpr:total_combined:bdpl,1.1267995679231435,7.473200432076856
baseline_T,1.0,1700.0,,gen=42_member=7080_pso,50,15807.1,35.2182188,15807.1,35.2182188,3.313,5.286999999999999,15807.088577057604,35.21819334968434,15807.088577057604,35.21819334968434,51090.9885770576,113.83072254968432,327,86,lpr:total_combined:bdpl,3.312997349575764,5.287002650424236
baseline_T,1.0,1700.0,,gen=47_member=8007_pso,50,15320.8,34.1347424,15320.8,34.1347424,2.85212,5.747879999999999,15320.782276947786,34.13470291303967,15320.782276947786,34.13470291303967,50604.68227694779,112.74723211303967,327,86,lpr:total_combined:bdpl,2.8521192952616707,5.7478807047383285
baseline_T,1.0,1700.0,,gen=35_member=5961_pso,50,16551.7,36.8771876,16551.7,36.8771876,4.16397,4.43603,16551.734490675884,36.87726444522587,16551.734490675884,36.87726444522587,51835.63449067588,115.48979364522586,327,86,lpr:total_combined:bdpl,4.163974337028345,4.436025662971654
baseline_T,1.0,1700.0,,gen=31_member=5281_pso,50,14863.4,33.1156552,14863.4,33.1156552,2.52766,6.07234,14863.418734835777,33.11569694121411,14863.418734835777,33.11569694121411,50147.31873483578,111.72822614121412,327,86,lpr:total_combined:bdpl,2.527655550535176,6.072344449464824
baseline_T,1.0,1700.0,,gen=44_member=7417_pso,50,12585.3,28.040048399999996,12585.3,28.040048399999996,1.50233,7.09767,12585.311013544637,28.04007293817745,12585.311013544637,28.04007293817745,47869.21101354464,106.65260213817746,327,86,lpr:total_combined:bdpl,1.5023341028356045,7.097665897164395
baseline_T,1.0,1700.0,,gen=32_member=5429_pso,50,16254.3,36.214580399999996,16254.3,36.214580399999996,3.8078,4.792199999999999,16254.307690857053,36.214597535229515,16254.307690857053,36.214597535229515,51538.20769085706,114.82712673522953,327,86,lpr:total_combined:bdpl,3.8077971403894884,4.792202859610511
baseline_T,1.0,1700.0,,gen=37_member=6347_pso,50,16006.7,35.6629276,16006.7,35.6629276,3.52921,5.07079,16006.74941480162,35.66303769617801,16006.74941480162,35.66303769617801,51290.64941480162,114.275566896178,327,86,lpr:total_combined:bdpl,3.5292051773858613,5.070794822614138
baseline_T,1.0,1700.0,,gen=42_member=7094_pso,50,14687.6,32.7239728,14687.6,32.7239728,2.40462,6.19538,14687.596248986823,32.72396444274264,14687.596248986823,32.72396444274264,49971.49624898683,111.33649364274265,327,86,lpr:total_combined:bdpl,2.4046240815079276,6.195375918492072
baseline_T,1.0,1700.0,,gen=45_member=7577_pso,50,14967.9,33.348481199999995,14967.9,33.348481199999995,2.59343,6.00657,14967.943504616955,33.348578128286576,14967.943504616955,33.348578128286576,50251.843504616954,111.96110732828657,327,86,lpr:total_combined:bdpl,2.593432230219679,6.006567769780321
baseline_T,1.0,1700.0,,gen=38_member=6402_pso,50,13694.7,30.511791600000002,13694.7,30.511791600000002,1.8927,6.7073,13694.73076532031,30.51186014513365,13694.73076532031,30.51186014513365,48978.63076532031,109.12438934513365,327,86,lpr:total_combined:bdpl,1.8927029265017545,6.707297073498245
baseline_T,1.0,1700.0,,gen=31_member=5196_pso,50,16676.0,37.154128,16676.0,37.154128,4.37901,4.22099,16675.958849814047,37.154036317385696,16675.958849814047,37.154036317385696,51959.858849814045,115.76656551738569,327,86,lpr:total_combined:bdpl,4.3790099839992,4.220990016000799
baseline_T,1.0,1700.0,,gen=41_member=6995_pso,50,14837.6,33.0581728,14837.6,33.0581728,2.50823,6.0917699999999995,14837.570726495329,33.05810757863159,14837.570726495329,33.05810757863159,50121.47072649533,111.6706367786316,327,86,lpr:total_combined:bdpl,2.5082290688344937,6.091770931165506
baseline_T,1.0,1700.0,,gen=39_member=6611_pso,50,16111.4,35.8961992,16111.4,35.8961992,3.66312,4.9368799999999995,16111.415109359916,35.89623286365389,16111.415109359916,35.89623286365389,51395.31510935992,114.5087620636539,327,86,lpr:total_combined:bdpl,3.663118269814579,4.936881730185421
baseline_T,1.0,1700.0,,gen=49_member=8310_pso,50,13661.0,30.436708,13661.0,30.436708,1.88142,6.718579999999999,13661.02759812645,30.43676948862573,13661.02759812645,30.43676948862573,48944.92759812645,109.04929868862573,327,86,lpr:total_combined:bdpl,1.8814224001312523,6.718577599868747
baseline_T,1.0,1700.0,,gen=41_member=6917_pso,50,13780.4,30.7027312,13780.4,30.7027312,1.93448,6.66552,13780.37222911001,30.7026693264571,13780.37222911001,30.7026693264571,49064.27222911001,109.3151985264571,327,86,lpr:total_combined:bdpl,1.9344802970633985,6.665519702936601
baseline_T,1.0,1700.0,,gen=42_member=7156_pso,50,13739.0,30.610492,13739.0,30.610492,1.91823,6.681769999999999,13739.008396905621,30.610510708305725,13739.008396905621,30.610510708305725,49022.90839690562,109.22303990830572,327,86,lpr:total_combined:bdpl,1.9182267449739134,6.681773255026086
baseline_T,1.0,1700.0,,gen=29_member=4898_pso,50,16125.3,35.9271684,16125.3,35.9271684,3.68037,4.91963,16125.301559230968,35.92717187396659,16125.301559230968,35.92717187396659,51409.20155923097,114.5397010739666,327,86,lpr:total_combined:bdpl,3.680374002125098,4.919625997874902
baseline_T,1.0,1700.0,,gen=47_member=7961_pso,50,14730.0,32.81844,14730.0,32.81844,2.42627,6.173729999999999,14730.012146888746,32.81846706326812,14730.012146888746,32.81846706326812,50013.912146888746,111.43099626326813,327,86,lpr:total_combined:bdpl,2.4262709560882163,6.173729043911783
baseline_T,1.0,1700.0,,gen=31_member=5213_pso,50,15428.5,34.374698,15428.5,34.374698,2.94698,5.65302,15428.455961253789,34.37459988167344,15428.455961253789,34.37459988167344,50712.355961253794,112.98712908167344,327,86,lpr:total_combined:bdpl,2.9469766581836145,5.653023341816385
baseline_T,1.0,1700.0,,gen=33_member=5529_pso,50,8227.03,18.329822840000002,8227.03,18.329822840000002,0.902294,7.697705999999999,8227.030860635094,18.32982475749499,8227.030860635094,18.32982475749499,43510.93086063509,96.94235395749497,327,86,lpr:total_combined:bdpl,0.9022937938185509,7.697706206181449
baseline_T,1.0,1700.0,,gen=41_member=6902_pso,50,13298.2,29.628389600000002,13298.2,29.628389600000002,1.72975,6.8702499999999995,13298.183781588383,29.628353465378915,13298.183781588383,29.628353465378915,48582.083781588386,108.24088266537892,327,86,lpr:total_combined:bdpl,1.7297505883192235,6.870249411680776
baseline_T,1.0,1700.0,,gen=43_member=7373_pso,50,13719.4,30.566823199999998,13719.4,30.566823199999998,1.90841,6.69159,13719.442299345397,30.566917442941545,13719.442299345397,30.566917442941545,49003.3422993454,109.17944664294156,327,86,lpr:total_combined:bdpl,1.908406212310852,6.691593787689148
baseline_T,1.0,1700.0,,gen=43_member=7354_pso,50,16322.1,36.3656388,16322.1,36.3656388,3.91205,4.68795,16322.064352041016,36.365559376347385,16322.064352041016,36.365559376347385,51605.96435204102,114.97808857634739,327,86,lpr:total_combined:bdpl,3.912045083841329,4.68795491615867
baseline_T,1.0,1700.0,,gen=48_member=8255_pso,50,8389.62,18.692073360000002,8389.62,18.692073360000002,0.907206,7.692793999999999,8389.62313027835,18.692080334260165,8389.62313027835,18.692080334260165,43673.52313027835,97.30460953426017,327,86,lpr:total_combined:bdpl,0.9072063929299553,7.692793607070044
baseline_T,1.0,1700.0,,gen=38_member=6443_pso,50,14215.1,31.6712428,14215.1,31.6712428,2.14746,6.452539999999999,14215.060461212095,31.67115470758055,14215.060461212095,31.67115470758055,49498.96046121209,110.28368390758054,327,86,lpr:total_combined:bdpl,2.1474636576256336,6.452536342374366
baseline_T,1.0,1700.0,,gen=47_member=7988_pso,50,13810.5,30.769794,13810.5,30.769794,1.94462,6.655379999999999,13810.50045206574,30.769795007202468,13810.50045206574,30.769795007202468,49094.40045206575,109.38232420720249,327,86,lpr:total_combined:bdpl,1.9446224455793006,6.655377554420699
baseline_T,1.0,1700.0,,gen=37_member=6360_pso,50,12592.5,28.05609,12592.5,28.05609,1.51193,7.08807,12592.465798778729,28.056013799679008,12592.465798778729,28.056013799679008,47876.36579877873,106.668542999679,327,86,lpr:total_combined:bdpl,1.5119307530994452,7.088069246900554
baseline_T,1.0,1700.0,,gen=48_member=8171_pso,50,15706.5,34.994082,15706.5,34.994082,3.20978,5.390219999999999,15706.47949553654,34.99403631605541,15706.47949553654,34.99403631605541,50990.379495536545,113.60656551605543,327,86,lpr:total_combined:bdpl,3.2097832134087616,5.390216786591238
baseline_T,1.0,1700.0,,gen=45_member=7732_pso,50,12671.5,28.232101999999998,12671.5,28.232101999999998,1.52704,7.07296,12671.531237221081,28.232171596528566,12671.531237221081,28.232171596528566,47955.431237221084,106.84470079652857,327,86,lpr:total_combined:bdpl,1.5270430343618207,7.072956965638179
baseline_T,1.0,1700.0,,gen=35_member=5956_pso,50,15295.1,34.0774828,15295.1,34.0774828,2.82984,5.77016,15295.06529382526,34.07740547464268,15295.06529382526,34.07740547464268,50578.96529382527,112.6899346746427,327,86,lpr:total_combined:bdpl,2.8298424505292394,5.77015754947076
baseline_T,1.0,1700.0,,gen=45_member=7623_pso,50,12059.2,26.867897600000003,12059.2,26.867897600000003,1.35875,7.24125,12059.195071560269,26.867886619436277,12059.195071560269,26.867886619436277,47343.09507156027,105.48041581943627,327,86,lpr:total_combined:bdpl,1.3587454728667916,7.241254527133208
baseline_T,1.0,1700.0,,gen=34_member=5765_pso,50,13879.4,30.9233032,13879.4,30.9233032,1.98173,6.61827,13879.43726821899,30.92338623359191,13879.43726821899,30.92338623359191,49163.33726821899,109.5359154335919,327,86,lpr:total_combined:bdpl,1.9817261402621529,6.6182738597378465
baseline_T,1.0,1700.0,,gen=38_member=6501_pso,50,14540.6,32.3964568,14540.6,32.3964568,2.32041,6.27959,14540.551853986875,32.396349530682755,14540.551853986875,32.396349530682755,49824.45185398688,111.00887873068277,327,86,lpr:total_combined:bdpl,2.3204104251195217,6.279589574880478
baseline_T,1.0,1700.0,,gen=48_member=8203_pso,50,14566.4,32.4539392,14566.4,32.4539392,2.33521,6.26479,14566.356046952307,32.453841272609736,14566.356046952307,32.453841272609736,49850.25604695231,111.06637047260975,327,86,lpr:total_combined:bdpl,2.3352127973438446,6.264787202656155
baseline_T,1.0,1700.0,,gen=47_member=7974_pso,50,15728.2,35.0424296,15728.2,35.0424296,3.23167,5.36833,15728.172715565946,35.04236881028093,15728.172715565946,35.04236881028093,51012.07271556595,113.65489801028093,327,86,lpr:total_combined:bdpl,3.231672181574875,5.368327818425125
baseline_T,1.0,1700.0,,gen=42_member=7123_pso,50,15438.4,34.3967552,15438.4,34.3967552,2.95964,5.640359999999999,15438.39547542165,34.396745119239434,15438.39547542165,34.396745119239434,50722.29547542165,113.00927431923942,327,86,lpr:total_combined:bdpl,2.9596390707578255,5.640360929242174
baseline_T,1.0,1700.0,,gen=30_member=5110_pso,50,16335.4,36.395271199999996,16335.4,36.395271199999996,3.93251,4.667489999999999,16335.435090930767,36.39534938259375,16335.435090930767,36.39534938259375,51619.33509093076,115.00787858259373,327,86,lpr:total_combined:bdpl,3.932509378217297,4.667490621782703
baseline_T,1.0,1700.0,,gen=40_member=6879_pso,50,15945.0,35.52546,15945.0,35.52546,3.47595,5.1240499999999995,15945.008100721881,35.52547804840835,15945.008100721881,35.52547804840835,51228.908100721885,114.13800724840836,327,86,lpr:total_combined:bdpl,3.475950463907369,5.124049536092631
baseline_T,1.0,1700.0,,gen=31_member=5217_pso,50,16361.0,36.452308,16361.0,36.452308,3.94088,4.65912,16360.980598554985,36.4522647735805,16360.980598554985,36.4522647735805,51644.880598554984,115.0647939735805,327,86,lpr:total_combined:bdpl,3.9408802762959994,4.659119723704
baseline_T,1.0,1700.0,,gen=42_member=7215_pso,50,15674.4,34.9225632,15674.4,34.9225632,3.17583,5.42417,15674.387627786611,34.92253563470857,15674.387627786611,34.92253563470857,50958.287627786616,113.53506483470858,327,86,lpr:total_combined:bdpl,3.175829157195778,5.424170842804221
baseline_T,1.0,1700.0,,gen=37_member=6211_pso,50,9271.3,20.656456399999996,9271.3,20.656456399999996,1.01369,7.586309999999999,9271.299509893095,20.656455308041814,9271.299509893095,20.656455308041814,44555.19950989309,99.26898450804181,327,86,lpr:total_combined:bdpl,1.0136914070123024,7.586308592987697
baseline_T,1.0,1700.0,,gen=40_member=6803_pso,50,15180.6,33.8223768,15180.6,33.8223768,2.72359,5.87641,15180.574960862323,33.822321012801254,15180.574960862323,33.822321012801254,50464.474960862324,112.43485021280125,327,86,lpr:total_combined:bdpl,2.7235943155761655,5.876405684423834
baseline_T,1.0,1700.0,,gen=30_member=5155_pso,50,15314.6,34.1209288,15314.6,34.1209288,2.84803,5.75197,15314.6091366603,34.12094915647915,15314.6091366603,34.12094915647915,50598.5091366603,112.73347835647915,327,86,lpr:total_combined:bdpl,2.848031611013018,5.751968388986981
baseline_T,1.0,1700.0,,gen=32_member=5405_pso,50,12507.4,27.866487199999998,12507.4,27.866487199999998,1.47179,7.128209999999999,12507.42212895277,27.866536503306772,12507.42212895277,27.866536503306772,47791.32212895277,106.47906570330677,327,86,lpr:total_combined:bdpl,1.4717926599847913,7.128207340015209
baseline_T,1.0,1700.0,,gen=37_member=6224_pso,50,15818.8,35.2442864,15818.8,35.2442864,3.32624,5.273759999999999,15818.827113865758,35.24434680969291,15818.827113865758,35.24434680969291,51102.72711386576,113.85687600969291,327,86,lpr:total_combined:bdpl,3.326237167132866,5.273762832867133
baseline_T,1.0,1700.0,,gen=36_member=6188_pso,50,11914.3,26.545060399999997,11914.3,26.545060399999997,1.34227,7.25773,11914.289507364341,26.54503702240775,11914.289507364341,26.54503702240775,47198.18950736434,105.15756622240775,327,86,lpr:total_combined:bdpl,1.342270068175498,7.257729931824501
baseline_T,1.0,1700.0,,gen=44_member=7508_pso,50,15723.0,35.030844,15723.0,35.030844,3.22133,5.37867,15722.957329140567,35.030748929325185,15722.957329140567,35.030748929325185,51006.85732914056,113.64327812932517,327,86,lpr:total_combined:bdpl,3.2213251018364017,5.378674898163598
baseline_T,1.0,1700.0,,gen=48_member=8233_pso,50,15563.9,34.676369199999996,15563.9,34.676369199999996,3.06245,5.5375499999999995,15563.920118825237,34.67641402474263,15563.920118825237,34.67641402474263,50847.82011882524,113.28894322474264,327,86,lpr:total_combined:bdpl,3.0624463998642413,5.537553600135759
baseline_T,1.0,1700.0,,gen=27_member=4602_pso,50,14153.5,31.533998,14153.5,31.533998,2.12737,6.47263,14153.529232204079,31.534063129350688,14153.529232204079,31.534063129350688,49437.429232204086,110.1465923293507,327,86,lpr:total_combined:bdpl,2.1273719794301997,6.4726280205698
baseline_T,1.0,1700.0,,gen=34_member=5714_pso,50,15839.1,35.2895148,15839.1,35.2895148,3.37452,5.225479999999999,15839.05868600859,35.289422752427136,15839.05868600859,35.289422752427136,51122.9586860086,113.90195195242715,327,86,lpr:total_combined:bdpl,3.3745240137867936,5.2254759862132065
baseline_T,1.0,1700.0,,gen=33_member=5592_pso,50,14769.2,32.9057776,14769.2,32.9057776,2.46009,6.1399099999999995,14769.21506929919,32.90581117439859,14769.21506929919,32.90581117439859,50053.115069299194,111.5183403743986,327,86,lpr:total_combined:bdpl,2.4600901846108965,6.139909815389103
baseline_T,1.0,1700.0,,gen=46_member=7897_pso,50,15556.6,34.6601048,15556.6,34.6601048,3.05438,5.5456199999999995,15556.559573516579,34.66001472979494,15556.559573516579,34.66001472979494,50840.459573516586,113.27254392979495,327,86,lpr:total_combined:bdpl,3.054383085197773,5.545616914802227
baseline_T,1.0,1700.0,,gen=44_member=7516_pso,50,16207.0,36.109196,16207.0,36.109196,3.75377,4.84623,16206.968278414042,36.10912532430648,16206.968278414042,36.10912532430648,51490.86827841404,114.72165452430647,327,86,lpr:total_combined:bdpl,3.753768229615384,4.846231770384616
baseline_T,1.0,1700.0,,gen=47_member=8023_pso,50,16192.0,36.075776,16192.0,36.075776,3.73629,4.863709999999999,16191.9604560465,36.0756878960716,16191.9604560465,36.0756878960716,51475.86045604651,114.68821709607163,327,86,lpr:total_combined:bdpl,3.736287275768742,4.863712724231258
baseline_T,1.0,1700.0,,gen=43_member=7367_pso,50,16098.1,35.8665668,16098.1,35.8665668,3.64645,4.95355,16098.09628701876,35.86655852747779,16098.09628701876,35.86655852747779,51381.99628701876,114.47908772747779,327,86,lpr:total_combined:bdpl,3.646452731121315,4.953547268878685
baseline_T,1.0,1700.0,,gen=41_member=6969_pso,50,15266.6,34.0139848,15266.6,34.0139848,2.81773,5.78227,15266.646813624207,34.01408910075473,15266.646813624207,34.01408910075473,50550.54681362421,112.62661830075474,327,86,lpr:total_combined:bdpl,2.8177336383909917,5.7822663616090075
baseline_T,1.0,1700.0,,gen=34_member=5825_pso,50,9733.98,21.687307439999998,9733.98,21.687307439999998,1.03166,7.568339999999999,9733.975659993357,21.6872977704652,9733.975659993357,21.6872977704652,45017.875659993355,100.29982697046519,327,86,lpr:total_combined:bdpl,1.031660987734052,7.568339012265948
baseline_T,1.0,1700.0,,gen=40_member=6799_pso,50,15687.9,34.952641199999995,15687.9,34.952641199999995,3.18988,5.410119999999999,15687.949699705103,34.952751930942966,15687.949699705103,34.952751930942966,50971.849699705104,113.56528113094296,327,86,lpr:total_combined:bdpl,3.189877173659776,5.410122826340224
baseline_T,1.0,1700.0,,gen=36_member=6120_pso,50,16139.2,35.9581376,16139.2,35.9581376,3.68918,4.910819999999999,16139.15162866115,35.95802982865704,16139.15162866115,35.95802982865704,51423.05162866115,114.57055902865704,327,86,lpr:total_combined:bdpl,3.6891823362554983,4.910817663744501
baseline_T,1.0,1700.0,,gen=43_member=7295_pso,50,15941.1,35.5167708,15941.1,35.5167708,3.46262,5.13738,15941.14383063602,35.51686845465705,15941.14383063602,35.51686845465705,51225.043830636016,114.12939765465704,327,86,lpr:total_combined:bdpl,3.462616051819169,5.1373839481808306
baseline_T,1.0,1700.0,,gen=37_member=6202_pso,50,13359.8,29.765634399999996,13359.8,29.765634399999996,1.7877,6.8123,13359.772239052654,29.765572548609313,13359.772239052654,29.765572548609313,48643.672239052656,108.37810174860931,327,86,lpr:total_combined:bdpl,1.7876984758523486,6.812301524147651
baseline_T,1.0,1700.0,,gen=41_member=6991_pso,50,16334.6,36.3934888,16334.6,36.3934888,3.91812,4.68188,16334.551761594965,36.393381324833584,16334.551761594965,36.393381324833584,51618.451761594966,115.00591052483358,327,86,lpr:total_combined:bdpl,3.9181165555809114,4.681883444419088
baseline_T,1.0,1700.0,,gen=34_member=5786_pso,50,16022.6,35.6983528,16022.6,35.6983528,3.5556,5.0443999999999996,16022.646519083562,35.69845644451818,16022.646519083562,35.69845644451818,51306.54651908357,114.31098564451818,327,86,lpr:total_combined:bdpl,3.5555964069787223,5.044403593021277
baseline_T,1.0,1700.0,,gen=46_member=7820_pso,50,16095.3,35.8603284,16095.3,35.8603284,3.63264,4.967359999999999,16095.32201165358,35.860377441964175,16095.32201165358,35.860377441964175,51379.22201165358,114.47290664196417,327,86,lpr:total_combined:bdpl,3.6326419104411802,4.96735808955882
baseline_T,1.0,1700.0,,gen=49_member=8399_pso,50,16091.5,35.851862,16091.5,35.851862,3.62622,4.97378,16091.479461235027,35.85181623963164,16091.479461235027,35.85181623963164,51375.37946123503,114.46434543963164,327,86,lpr:total_combined:bdpl,3.626218563359731,4.973781436640269
baseline_T,1.0,1700.0,,gen=34_member=5808_pso,50,16380.7,36.496199600000004,16380.7,36.496199600000004,3.95771,4.642289999999999,16380.652279963431,36.496093279758526,16380.652279963431,36.496093279758526,51664.552279963435,115.10862247975852,327,86,lpr:total_combined:bdpl,3.957705212678139,4.642294787321861
baseline_T,1.0,1700.0,,gen=43_member=7329_pso,50,15700.7,34.9811596,15700.7,34.9811596,3.19666,5.40334,15700.69446013128,34.981147257172495,15700.69446013128,34.981147257172495,50984.59446013128,113.59367645717249,327,86,lpr:total_combined:bdpl,3.196664946537503,5.403335053462497
baseline_T,1.0,1700.0,,gen=42_member=7088_pso,50,16063.9,35.7903692,16063.9,35.7903692,3.60323,4.99677,16063.94590696711,35.79047148072272,16063.94590696711,35.79047148072272,51347.84590696711,114.40300068072271,327,86,lpr:total_combined:bdpl,3.6032319677579827,4.9967680322420165
baseline_T,1.0,1700.0,,gen=45_member=7708_pso,50,15196.2,33.8571336,15196.2,33.8571336,2.7429,5.857099999999999,15196.223292022336,33.85718549462576,15196.223292022336,33.85718549462576,50480.12329202234,112.46971469462578,327,86,lpr:total_combined:bdpl,2.742898734192789,5.857101265807211
baseline_T,1.0,1700.0,,gen=32_member=5495_pso,50,11634.8,25.922334399999997,11634.8,25.922334399999997,1.29931,7.3006899999999995,11634.759046042916,25.92224315458362,11634.759046042916,25.92224315458362,46918.659046042914,104.53477235458361,327,86,lpr:total_combined:bdpl,1.2993111659258398,7.30068883407416
baseline_T,1.0,1700.0,,gen=41_member=6992_pso,50,16079.6,35.8253488,16079.6,35.8253488,3.61253,4.98747,16079.62293321336,35.82539989519937,16079.62293321336,35.82539989519937,51363.52293321336,114.43792909519937,327,86,lpr:total_combined:bdpl,3.6125298909180685,4.987470109081931
baseline_T,1.0,1700.0,,gen=44_member=7474_pso,50,15981.4,35.6065592,15981.4,35.6065592,3.50006,5.09994,15981.416535408636,35.60659604089044,15981.416535408636,35.60659604089044,51265.31653540864,114.21912524089045,327,86,lpr:total_combined:bdpl,3.500060004864631,5.099939995135369
baseline_T,1.0,1700.0,,gen=38_member=6529_pso,50,15534.6,34.6110888,15534.6,34.6110888,3.04111,5.55889,15534.57635270133,34.611036113818564,15534.57635270133,34.611036113818564,50818.476352701335,113.22356531381857,327,86,lpr:total_combined:bdpl,3.041111755454159,5.558888244545841
baseline_T,1.0,1700.0,,gen=38_member=6418_pso,50,15459.2,34.4430976,15459.2,34.4430976,2.97833,5.62167,15459.160825033643,34.443010318174956,15459.160825033643,34.443010318174956,50743.06082503365,113.05553951817497,327,86,lpr:total_combined:bdpl,2.978329086001256,5.621670913998743
baseline_T,1.0,1700.0,,gen=42_member=7193_pso,50,15011.5,33.445622,15011.5,33.445622,2.62386,5.976139999999999,15011.474372731976,33.44556490244684,15011.474372731976,33.44556490244684,50295.374372731974,112.05809410244683,327,86,lpr:total_combined:bdpl,2.6238571418490007,5.9761428581509985
baseline_T,1.0,1700.0,,gen=40_member=6846_pso,50,14845.6,33.0759968,14845.6,33.0759968,2.5122,6.0878,14845.649143482438,33.07610629167887,14845.649143482438,33.07610629167887,50129.549143482436,111.68863549167887,327,86,lpr:total_combined:bdpl,2.5121954424954005,6.087804557504599
baseline_T,1.0,1700.0,,gen=42_member=7137_pso,50,14272.8,31.799798399999997,14272.8,31.799798399999997,2.16651,6.433489999999999,14272.832183750303,31.799870105395673,14272.832183750303,31.799870105395673,49556.732183750304,110.41239930539568,327,86,lpr:total_combined:bdpl,2.166508641055657,6.433491358944343
baseline_T,1.0,1700.0,,gen=41_member=6951_pso,50,14267.6,31.7882128,14267.6,31.7882128,2.16614,6.433859999999999,14267.627328986546,31.788273688982024,14267.627328986546,31.788273688982024,49551.52732898655,110.40080288898203,327,86,lpr:total_combined:bdpl,2.1661407021590344,6.433859297840965
baseline_T,1.0,1700.0,,gen=44_member=7514_pso,50,15443.3,34.407672399999996,15443.3,34.407672399999996,2.96984,5.63016,15443.33630412965,34.40775328560086,15443.33630412965,34.40775328560086,50727.23630412965,113.02028248560086,327,86,lpr:total_combined:bdpl,2.969835090773703,5.630164909226297
baseline_T,1.0,1700.0,,gen=26_member=4423_pso,50,14733.5,32.826238,14733.5,32.826238,2.44423,6.1557699999999995,14733.527268476704,32.826298754166096,14733.527268476704,32.826298754166096,50017.4272684767,111.43882795416609,327,86,lpr:total_combined:bdpl,2.4442324503270694,6.15576754967293
baseline_T,1.0,1700.0,,gen=30_member=5151_pso,50,16291.5,36.297461999999996,16291.5,36.297461999999996,3.85519,4.744809999999999,16291.468896825134,36.297392702126395,16291.468896825134,36.297392702126395,51575.36889682514,114.9099219021264,327,86,lpr:total_combined:bdpl,3.855186874041565,4.7448131259584345
baseline_T,1.0,1700.0,,gen=36_member=6144_pso,50,15489.5,34.510605999999996,15489.5,34.510605999999996,3.00686,5.59314,15489.474950280946,34.510550189225945,15489.474950280946,34.510550189225945,50773.37495028095,113.12307938922596,327,86,lpr:total_combined:bdpl,3.0068591738707413,5.593140826129258
baseline_T,1.0,1700.0,,gen=41_member=6946_pso,50,16015.9,35.683425199999995,16015.9,35.683425199999995,3.5443,5.0557,16015.882133806026,35.683385394119824,16015.882133806026,35.683385394119824,51299.78213380603,114.29591459411984,327,86,lpr:total_combined:bdpl,3.5442993418543915,5.055700658145608
baseline_T,1.0,1700.0,,gen=43_member=7239_pso,50,16032.7,35.7208556,16032.7,35.7208556,3.56889,5.03111,16032.69067807767,35.72083483075705,16032.69067807767,35.72083483075705,51316.59067807767,114.33336403075705,327,86,lpr:total_combined:bdpl,3.568889637147474,5.031110362852526
baseline_T,1.0,1700.0,,gen=20_member=3413_pso,50,14791.1,32.9545708,14791.1,32.9545708,2.47644,6.1235599999999994,14791.118544643396,32.95461211746549,14791.118544643396,32.95461211746549,50075.018544643404,111.5671413174655,327,86,lpr:total_combined:bdpl,2.476442307505919,6.123557692494081
baseline_T,1.0,1700.0,,gen=35_member=5913_pso,50,9543.07,21.26195996,9543.07,21.26195996,1.01633,7.58367,9543.0747849999,21.261970620979778,9543.0747849999,21.261970620979778,44826.9747849999,99.87449982097976,327,86,lpr:total_combined:bdpl,1.0163314134959738,7.583668586504026
baseline_T,1.0,1700.0,,gen=47_member=7945_pso,50,15534.3,34.610420399999995,15534.3,34.610420399999995,3.03486,5.5651399999999995,15534.317949935756,34.610460392456865,15534.317949935756,34.610460392456865,50818.21794993576,113.22298959245687,327,86,lpr:total_combined:bdpl,3.0348582169560134,5.565141783043986
baseline_T,1.0,1700.0,,gen=31_member=5214_pso,50,15907.9,35.4428012,15907.9,35.4428012,3.42253,5.17747,15907.884677515689,35.44276706150495,15907.884677515689,35.44276706150495,51191.78467751569,114.05529626150495,327,86,lpr:total_combined:bdpl,3.42252865851418,5.17747134148582
baseline_T,1.0,1700.0,,gen=35_member=5893_pso,50,7182.25,16.002053,7182.25,16.002053,0.813288,7.786712,7182.245015135868,16.002041893722712,7182.245015135868,16.002041893722712,42466.14501513587,94.61457109372272,327,86,lpr:total_combined:bdpl,0.8132883924956406,7.786711607504359
baseline_T,1.0,1700.0,,gen=42_member=7082_pso,50,15124.5,33.697386,15124.5,33.697386,2.69841,5.90159,15124.511306524751,33.697411190937146,15124.511306524751,33.697411190937146,50408.41130652475,112.30994039093714,327,86,lpr:total_combined:bdpl,2.6984095035547186,5.901590496445281
baseline_T,1.0,1700.0,,gen=44_member=7534_pso,50,15416.0,34.346848,15416.0,34.346848,2.93385,5.66615,15415.987512740045,34.34682017838482,15415.987512740045,34.34682017838482,50699.88751274005,112.95934937838484,327,86,lpr:total_combined:bdpl,2.9338504123415627,5.6661495876584365
baseline_T,1.0,1700.0,,gen=45_member=7645_pso,50,15987.0,35.619036,15987.0,35.619036,3.51669,5.083309999999999,15987.033381464233,35.61911037390231,15987.033381464233,35.61911037390231,51270.93338146424,114.23163957390231,327,86,lpr:total_combined:bdpl,3.516691347333545,5.083308652666455
baseline_T,1.0,1700.0,,gen=39_member=6590_pso,50,16488.5,36.736378,16488.5,36.736378,4.09121,4.508789999999999,16488.509944204496,36.73640015568762,16488.509944204496,36.73640015568762,51772.40994420449,115.3489293556876,327,86,lpr:total_combined:bdpl,4.091206726931732,4.508793273068267
baseline_T,1.0,1700.0,,gen=38_member=6398_pso,50,15752.9,35.0974612,15752.9,35.0974612,3.25449,5.345509999999999,15752.881386902525,35.09741973001883,15752.881386902525,35.09741973001883,51036.78138690253,113.70994893001883,327,86,lpr:total_combined:bdpl,3.2544898932889756,5.345510106711024
baseline_T,1.0,1700.0,,gen=45_member=7594_pso,50,16297.3,36.3103844,16297.3,36.3103844,3.8606,4.7394,16297.305003351605,36.31039554746737,16297.305003351605,36.31039554746737,51581.20500335161,114.92292474746739,327,86,lpr:total_combined:bdpl,3.860598708949262,4.739401291050738
baseline_T,1.0,1700.0,,gen=48_member=8227_pso,50,15218.7,33.9072636,15218.7,33.9072636,2.7553,5.8447,15218.735500273877,33.90734269461019,15218.735500273877,33.90734269461019,50502.635500273886,112.51987189461022,327,86,lpr:total_combined:bdpl,2.7552995004033938,5.844700499596605
baseline_T,1.0,1700.0,,gen=30_member=5150_pso,50,16372.5,36.47793,16372.5,36.47793,3.95517,4.64483,16372.505057366423,36.47794126781239,16372.505057366423,36.47794126781239,51656.40505736643,115.0904704678124,327,86,lpr:total_combined:bdpl,3.9551744266243625,4.644825573375638
baseline_T,1.0,1700.0,,gen=49_member=8327_pso,50,13513.0,30.106963999999998,13513.0,30.106963999999998,1.80674,6.79326,13512.996764637244,30.10695679161178,13512.996764637244,30.10695679161178,48796.89676463725,108.71948599161179,327,86,lpr:total_combined:bdpl,1.8067379306649054,6.7932620693350945
baseline_T,1.0,1700.0,,gen=43_member=7261_pso,50,15478.6,34.4863208,15478.6,34.4863208,2.98936,5.61064,15478.5626545175,34.48623759426499,15478.5626545175,34.48623759426499,50762.4626545175,113.09876679426499,327,86,lpr:total_combined:bdpl,2.989359921162631,5.610640078837369
baseline_T,1.0,1700.0,,gen=36_member=6133_pso,50,16100.6,35.8721368,16100.6,35.8721368,3.65379,4.94621,16100.552219199742,35.87203034437702,16100.552219199742,35.87203034437702,51384.452219199746,114.48455954437703,327,86,lpr:total_combined:bdpl,3.6537904336927265,4.946209566307273
baseline_T,1.0,1700.0,,gen=41_member=6892_pso,50,13359.9,29.7658572,13359.9,29.7658572,1.79322,6.80678,13359.900045485403,29.765857301341477,13359.900045485403,29.765857301341477,48643.800045485405,108.37838650134148,327,86,lpr:total_combined:bdpl,1.7932215884321627,6.806778411567837
baseline_T,1.0,1700.0,,gen=47_member=8012_pso,50,16150.8,35.983982399999995,16150.8,35.983982399999995,3.70111,4.89889,16150.818138421246,35.984022812402536,16150.818138421246,35.984022812402536,51434.718138421245,114.59655201240253,327,86,lpr:total_combined:bdpl,3.701110964068317,4.898889035931683
baseline_T,1.0,1700.0,,gen=47_member=7966_pso,50,15136.2,33.7234536,15136.2,33.7234536,2.70123,5.89877,15136.198838391196,33.72345101193558,15136.198838391196,33.72345101193558,50420.098838391204,112.3359802119356,327,86,lpr:total_combined:bdpl,2.7012340465738194,5.89876595342618
baseline_T,1.0,1700.0,,gen=49_member=8363_pso,50,15923.6,35.4777808,15923.6,35.4777808,3.43975,5.16025,15923.612158066526,35.477807888172215,15923.612158066526,35.477807888172215,51207.51215806653,114.09033708817222,327,86,lpr:total_combined:bdpl,3.4397528364932968,5.160247163506703
baseline_T,1.0,1700.0,,gen=44_member=7456_pso,50,15913.4,35.4550552,15913.4,35.4550552,3.43116,5.168839999999999,15913.36876049534,35.454985598383615,15913.36876049534,35.454985598383615,51197.26876049534,114.06751479838361,327,86,lpr:total_combined:bdpl,3.431156849191001,5.168843150808998
baseline_T,1.0,1700.0,,gen=40_member=6804_pso,50,15497.7,34.5288756,15497.7,34.5288756,3.01687,5.58313,15497.74676465162,34.528979791643806,15497.74676465162,34.528979791643806,50781.646764651625,113.14150899164382,327,86,lpr:total_combined:bdpl,3.016870007405461,5.583129992594539
baseline_T,1.0,1700.0,,gen=38_member=6471_pso,50,15736.3,35.0604764,15736.3,35.0604764,3.24426,5.355739999999999,15736.307549675521,35.06049322067706,15736.307549675521,35.06049322067706,51020.20754967552,113.67302242067706,327,86,lpr:total_combined:bdpl,3.2442631362861047,5.355736863713895
baseline_T,1.0,1700.0,,gen=22_member=3634_pso,50,15030.3,33.487508399999996,15030.3,33.487508399999996,2.63496,5.96504,15030.302840959244,33.48751472965719,15030.302840959244,33.48751472965719,50314.202840959246,112.1000439296572,327,86,lpr:total_combined:bdpl,2.6349586355249133,5.965041364475086
baseline_T,1.0,1700.0,,gen=44_member=7539_pso,50,16162.9,36.0109412,16162.9,36.0109412,3.71574,4.884259999999999,16162.865790156584,36.01086498046887,16162.865790156584,36.01086498046887,51446.76579015658,114.62339418046886,327,86,lpr:total_combined:bdpl,3.71574467634347,4.88425532365653
baseline_T,1.0,1700.0,,gen=49_member=8356_pso,50,14759.3,32.883720399999994,14759.3,32.883720399999994,2.45508,6.144919999999999,14759.259123491493,32.88362932713905,14759.259123491493,32.88362932713905,50043.159123491496,111.49615852713904,327,86,lpr:total_combined:bdpl,2.455078154837682,6.144921845162317
baseline_T,1.0,1700.0,,gen=46_member=7849_pso,50,15137.2,33.7256816,15137.2,33.7256816,2.71464,5.8853599999999995,15137.175608309964,33.7256272553146,15137.175608309964,33.7256272553146,50421.07560830997,112.3381564553146,327,86,lpr:total_combined:bdpl,2.714637855713367,5.885362144286633
baseline_T,1.0,1700.0,,gen=42_member=7200_pso,50,15858.3,35.3322924,15858.3,35.3322924,3.37515,5.22485,15858.268135411014,35.33222140569574,15858.268135411014,35.33222140569574,51142.16813541101,113.94475060569573,327,86,lpr:total_combined:bdpl,3.375146551306809,5.224853448693191
baseline_T,1.0,1700.0,,gen=38_member=6459_pso,50,16488.3,36.735932399999996,16488.3,36.735932399999996,4.07908,4.520919999999999,16488.289913846693,36.73590992805043,16488.289913846693,36.73590992805043,51772.1899138467,115.34843912805044,327,86,lpr:total_combined:bdpl,4.079081097759876,4.5209189022401235
baseline_T,1.0,1700.0,,gen=40_member=6838_pso,50,12362.6,27.5438728,12362.6,27.5438728,1.42018,7.179819999999999,12362.592395957756,27.54385585819388,12362.592395957756,27.54385585819388,47646.49239595776,106.15638505819388,327,86,lpr:total_combined:bdpl,1.4201768569284965,7.179823143071503
baseline_T,1.0,1700.0,,gen=35_member=5994_pso,50,15567.0,34.683276,15567.0,34.683276,3.07603,5.52397,15566.99725223962,34.68326987798987,15566.99725223962,34.68326987798987,50850.897252239614,113.29579907798986,327,86,lpr:total_combined:bdpl,3.076027027129444,5.523972972870556
baseline_T,1.0,1700.0,,gen=39_member=6670_pso,50,14558.2,32.435669600000004,14558.2,32.435669600000004,2.33137,6.26863,14558.247364123175,32.43577512726643,14558.247364123175,32.43577512726643,49842.14736412317,111.04830432726642,327,86,lpr:total_combined:bdpl,2.331366553624733,6.268633446375267
baseline_T,1.0,1700.0,,gen=48_member=8120_pso,50,16180.2,36.049485600000004,16180.2,36.049485600000004,3.72385,4.876149999999999,16180.196221496028,36.049477181493145,16180.196221496028,36.049477181493145,51464.09622149603,114.66200638149316,327,86,lpr:total_combined:bdpl,3.7238509530605737,4.876149046939426
baseline_T,1.0,1700.0,,gen=47_member=7929_pso,50,14935.2,33.2756256,14935.2,33.2756256,2.58067,6.01933,14935.229434083649,33.27569117913837,14935.229434083649,33.27569117913837,50219.129434083654,111.88822037913837,327,86,lpr:total_combined:bdpl,2.5806656123379543,6.019334387662045
baseline_T,1.0,1700.0,,gen=32_member=5467_pso,50,15900.0,35.4252,15900.0,35.4252,3.40923,5.19077,15900.04268653813,35.425295105606956,15900.04268653813,35.425295105606956,51183.94268653814,114.03782430560697,327,86,lpr:total_combined:bdpl,3.4092267076579525,5.1907732923420475
baseline_T,1.0,1700.0,,gen=45_member=7589_pso,50,15827.9,35.264561199999996,15827.9,35.264561199999996,3.34169,5.25831,15827.894157225164,35.264548182297666,15827.894157225164,35.264548182297666,51111.79415722516,113.87707738229766,327,86,lpr:total_combined:bdpl,3.3416938493864854,5.258306150613514
baseline_T,1.0,1700.0,,gen=42_member=7063_pso,50,14712.7,32.7798956,14712.7,32.7798956,2.41578,6.18422,14712.738208192482,32.77998072785285,14712.738208192482,32.77998072785285,49996.63820819249,111.39250992785287,327,86,lpr:total_combined:bdpl,2.4157795755081053,6.184220424491894
baseline_T,1.0,1700.0,,gen=46_member=7783_pso,50,15821.8,35.2509704,15821.8,35.2509704,3.33505,5.26495,15821.761622209751,35.250884894283324,15821.761622209751,35.250884894283324,51105.66162220975,113.86341409428333,327,86,lpr:total_combined:bdpl,3.3350465550096735,5.264953444990326
baseline_T,1.0,1700.0,,gen=42_member=7112_pso,50,13444.8,29.955014399999996,13444.8,29.955014399999996,1.80414,6.795859999999999,13444.77211184266,29.954952265185444,13444.77211184266,29.954952265185444,48728.67211184265,108.56748146518542,327,86,lpr:total_combined:bdpl,1.8041382604731795,6.795861739526821
baseline_T,1.0,1700.0,,gen=43_member=7278_pso,50,12101.0,26.961028,12101.0,26.961028,1.36641,7.2335899999999995,12101.000490548291,26.96102909294159,12101.000490548291,26.96102909294159,47384.900490548294,105.5735582929416,327,86,lpr:total_combined:bdpl,1.3664061755116315,7.233593824488368
baseline_T,1.0,1700.0,,gen=48_member=8123_pso,50,16025.9,35.7057052,16025.9,35.7057052,3.56822,5.0317799999999995,16025.894791493543,35.70569359544761,16025.894791493543,35.70569359544761,51309.79479149355,114.31822279544762,327,86,lpr:total_combined:bdpl,3.568217329581769,5.031782670418231
baseline_T,1.0,1700.0,,gen=38_member=6409_pso,50,15959.9,35.5586572,15959.9,35.5586572,3.48534,5.11466,15959.899258415428,35.558655547749574,15959.899258415428,35.558655547749574,51243.79925841543,114.17118474774956,327,86,lpr:total_combined:bdpl,3.4853415920391573,5.114658407960842
baseline_T,1.0,1700.0,,gen=36_member=6139_pso,50,16482.1,36.7221188,16482.1,36.7221188,4.07625,4.52375,16482.125975540614,36.722176673504485,16482.125975540614,36.722176673504485,51766.025975540615,115.33470587350449,327,86,lpr:total_combined:bdpl,4.0762456348744855,4.523754365125514
baseline_T,1.0,1700.0,,gen=40_member=6783_pso,50,15389.6,34.2880288,15389.6,34.2880288,2.92983,5.67017,15389.56502992713,34.28795088667764,15389.56502992713,34.28795088667764,50673.46502992713,112.90048008667765,327,86,lpr:total_combined:bdpl,2.929833439615535,5.670166560384464
baseline_T,1.0,1700.0,,gen=29_member=4924_pso,50,14956.1,33.3221908,14956.1,33.3221908,2.58783,6.012169999999999,14956.10872527715,33.32221023991749,14956.10872527715,33.32221023991749,50240.00872527715,111.93473943991748,327,86,lpr:total_combined:bdpl,2.587828022406685,6.012171977593315
baseline_T,1.0,1700.0,,gen=46_member=7822_pso,50,16471.9,36.6993932,16471.9,36.6993932,4.06609,4.53391,16471.886818612737,36.69936383186918,16471.886818612737,36.69936383186918,51755.78681861274,115.31189303186918,327,86,lpr:total_combined:bdpl,4.066085660473553,4.533914339526446
baseline_T,1.0,1700.0,,gen=33_member=5655_pso,50,15992.1,35.6303988,15992.1,35.6303988,3.51718,5.08282,15992.087099890365,35.630370058555734,15992.087099890365,35.630370058555734,51275.987099890364,114.24289925855572,327,86,lpr:total_combined:bdpl,3.517184950203703,5.082815049796297
baseline_T,1.0,1700.0,,gen=31_member=5227_pso,50,14897.7,33.1920756,14897.7,33.1920756,2.57051,6.029489999999999,14897.660188354284,33.191986899653344,14897.660188354284,33.191986899653344,50181.560188354284,111.80451609965334,327,86,lpr:total_combined:bdpl,2.5705116414506657,6.029488358549334
baseline_T,1.0,1700.0,,gen=46_member=7810_pso,50,15518.0,34.574104,15518.0,34.574104,3.02342,5.57658,15517.98212177229,34.57406416730866,15517.98212177229,34.57406416730866,50801.882121772294,113.18659336730867,327,86,lpr:total_combined:bdpl,3.0234229584310697,5.57657704156893
baseline_T,1.0,1700.0,,gen=28_member=4720_pso,50,15881.9,35.3848732,15881.9,35.3848732,3.39794,5.2020599999999995,15881.90696025604,35.38488870745046,15881.90696025604,35.38488870745046,51165.80696025604,113.99741790745045,327,86,lpr:total_combined:bdpl,3.397935940640787,5.202064059359213
baseline_T,1.0,1700.0,,gen=31_member=5250_pso,50,15284.3,34.0534204,15284.3,34.0534204,2.82385,5.7761499999999995,15284.341047393014,34.05351185359164,15284.341047393014,34.05351185359164,50568.241047393014,112.66604105359163,327,86,lpr:total_combined:bdpl,2.8238468837659503,5.776153116234049
baseline_T,1.0,1700.0,,gen=46_member=7862_pso,50,15485.6,34.5019168,15485.6,34.5019168,2.9983,5.601699999999999,15485.594923526955,34.50190548961805,15485.594923526955,34.50190548961805,50769.49492352696,113.11443468961807,327,86,lpr:total_combined:bdpl,2.998298907907464,5.601701092092536
baseline_T,1.0,1700.0,,gen=29_member=4911_pso,50,15199.3,33.8640404,15199.3,33.8640404,2.75415,5.8458499999999995,15199.287430988548,33.86401239624249,15199.287430988548,33.86401239624249,50483.187430988546,112.47654159624248,327,86,lpr:total_combined:bdpl,2.7541462326369746,5.845853767363025
baseline_T,1.0,1700.0,,gen=43_member=7385_pso,50,11722.5,26.117729999999998,11722.5,26.117729999999998,1.30432,7.29568,11722.488164319384,26.117703630103588,11722.488164319384,26.117703630103588,47006.38816431938,104.73023283010357,327,86,lpr:total_combined:bdpl,1.304315285491199,7.2956847145088
baseline_T,1.0,1700.0,,gen=34_member=5724_pso,50,15960.4,35.5597712,15960.4,35.5597712,3.48909,5.11091,15960.354209614441,35.55966917902097,15960.354209614441,35.55966917902097,51244.254209614446,114.17219837902098,327,86,lpr:total_combined:bdpl,3.489091483382917,5.110908516617083
baseline_T,1.0,1700.0,,gen=39_member=6557_pso,50,13892.2,30.951821600000002,13892.2,30.951821600000002,1.98352,6.616479999999999,13892.237152431944,30.95190437561837,13892.237152431944,30.95190437561837,49176.13715243194,109.56443357561837,327,86,lpr:total_combined:bdpl,1.9835249724970192,6.616475027502981
baseline_T,1.0,1700.0,,gen=43_member=7341_pso,50,16022.2,35.697461600000004,16022.2,35.697461600000004,3.54777,5.05223,16022.226518950454,35.69752068422161,16022.226518950454,35.69752068422161,51306.126518950456,114.31004988422161,327,86,lpr:total_combined:bdpl,3.5477651856602406,5.052234814339759
baseline_T,1.0,1700.0,,gen=37_member=6349_pso,50,15198.8,33.8629264,15198.8,33.8629264,2.74347,5.856529999999999,15198.807260091973,33.862942575484915,15198.807260091973,33.862942575484915,50482.70726009198,112.47547177548492,327,86,lpr:total_combined:bdpl,2.7434690769353645,5.856530923064636
baseline_T,1.0,1700.0,,gen=41_member=6889_pso,50,12291.0,27.384348,12291.0,27.384348,1.4106,7.189399999999999,12290.987705769669,27.38432060845482,12290.987705769669,27.38432060845482,47574.887705769666,105.99684980845481,327,86,lpr:total_combined:bdpl,1.4106019754541828,7.189398024545817
baseline_T,1.0,1700.0,,gen=47_member=8010_pso,50,15028.5,33.483498,15028.5,33.483498,2.63426,5.96574,15028.455185458966,33.48339815320258,15028.455185458966,33.48339815320258,50312.35518545897,112.09592735320258,327,86,lpr:total_combined:bdpl,2.6342594566188096,5.96574054338119
baseline_T,1.0,1700.0,,gen=38_member=6465_pso,50,15971.7,35.5849476,15971.7,35.5849476,3.49711,5.1028899999999995,15971.650593525908,35.58483752237572,15971.650593525908,35.58483752237572,51255.55059352591,114.19736672237573,327,86,lpr:total_combined:bdpl,3.497111324050283,5.102888675949717
baseline_T,1.0,1700.0,,gen=29_member=4976_pso,50,14745.7,32.8534196,14745.7,32.8534196,2.44488,6.15512,14745.720890746019,32.85346614458213,14745.720890746019,32.85346614458213,50029.620890746024,111.46599534458214,327,86,lpr:total_combined:bdpl,2.4448842022049715,6.155115797795029
baseline_T,1.0,1700.0,,gen=34_member=5729_pso,50,16215.1,36.1272428,16215.1,36.1272428,3.76248,4.83752,16215.125543009071,36.12729970982421,16215.125543009071,36.12729970982421,51499.02554300907,114.7398289098242,327,86,lpr:total_combined:bdpl,3.7624810950233476,4.837518904976652
baseline_T,1.0,1700.0,,gen=46_member=7888_pso,50,14714.3,32.783460399999996,14714.3,32.783460399999996,2.41843,6.18157,14714.275098586406,32.783404919650515,14714.275098586406,32.783404919650515,49998.175098586406,111.3959341196505,327,86,lpr:total_combined:bdpl,2.418430577488762,6.181569422511238
baseline_T,1.0,1700.0,,gen=46_member=7821_pso,50,13922.5,31.01933,13922.5,31.01933,1.99327,6.60673,13922.46591334354,31.019254054929405,13922.46591334354,31.019254054929405,49206.36591334354,109.63178325492942,327,86,lpr:total_combined:bdpl,1.9932714881763647,6.6067285118236345
baseline_T,1.0,1700.0,,gen=48_member=8165_pso,50,15747.1,35.0845388,15747.1,35.0845388,3.24714,5.35286,15747.123852685494,35.08459194378328,15747.123852685494,35.08459194378328,51031.023852685496,113.69712114378328,327,86,lpr:total_combined:bdpl,3.2471408840658538,5.352859115934146
baseline_T,1.0,1700.0,,gen=36_member=6131_pso,50,16162.4,36.0098272,16162.4,36.0098272,3.70849,4.89151,16162.41505174217,36.00986073528155,16162.41505174217,36.00986073528155,51446.315051742175,114.62238993528156,327,86,lpr:total_combined:bdpl,3.708493410413307,4.891506589586692
baseline_T,1.0,1700.0,,gen=32_member=5391_pso,50,14928.9,33.261589199999996,14928.9,33.261589199999996,2.57343,6.0265699999999995,14928.862552967457,33.261505768011496,14928.862552967457,33.261505768011496,50212.76255296746,111.8740349680115,327,86,lpr:total_combined:bdpl,2.5734339649692104,6.02656603503079
baseline_T,1.0,1700.0,,gen=34_member=5740_pso,50,12129.7,27.0249716,12129.7,27.0249716,1.37217,7.22783,12129.737656299145,27.025055498234494,12129.737656299145,27.025055498234494,47413.63765629914,105.63758469823449,327,86,lpr:total_combined:bdpl,1.3721664215087601,7.227833578491239
baseline_T,1.0,1700.0,,gen=35_member=5978_pso,50,16067.3,35.7979444,16067.3,35.7979444,3.60663,4.99337,16067.34571378628,35.798046250315835,16067.34571378628,35.798046250315835,51351.24571378629,114.41057545031585,327,86,lpr:total_combined:bdpl,3.6066329183701873,4.993367081629812
baseline_T,1.0,1700.0,,gen=32_member=5373_pso,50,15480.3,34.4901084,15480.3,34.4901084,2.995,5.6049999999999995,15480.299999640423,34.49010839919886,15480.299999640423,34.49010839919886,50764.19999964042,113.10263759919886,327,86,lpr:total_combined:bdpl,2.995004204654325,5.604995795345674
baseline_T,1.0,1700.0,,gen=44_member=7565_pso,50,14798.7,32.9715036,14798.7,32.9715036,2.47831,6.121689999999999,14798.675255149134,32.97144846847227,14798.675255149134,32.97144846847227,50082.57525514913,111.58397766847226,327,86,lpr:total_combined:bdpl,2.478310881640845,6.121689118359155
baseline_T,1.0,1700.0,,gen=45_member=7737_pso,50,16214.6,36.1261288,16214.6,36.1261288,3.75756,4.84244,16214.601623135048,36.12613241634489,16214.601623135048,36.12613241634489,51498.50162313505,114.7386616163449,327,86,lpr:total_combined:bdpl,3.7575596650694987,4.842440334930501
baseline_T,1.0,1700.0,,gen=35_member=6019_pso,50,16186.0,36.062408,16186.0,36.062408,3.73038,4.869619999999999,16186.021661268114,36.06245626130536,16186.021661268114,36.06245626130536,51469.92166126812,114.67498546130537,327,86,lpr:total_combined:bdpl,3.7303822104294633,4.869617789570537
baseline_T,1.0,1700.0,,gen=46_member=7796_pso,50,15919.0,35.467532,15919.0,35.467532,3.43824,5.161759999999999,15919.044119771625,35.46763029885118,15919.044119771625,35.46763029885118,51202.94411977162,114.08015949885117,327,86,lpr:total_combined:bdpl,3.43823893574998,5.16176106425002
baseline_T,1.0,1700.0,,gen=47_member=7977_pso,50,15936.7,35.5069676,15936.7,35.5069676,3.45533,5.14467,15936.708564147862,35.506986680921436,15936.708564147862,35.506986680921436,51220.608564147864,114.11951588092144,327,86,lpr:total_combined:bdpl,3.4553251022415497,5.14467489775845
baseline_T,1.0,1700.0,,gen=49_member=8311_pso,50,16161.3,36.0073764,16161.3,36.0073764,3.70558,4.89442,16161.28243585807,36.00733726709178,16161.28243585807,36.00733726709178,51445.18243585806,114.61986646709177,327,86,lpr:total_combined:bdpl,3.7055758911768053,4.894424108823195
baseline_T,1.0,1700.0,,gen=29_member=4851_pso,50,15827.8,35.2643384,15827.8,35.2643384,3.33985,5.260149999999999,15827.772653849253,35.264277472776136,15827.772653849253,35.264277472776136,51111.67265384925,113.87680667277613,327,86,lpr:total_combined:bdpl,3.339852235813954,5.260147764186046
baseline_T,1.0,1700.0,,gen=34_member=5819_pso,50,15512.1,34.5609588,15512.1,34.5609588,3.0224,5.5775999999999994,15512.135876498978,34.56103873283972,15512.135876498978,34.56103873283972,50796.03587649898,113.17356793283972,327,86,lpr:total_combined:bdpl,3.022398591006844,5.577601408993155
baseline_T,1.0,1700.0,,gen=38_member=6490_pso,50,16189.3,36.0697604,16189.3,36.0697604,3.73254,4.8674599999999995,16189.343816499706,36.069858023161345,16189.343816499706,36.069858023161345,51473.243816499715,114.68238722316136,327,86,lpr:total_combined:bdpl,3.7325391237239685,4.867460876276031
baseline_T,1.0,1700.0,,gen=42_member=7145_pso,50,16295.4,36.306151199999995,16295.4,36.306151199999995,3.85887,4.74113,16295.396734226248,36.30614392385608,16295.396734226248,36.30614392385608,51579.29673422626,114.9186731238561,327,86,lpr:total_combined:bdpl,3.858871338058117,4.741128661941882
baseline_T,1.0,1700.0,,gen=28_member=4655_pso,50,15141.9,33.7361532,15141.9,33.7361532,2.71633,5.8836699999999995,15141.895334331673,33.73614280489097,15141.895334331673,33.73614280489097,50425.79533433168,112.34867200489097,327,86,lpr:total_combined:bdpl,2.7163349555958534,5.883665044404147
baseline_T,1.0,1700.0,,gen=24_member=4008_pso,50,15155.7,33.7668996,15155.7,33.7668996,2.71969,5.88031,15155.727503103506,33.76696087691461,15155.727503103506,33.76696087691461,50439.627503103504,112.3794900769146,327,86,lpr:total_combined:bdpl,2.7196924545351737,5.8803075454648255
baseline_T,1.0,1700.0,,gen=34_member=5732_pso,50,15162.6,33.7822728,15162.6,33.7822728,2.72045,5.87955,15162.563611442774,33.7821917262945,15162.563611442774,33.7821917262945,50446.463611442785,112.39472092629453,327,86,lpr:total_combined:bdpl,2.7204459363071374,5.879554063692862
baseline_T,1.0,1700.0,,gen=40_member=6768_pso,50,16451.1,36.653050799999995,16451.1,36.653050799999995,4.06357,4.536429999999999,16451.08712664435,36.65302211816361,16451.08712664435,36.65302211816361,51734.98712664435,115.26555131816362,327,86,lpr:total_combined:bdpl,4.063568704514503,4.536431295485497
baseline_T,1.0,1700.0,,gen=44_member=7554_pso,50,15130.8,33.7114224,15130.8,33.7114224,2.69854,5.90146,15130.753854465827,33.71131958774986,15130.753854465827,33.71131958774986,50414.65385446584,112.32384878774988,327,86,lpr:total_combined:bdpl,2.6985365408908595,5.90146345910914
baseline_T,1.0,1700.0,,gen=18_member=3072_pso,50,16676.3,37.154796399999995,16676.3,37.154796399999995,4.37912,4.220879999999999,16676.349581361694,37.15490686727385,16676.349581361694,37.15490686727385,51960.24958136169,115.76743606727385,327,86,lpr:total_combined:bdpl,4.379123996722136,4.220876003277864
baseline_T,1.0,1700.0,,gen=50_member=8445_pso,50,9401.87,20.94736636,9401.87,20.94736636,1.01547,7.584529999999999,9401.872579508889,20.947372107145803,9401.872579508889,20.947372107145803,44685.77257950889,99.55990130714581,327,86,lpr:total_combined:bdpl,1.0154703928416016,7.584529607158398
baseline_T,1.0,1700.0,,gen=50_member=8506_pso,50,16237.8,36.1778184,16237.8,36.1778184,3.79088,4.80912,16237.751709751272,36.17771080932583,16237.751709751272,36.17771080932583,51521.65170975127,114.79024000932583,327,86,lpr:total_combined:bdpl,3.7908831835680523,4.809116816431947
baseline_T,1.0,1700.0,,gen=50_member=8596_pso,50,14208.3,31.6560924,14208.3,31.6560924,2.13446,6.46554,14208.317325044894,31.656131000200023,14208.317325044894,31.656131000200023,49492.2173250449,110.26866020020003,327,86,lpr:total_combined:bdpl,2.1344595323964763,6.465540467603523
baseline_T,1.0,1700.0,,gen=50_member=8464_pso,50,15785.1,35.1692028,15785.1,35.1692028,3.28738,5.312619999999999,15785.141919811873,35.16929619734085,15785.141919811873,35.16929619734085,51069.041919811876,113.78182539734085,327,86,lpr:total_combined:bdpl,3.2873772225461146,5.3126227774538854
baseline_T,1.0,1700.0,,gen=50_member=8489_pso,50,15228.0,33.927984,15228.0,33.927984,2.76217,5.83783,15228.040957686744,33.928075253726064,15228.040957686744,33.928075253726064,50511.94095768675,112.54060445372608,327,86,lpr:total_combined:bdpl,2.7621716131516663,5.837828386848333
baseline_T,1.0,1700.0,,gen=50_member=8579_pso,50,15829.2,35.2674576,15829.2,35.2674576,3.34196,5.258039999999999,15829.220626443977,35.267503555717184,15829.220626443977,35.267503555717184,51113.12062644398,113.8800327557172,327,86,lpr:total_combined:bdpl,3.341960069793125,5.258039930206875
baseline_T,1.0,1700.0,,gen=50_member=8474_pso,50,12733.0,28.369124,12733.0,28.369124,1.54501,7.05499,12732.998383359258,28.369120398124426,12732.998383359258,28.369120398124426,48016.89838335926,106.98164959812442,327,86,lpr:total_combined:bdpl,1.545008856601091,7.054991143398908
baseline_T,1.0,1700.0,,gen=50_member=8555_pso,50,15618.6,34.7982408,15618.6,34.7982408,3.12278,5.477219999999999,15618.60939023365,34.798261721440575,15618.60939023365,34.798261721440575,50902.50939023365,113.41079092144058,327,86,lpr:total_combined:bdpl,3.122777075087054,5.477222924912946
baseline_T,1.0,1700.0,,gen=50_member=8483_pso,50,14418.5,32.124418,14418.5,32.124418,2.25475,6.34525,14418.539243991498,32.12450543561306,14418.539243991498,32.12450543561306,49702.439243991495,110.73703463561304,327,86,lpr:total_combined:bdpl,2.254748390424492,6.345251609575508
baseline_T,1.0,1700.0,,gen=50_member=8443_pso,50,13029.1,29.0288348,13029.1,29.0288348,1.62866,6.97134,13029.062711147126,29.028751720435796,13029.062711147126,29.028751720435796,48312.96271114713,107.64128092043579,327,86,lpr:total_combined:bdpl,1.6286550645203905,6.971344935479609
baseline_T,1.0,1700.0,,gen=50_member=8469_pso,50,12272.3,27.342684399999996,12272.3,27.342684399999996,1.39731,7.20269,12272.27925978557,27.342638190802248,12272.27925978557,27.342638190802248,47556.17925978557,105.95516739080225,327,86,lpr:total_combined:bdpl,1.3973096615726888,7.202690338427311
baseline_T,1.0,1700.0,,gen=50_member=8584_pso,50,16506.4,36.776259200000005,16506.4,36.776259200000005,4.09976,4.50024,16506.434090037626,36.77633515260383,16506.434090037626,36.77633515260383,51790.33409003763,115.38886435260383,327,86,lpr:total_combined:bdpl,4.0997561143955386,4.500243885604461
baseline_T,1.0,1700.0,,gen=50_member=8572_pso,50,15880.1,35.3808628,15880.1,35.3808628,3.38958,5.210419999999999,15880.05851843116,35.38077037906462,15880.05851843116,35.38077037906462,51163.95851843116,113.99329957906461,327,86,lpr:total_combined:bdpl,3.389579700812769,5.210420299187231
baseline_T,1.0,1700.0,,gen=50_member=8550_pso,50,15904.6,35.4354488,15904.6,35.4354488,3.41089,5.1891099999999994,15904.626472514807,35.43550778076299,15904.626472514807,35.43550778076299,51188.526472514815,114.048036980763,327,86,lpr:total_combined:bdpl,3.4108893975704633,5.189110602429537
baseline_T,1.0,1700.0,,gen=50_member=8507_pso,50,13066.9,29.1130532,13066.9,29.1130532,1.64928,6.95072,13066.932281265976,29.113125122660595,13066.932281265976,29.113125122660595,48350.832281265975,107.72565432266059,327,86,lpr:total_combined:bdpl,1.6492785593130492,6.950721440686951
baseline_T,1.0,1700.0,,gen=50_member=8467_pso,50,12761.1,28.4317308,12761.1,28.4317308,1.56923,7.0307699999999995,12761.10864205751,28.431750054504132,12761.10864205751,28.431750054504132,48045.00864205751,107.04427925450413,327,86,lpr:total_combined:bdpl,1.5692285694059316,7.0307714305940685
baseline_T,1.0,1700.0,,gen=50_member=8487_pso,50,15934.7,35.5025116,15934.7,35.5025116,3.45215,5.14785,15934.749493122594,35.50262187067714,15934.749493122594,35.50262187067714,51218.6494931226,114.11515107067714,327,86,lpr:total_combined:bdpl,3.4521491223510132,5.147850877648986
