,well_1013__q,well_1302__q,well_1323__q,well_1486__q,well_1584__q,well_1589__q,well_1643__q,well_1683__q,well_1860__q,well_23610__q,well_23611__q,well_23618__q,well_23620__q,well_23627__q,well_23629__q,well_23630__q,well_23631__q,well_23635__q,well_23637__q,well_23638__q,well_23639__q,well_23645__q,well_23646__q,well_23648__q,well_23653__q,well_23695__q,well_23697__q,well_23698__q,well_23699__q,well_23700__q,well_23709__q,well_23710__q,well_23715__q,well_23716__q,well_23720__q,well_23721__q,well_23722__q,well_23723__q,well_23726__q,well_23727__q,well_23728__q,well_23729__q,well_23751__q,well_23752__q,well_23753__q,well_23754__q,well_23755__q,well_23756__q,well_23757__q,well_23758__q,well_23770__q,well_23776__q,well_23778__q,well_23781__q,well_23790__q,well_23791__q,well_23794__q,well_23795__q,well_23798__q,well_23800__q,well_23807__q,well_23816__q,well_23818__q,well_23820__q,well_23823__q,well_23836__q,well_23837__q,well_23846__q,well_23847__q,well_23848__q,well_23851__q,well_23864__q,well_23865__q,well_23866__q,well_23867__q,well_23868__q,well_23869__q,well_23870__q,well_23876__q,well_23881__q,well_23883__q,well_23886__q,well_23888__q,well_23889__q,well_23890__q,well_23895__q,well_23898__q,well_23908__q,well_23909__q,well_23910__q,well_23913__q,well_23915__q,well_23919__q,well_23926__q,well_23928__q,well_23929__q,well_23930__q,well_23934__q,well_23936__q,well_23937__q,well_23939__q,well_23942__q,well_23944__q,well_23948__q,well_23956__q,well_23961__q,well_23962__q,well_23963__q,well_23966__q,well_23967__q,well_23972__q,well_23977__q,well_23978__q,well_23979__q,well_23980__q,well_23981__q,well_23983__q,well_23984__q,well_23985__q,well_23987__q,well_23998__q,well_24003__q,well_24005__q,well_24010__q,well_24011__q,well_24012__q,well_24016__q,well_24024__q,well_24030__q,well_24033__q,well_24036__q,well_24037__q,well_24042__q,well_24043__q,well_24045__q,well_24047__q,well_24049__q,well_24059__q,well_24063__q,well_24066__q,well_24080__q,well_24091__q,well_24093__q,well_24110__q,well_24120__q,well_24121__q,well_24125__q,well_24130__q,well_24135__q,well_24137__q,well_24165__q,well_24166__q,well_24169__q,well_24172__q,well_24195__q,well_24197__q,well_24203__q,well_24216__q,well_24225__q,well_24226__q,well_24227__q,well_24239__q,well_24240__q,well_24247__q,well_24249__q,well_24252__q,well_24253__q,well_24256__q,well_24265__q,well_24266__q,well_24274__q,well_24279__q,well_24283__q,well_24285__q,well_24286__q,well_24291__q,well_24293__q,well_24294__q,well_24302__q,well_24305__q,well_24307__q,well_24311__q,well_24317__q,well_24323__q,well_2544__q,well_2750__q,well_2886__q,well_3473__q,well_3949__q,well_4171__q,well_418__q,well_466__q,well_467__q,well_490__q,well_509__q,well_58403__q,well_58405__q,well_58406__q,well_58407__q,well_58410__q,well_58411__q,well_58414__q,well_58416__q,well_58424__q,well_58433__q,well_58434__q,well_602__q,well_603__q,well_67673__q,well_67895__q,well_68008__q,well_68216__q,well_68218__q,well_68219__q,well_68220__q,well_68221__q,well_68294__q,well_68475__q,well_68529__q,well_68693__q,well_68695__q,well_68872__q,well_68917__q,well_68925__q,well_68926__q,well_69049__q,well_69065__q,well_69282__q,well_69288__q,well_69289__q,well_69480__q,well_69508__q,well_69576__q,well_69635__q,well_69636__q,well_69638__q,well_69669__q,well_69970__q,well_69990__q,well_70119__q,well_70120__q,well_70186__q,well_70191__q,well_70263__q,well_70517__q,well_70519__q,well_70520__q,well_70548__q,well_70881__q,well_70961__q,well_70974__q,well_70975__q,well_71044__q,well_71062__q,well_71063__q,well_71109__q,well_71110__q,well_71117__q,well_71156__q,well_71199__q,well_71495__q,well_71935__q,well_71998__q,well_72082__q,well_72094__q,well_72095__q,well_72269__q,well_72301__q,well_72304__q,well_72421__q,well_72422__q,well_72436__q,well_72437__q,well_72607__q,well_72610__q,well_72713__q,well_72756__q,well_72983__q,well_73153__q,well_73262__q,well_73280__q,well_73281__q,well_73372__q,well_73440__q,well_73481__q,well_73715__q,well_73737__q,well_73761__q,well_73762__q,well_73906__q,well_73940__q,well_73942__q,well_74131__q,well_74280__q,well_798__q,well_807__q,well_84404__q,well_84409__q,well_84411__q,well_850__q,well_862__q,well_91103__q,well_91173__q,well_91808__q,well_91996__q,well_91997__q,well_92099__q,well_92184__q,well_92299__q,well_92696__q,well_92714__q,well_92724__q,well_92743__q,well_92808__q,well_92885__q,well_92981__q,well_93142__q,well_93143__q,well_93349__q,well_93422__q,well_93423__q,well_93424__q,well_93469__q,well_93832__q,well_94302__q,well_94988__q,well_95068__q
0,125.1,88.2,76.2,222.8,150.5,264.1,114.5,260.6,195.7,201.7,378.8,253.9,349.7,316.25449229581795,146.2,255.5,101.0,282.8,291.4,409.8,213.2,130.22445627280487,319.4,137.8,287.5802024290851,141.4,152.0,369.4,220.8,121.7,259.0,105.6,411.3,256.1,160.7,236.8,163.5,236.5,195.7,86.0,250.1,244.6,214.1,296.0,308.2,325.0,837.0295801274978,324.2,101.5,148.4,237.10466128798768,78.4,163.6,450.6,275.8,204.9,217.3,110.6,169.3,364.0,128.5,142.6240170817029,282.6,86.9,25.8,568.6,241.7,291.7,187.0,289.7,248.4,1133.7,267.0,177.7,330.2,416.5,168.1,205.0,190.38056799649377,131.0,589.5,215.2,237.2,459.8,187.6,216.9,29.6,365.0,115.6,345.0,247.2,152.5,261.3,243.0,293.8,203.7,91.6,381.6060288966015,238.2,183.4,329.9,132.9,84.4,254.6,429.0,270.5,147.2,105.8,90.8,231.5,323.1,152.5,302.4,186.4,151.3,87.2,806.4,278.9,333.6,419.8,93.4,117.8,284.0,249.9,257.1,188.1,249.1,161.7,226.0,267.2,201.4,283.8,263.1,111.4,204.8,91.5,125.3,111.8,81.0,224.2,164.4,88.9,282.7,342.3,271.1,80.0,155.7,282.3,67.6,185.1,115.2,115.3,147.6,71.9,1.6,249.1,257.9,156.2,109.4,2.1,122.6,243.41517273595798,252.4,65.5,27.7,156.8,132.8,63.1,50.8,42.9,82.2,102.3,405.4,172.8,134.0,95.4,68.3,108.4,155.2,0.8,108.6,248.0,59.5,190.7553237719343,8.2,120.7,710.5,83.3,43.0,7.5,109.5,341.97079096711,309.79724210229335,27.7,0.1,139.2,485.61448871890286,416.4,406.4,215.3,69.4,18.2,2.9,121.1,300.4,0.2,0.5,0.2,177.7,0.1,1.7333695186298312,0.1,0.1,0.2,0.6,1.0,9.2,577.5,256.73838708724554,13.0,517.8,1.4,170.5,3.1,121.0,42.08142057845664,9.7,156.2,2.1,135.1,120.8,108.7,67.8,126.2,9.4,2.2,1.8,57.61789972190261,156.4,192.2,243.7,125.1,1.2,165.9,2.8,23.5,6.1,368.5,169.4,66.4,5.7,1.0,63.8,19.6,200.3,13.90255258177131,13.305593478713016,356.0,232.2,12.3,17.7,33.5,193.6,23.8,1.2,1.2,130.9,0.8,7.3,1.1,241.0,2.2,97.4,71.3,47.4,8.2,0.5,2.7,58.6,90.0,0.6,128.0,7.6,72.9,85.1,64.2,9.4,0.4,175.9,6.9,0.1,62.0,124.9,20.8,135.6,82.6,5.0,2.4,40.1,107.2,4.6,127.8,62.8,49.4,12.6,287.7,37.7,153.1,93.0,11.6,0.1,0.6,126.5,53.4,12.1,41.7,8.5,0.6,27.2,0.1,0.1,0.2,158.2,14.6,148.9,11.1,40.3
1,125.1,88.2,76.2,222.8,150.5,264.1,114.5,260.6,195.7,201.7,378.8,253.9,349.7,316.68081417922576,146.2,255.5,101.0,282.8,291.4,409.8,213.2,143.29603655501793,319.4,137.8,276.26076186492406,141.4,152.0,369.4,220.8,121.7,259.0,105.6,411.3,256.1,160.7,236.8,163.5,236.5,195.7,86.0,250.1,244.6,214.1,296.0,308.2,325.0,843.5934587362771,324.2,101.5,148.4,206.003813680363,78.4,163.6,450.6,275.8,204.9,217.3,110.6,169.3,364.0,128.5,140.2160818408884,282.6,86.9,25.8,568.6,241.7,291.7,187.0,289.7,248.4,1133.7,267.0,177.7,330.2,416.5,168.1,205.0,209.135325025899,131.0,589.5,215.2,237.2,459.8,187.6,216.9,29.6,365.0,115.6,345.0,247.2,152.5,261.3,243.0,293.8,203.7,91.6,403.09834361909304,238.2,183.4,329.9,132.9,84.4,254.6,429.0,270.5,147.2,105.8,90.8,231.5,323.1,152.5,302.4,186.4,151.3,87.2,806.4,278.9,333.6,419.8,93.4,117.8,284.0,249.9,257.1,188.1,249.1,161.7,226.0,267.2,201.4,283.8,263.1,111.4,204.8,91.5,125.3,111.8,81.0,224.2,164.4,88.9,282.7,342.3,271.1,80.0,155.7,282.3,67.6,185.1,115.2,115.3,147.6,71.9,1.6,249.1,257.9,156.2,109.4,2.1,122.6,249.17225464745775,252.4,65.5,27.7,156.8,132.8,63.1,50.8,42.9,82.2,102.3,405.4,172.8,134.0,95.4,68.3,108.4,155.2,0.8,108.6,248.0,59.5,219.9294274303062,8.2,120.7,710.5,83.3,43.0,7.5,109.5,253.76123441570192,317.595739563449,27.7,0.1,139.2,439.4782278805901,416.4,406.4,215.3,69.4,18.2,2.9,121.1,300.4,0.2,0.5,0.2,177.7,0.1,1.7806424770498719,0.1,0.1,0.2,0.6,1.0,9.2,577.5,225.41211921176472,13.0,517.8,1.4,170.5,3.1,121.0,38.362305209743006,9.7,156.2,2.1,135.1,120.8,108.7,67.8,126.2,9.4,2.2,1.8,71.08755100548203,156.4,192.2,243.7,125.1,1.2,165.9,2.8,23.5,6.1,368.5,169.4,66.4,5.7,1.0,63.8,19.6,200.3,14.350980546795384,11.92451119662534,356.0,232.2,12.3,17.7,33.5,193.6,23.8,1.2,1.2,130.9,0.8,7.3,1.1,241.0,2.2,97.4,71.3,47.4,8.2,0.5,2.7,58.6,90.0,0.6,128.0,7.6,72.9,85.1,64.2,9.4,0.4,175.9,6.9,0.1,62.0,124.9,20.8,135.6,82.6,5.0,2.4,40.1,107.2,4.6,127.8,62.8,49.4,12.6,287.7,37.7,153.1,93.0,11.6,0.1,0.6,126.5,53.4,12.1,41.7,8.5,0.6,27.2,0.1,0.1,0.2,158.2,14.6,148.9,11.1,40.3
2,125.1,88.2,76.2,222.8,150.5,264.1,114.5,260.6,195.7,201.7,378.8,253.9,349.7,279.66054597367435,146.2,255.5,101.0,282.8,291.4,409.8,213.2,179.98699194965465,319.4,137.8,215.0076344870052,141.4,152.0,369.4,220.8,121.7,259.0,105.6,411.3,256.1,160.7,236.8,163.5,236.5,195.7,86.0,250.1,244.6,214.1,296.0,308.2,325.0,935.5826264485543,324.2,101.5,148.4,227.95419979917327,78.4,163.6,450.6,275.8,204.9,217.3,110.6,169.3,364.0,128.5,148.26957873098394,282.6,86.9,25.8,568.6,241.7,291.7,187.0,289.7,248.4,1133.7,267.0,177.7,330.2,416.5,168.1,205.0,195.38656848791027,131.0,589.5,215.2,237.2,459.8,187.6,216.9,29.6,365.0,115.6,345.0,247.2,152.5,261.3,243.0,293.8,203.7,91.6,374.38441561535535,238.2,183.4,329.9,132.9,84.4,254.6,429.0,270.5,147.2,105.8,90.8,231.5,323.1,152.5,302.4,186.4,151.3,87.2,806.4,278.9,333.6,419.8,93.4,117.8,284.0,249.9,257.1,188.1,249.1,161.7,226.0,267.2,201.4,283.8,263.1,111.4,204.8,91.5,125.3,111.8,81.0,224.2,164.4,88.9,282.7,342.3,271.1,80.0,155.7,282.3,67.6,185.1,115.2,115.3,147.6,71.9,1.6,249.1,257.9,156.2,109.4,2.1,122.6,315.57752109997386,252.4,65.5,27.7,156.8,132.8,63.1,50.8,42.9,82.2,102.3,405.4,172.8,134.0,95.4,68.3,108.4,155.2,0.8,108.6,248.0,59.5,201.40657668776058,8.2,120.7,710.5,83.3,43.0,7.5,109.5,364.03614370501964,289.26833166571913,27.7,0.1,139.2,359.7051386552367,416.4,406.4,215.3,69.4,18.2,2.9,121.1,300.4,0.2,0.5,0.2,177.7,0.1,1.3511404189592142,0.1,0.1,0.2,0.6,1.0,9.2,577.5,241.7300066611117,13.0,517.8,1.4,170.5,3.1,121.0,36.6818468135317,9.7,156.2,2.1,135.1,120.8,108.7,67.8,126.2,9.4,2.2,1.8,53.00802498799445,156.4,192.2,243.7,125.1,1.2,165.9,2.8,23.5,6.1,368.5,169.4,66.4,5.7,1.0,63.8,19.6,200.3,12.936957289345766,13.333357195975474,356.0,232.2,12.3,17.7,33.5,193.6,23.8,1.2,1.2,130.9,0.8,7.3,1.1,241.0,2.2,97.4,71.3,47.4,8.2,0.5,2.7,58.6,90.0,0.6,128.0,7.6,72.9,85.1,64.2,9.4,0.4,175.9,6.9,0.1,62.0,124.9,20.8,135.6,82.6,5.0,2.4,40.1,107.2,4.6,127.8,62.8,49.4,12.6,287.7,37.7,153.1,93.0,11.6,0.1,0.6,126.5,53.4,12.1,41.7,8.5,0.6,27.2,0.1,0.1,0.2,158.2,14.6,148.9,11.1,40.3
3,125.1,88.2,76.2,222.8,150.5,264.1,114.5,260.6,195.7,201.7,378.8,253.9,349.7,329.12648771308153,146.2,255.5,101.0,282.8,291.4,409.8,213.2,144.29319414324672,319.4,137.8,269.01385831308545,141.4,152.0,369.4,220.8,121.7,259.0,105.6,411.3,256.1,160.7,236.8,163.5,236.5,195.7,86.0,250.1,244.6,214.1,296.0,308.2,325.0,896.4190183735857,324.2,101.5,148.4,197.06644041043006,78.4,163.6,450.6,275.8,204.9,217.3,110.6,169.3,364.0,128.5,161.15804028988742,282.6,86.9,25.8,568.6,241.7,291.7,187.0,289.7,248.4,1133.7,267.0,177.7,330.2,416.5,168.1,205.0,209.96894843607544,131.0,589.5,215.2,237.2,459.8,187.6,216.9,29.6,365.0,115.6,345.0,247.2,152.5,261.3,243.0,293.8,203.7,91.6,400.5294802163921,238.2,183.4,329.9,132.9,84.4,254.6,429.0,270.5,147.2,105.8,90.8,231.5,323.1,152.5,302.4,186.4,151.3,87.2,806.4,278.9,333.6,419.8,93.4,117.8,284.0,249.9,257.1,188.1,249.1,161.7,226.0,267.2,201.4,283.8,263.1,111.4,204.8,91.5,125.3,111.8,81.0,224.2,164.4,88.9,282.7,342.3,271.1,80.0,155.7,282.3,67.6,185.1,115.2,115.3,147.6,71.9,1.6,249.1,257.9,156.2,109.4,2.1,122.6,309.4869130524494,252.4,65.5,27.7,156.8,132.8,63.1,50.8,42.9,82.2,102.3,405.4,172.8,134.0,95.4,68.3,108.4,155.2,0.8,108.6,248.0,59.5,172.94010658355913,8.2,120.7,710.5,83.3,43.0,7.5,109.5,376.05445869071036,311.16005097183404,27.7,0.1,139.2,396.931508640997,416.4,406.4,215.3,69.4,18.2,2.9,121.1,300.4,0.2,0.5,0.2,177.7,0.1,1.7977911885635076,0.1,0.1,0.2,0.6,1.0,9.2,577.5,258.68009570829656,13.0,517.8,1.4,170.5,3.1,121.0,32.3893328079977,9.7,156.2,2.1,135.1,120.8,108.7,67.8,126.2,9.4,2.2,1.8,63.10246864090405,156.4,192.2,243.7,125.1,1.2,165.9,2.8,23.5,6.1,368.5,169.4,66.4,5.7,1.0,63.8,19.6,200.3,16.034625358230482,10.525256735555605,356.0,232.2,12.3,17.7,33.5,193.6,23.8,1.2,1.2,130.9,0.8,7.3,1.1,241.0,2.2,97.4,71.3,47.4,8.2,0.5,2.7,58.6,90.0,0.6,128.0,7.6,72.9,85.1,64.2,9.4,0.4,175.9,6.9,0.1,62.0,124.9,20.8,135.6,82.6,5.0,2.4,40.1,107.2,4.6,127.8,62.8,49.4,12.6,287.7,37.7,153.1,93.0,11.6,0.1,0.6,126.5,53.4,12.1,41.7,8.5,0.6,27.2,0.1,0.1,0.2,158.2,14.6,148.9,11.1,40.3
4,125.1,88.2,76.2,222.8,150.5,264.1,114.5,260.6,195.7,201.7,378.8,253.9,349.7,320.1929635564537,146.2,255.5,101.0,282.8,291.4,409.8,213.2,184.02132876353784,319.4,137.8,235.5187180016675,141.4,152.0,369.4,220.8,121.7,259.0,105.6,411.3,256.1,160.7,236.8,163.5,236.5,195.7,86.0,250.1,244.6,214.1,296.0,308.2,325.0,636.1673783070927,324.2,101.5,148.4,262.4552488301559,78.4,163.6,450.6,275.8,204.9,217.3,110.6,169.3,364.0,128.5,158.37636260503385,282.6,86.9,25.8,568.6,241.7,291.7,187.0,289.7,248.4,1133.7,267.0,177.7,330.2,416.5,168.1,205.0,211.55272563085455,131.0,589.5,215.2,237.2,459.8,187.6,216.9,29.6,365.0,115.6,345.0,247.2,152.5,261.3,243.0,293.8,203.7,91.6,441.181926506841,238.2,183.4,329.9,132.9,84.4,254.6,429.0,270.5,147.2,105.8,90.8,231.5,323.1,152.5,302.4,186.4,151.3,87.2,806.4,278.9,333.6,419.8,93.4,117.8,284.0,249.9,257.1,188.1,249.1,161.7,226.0,267.2,201.4,283.8,263.1,111.4,204.8,91.5,125.3,111.8,81.0,224.2,164.4,88.9,282.7,342.3,271.1,80.0,155.7,282.3,67.6,185.1,115.2,115.3,147.6,71.9,1.6,249.1,257.9,156.2,109.4,2.1,122.6,270.48887094284106,252.4,65.5,27.7,156.8,132.8,63.1,50.8,42.9,82.2,102.3,405.4,172.8,134.0,95.4,68.3,108.4,155.2,0.8,108.6,248.0,59.5,175.77537071594284,8.2,120.7,710.5,83.3,43.0,7.5,109.5,291.3548964894494,353.6015604539141,27.7,0.1,139.2,426.70681206318966,416.4,406.4,215.3,69.4,18.2,2.9,121.1,300.4,0.2,0.5,0.2,177.7,0.1,1.3923716768025112,0.1,0.1,0.2,0.6,1.0,9.2,577.5,200.8494220979902,13.0,517.8,1.4,170.5,3.1,121.0,31.00269941020248,9.7,156.2,2.1,135.1,120.8,108.7,67.8,126.2,9.4,2.2,1.8,55.54163654048772,156.4,192.2,243.7,125.1,1.2,165.9,2.8,23.5,6.1,368.5,169.4,66.4,5.7,1.0,63.8,19.6,200.3,13.253853382225728,14.368672793737339,356.0,232.2,12.3,17.7,33.5,193.6,23.8,1.2,1.2,130.9,0.8,7.3,1.1,241.0,2.2,97.4,71.3,47.4,8.2,0.5,2.7,58.6,90.0,0.6,128.0,7.6,72.9,85.1,64.2,9.4,0.4,175.9,6.9,0.1,62.0,124.9,20.8,135.6,82.6,5.0,2.4,40.1,107.2,4.6,127.8,62.8,49.4,12.6,287.7,37.7,153.1,93.0,11.6,0.1,0.6,126.5,53.4,12.1,41.7,8.5,0.6,27.2,0.1,0.1,0.2,158.2,14.6,148.9,11.1,40.3
5,125.1,88.2,76.2,222.8,150.5,264.1,114.5,260.6,195.7,201.7,378.8,253.9,349.7,259.4365214896274,146.2,255.5,101.0,282.8,291.4,409.8,213.2,168.03406978195358,319.4,137.8,246.3871463122056,141.4,152.0,369.4,220.8,121.7,259.0,105.6,411.3,256.1,160.7,236.8,163.5,236.5,195.7,86.0,250.1,244.6,214.1,296.0,308.2,325.0,750.3305201271123,324.2,101.5,148.4,215.4625382291255,78.4,163.6,450.6,275.8,204.9,217.3,110.6,169.3,364.0,128.5,170.05359702002426,282.6,86.9,25.8,568.6,241.7,291.7,187.0,289.7,248.4,1133.7,267.0,177.7,330.2,416.5,168.1,205.0,206.01141248509256,131.0,589.5,215.2,237.2,459.8,187.6,216.9,29.6,365.0,115.6,345.0,247.2,152.5,261.3,243.0,293.8,203.7,91.6,319.938393354749,238.2,183.4,329.9,132.9,84.4,254.6,429.0,270.5,147.2,105.8,90.8,231.5,323.1,152.5,302.4,186.4,151.3,87.2,806.4,278.9,333.6,419.8,93.4,117.8,284.0,249.9,257.1,188.1,249.1,161.7,226.0,267.2,201.4,283.8,263.1,111.4,204.8,91.5,125.3,111.8,81.0,224.2,164.4,88.9,282.7,342.3,271.1,80.0,155.7,282.3,67.6,185.1,115.2,115.3,147.6,71.9,1.6,249.1,257.9,156.2,109.4,2.1,122.6,232.7163300328839,252.4,65.5,27.7,156.8,132.8,63.1,50.8,42.9,82.2,102.3,405.4,172.8,134.0,95.4,68.3,108.4,155.2,0.8,108.6,248.0,59.5,167.9565105313522,8.2,120.7,710.5,83.3,43.0,7.5,109.5,367.54556427430595,339.2156193762624,27.7,0.1,139.2,481.54344595971514,416.4,406.4,215.3,69.4,18.2,2.9,121.1,300.4,0.2,0.5,0.2,177.7,0.1,1.4979269958089374,0.1,0.1,0.2,0.6,1.0,9.2,577.5,230.1415357027538,13.0,517.8,1.4,170.5,3.1,121.0,33.79552021356356,9.7,156.2,2.1,135.1,120.8,108.7,67.8,126.2,9.4,2.2,1.8,60.40649870589641,156.4,192.2,243.7,125.1,1.2,165.9,2.8,23.5,6.1,368.5,169.4,66.4,5.7,1.0,63.8,19.6,200.3,15.958335922280723,15.594140301650704,356.0,232.2,12.3,17.7,33.5,193.6,23.8,1.2,1.2,130.9,0.8,7.3,1.1,241.0,2.2,97.4,71.3,47.4,8.2,0.5,2.7,58.6,90.0,0.6,128.0,7.6,72.9,85.1,64.2,9.4,0.4,175.9,6.9,0.1,62.0,124.9,20.8,135.6,82.6,5.0,2.4,40.1,107.2,4.6,127.8,62.8,49.4,12.6,287.7,37.7,153.1,93.0,11.6,0.1,0.6,126.5,53.4,12.1,41.7,8.5,0.6,27.2,0.1,0.1,0.2,158.2,14.6,148.9,11.1,40.3
6,125.1,88.2,76.2,222.8,150.5,264.1,114.5,260.6,195.7,201.7,378.8,253.9,349.7,320.10748876635023,146.2,255.5,101.0,282.8,291.4,409.8,213.2,176.8546711578336,319.4,137.8,262.00256261430525,141.4,152.0,369.4,220.8,121.7,259.0,105.6,411.3,256.1,160.7,236.8,163.5,236.5,195.7,86.0,250.1,244.6,214.1,296.0,308.2,325.0,851.2587058914553,324.2,101.5,148.4,223.733528143512,78.4,163.6,450.6,275.8,204.9,217.3,110.6,169.3,364.0,128.5,155.94953232260423,282.6,86.9,25.8,568.6,241.7,291.7,187.0,289.7,248.4,1133.7,267.0,177.7,330.2,416.5,168.1,205.0,195.9234267269079,131.0,589.5,215.2,237.2,459.8,187.6,216.9,29.6,365.0,115.6,345.0,247.2,152.5,261.3,243.0,293.8,203.7,91.6,358.85561053360175,238.2,183.4,329.9,132.9,84.4,254.6,429.0,270.5,147.2,105.8,90.8,231.5,323.1,152.5,302.4,186.4,151.3,87.2,806.4,278.9,333.6,419.8,93.4,117.8,284.0,249.9,257.1,188.1,249.1,161.7,226.0,267.2,201.4,283.8,263.1,111.4,204.8,91.5,125.3,111.8,81.0,224.2,164.4,88.9,282.7,342.3,271.1,80.0,155.7,282.3,67.6,185.1,115.2,115.3,147.6,71.9,1.6,249.1,257.9,156.2,109.4,2.1,122.6,252.99981455455634,252.4,65.5,27.7,156.8,132.8,63.1,50.8,42.9,82.2,102.3,405.4,172.8,134.0,95.4,68.3,108.4,155.2,0.8,108.6,248.0,59.5,244.25367929916533,8.2,120.7,710.5,83.3,43.0,7.5,109.5,285.4069966860494,292.7845682821709,27.7,0.1,139.2,341.95355546510103,416.4,406.4,215.3,69.4,18.2,2.9,121.1,300.4,0.2,0.5,0.2,177.7,0.1,1.3331073724083722,0.1,0.1,0.2,0.6,1.0,9.2,577.5,203.54817608058164,13.0,517.8,1.4,170.5,3.1,121.0,34.63327251855643,9.7,156.2,2.1,135.1,120.8,108.7,67.8,126.2,9.4,2.2,1.8,62.856568271455444,156.4,192.2,243.7,125.1,1.2,165.9,2.8,23.5,6.1,368.5,169.4,66.4,5.7,1.0,63.8,19.6,200.3,12.670913429311328,11.086788081831537,356.0,232.2,12.3,17.7,33.5,193.6,23.8,1.2,1.2,130.9,0.8,7.3,1.1,241.0,2.2,97.4,71.3,47.4,8.2,0.5,2.7,58.6,90.0,0.6,128.0,7.6,72.9,85.1,64.2,9.4,0.4,175.9,6.9,0.1,62.0,124.9,20.8,135.6,82.6,5.0,2.4,40.1,107.2,4.6,127.8,62.8,49.4,12.6,287.7,37.7,153.1,93.0,11.6,0.1,0.6,126.5,53.4,12.1,41.7,8.5,0.6,27.2,0.1,0.1,0.2,158.2,14.6,148.9,11.1,40.3
7,125.1,88.2,76.2,222.8,150.5,264.1,114.5,260.6,195.7,201.7,378.8,253.9,349.7,248.6486194604284,146.2,255.5,101.0,282.8,291.4,409.8,213.2,169.48393907902155,319.4,137.8,223.91882626520172,141.4,152.0,369.4,220.8,121.7,259.0,105.6,411.3,256.1,160.7,236.8,163.5,236.5,195.7,86.0,250.1,244.6,214.1,296.0,308.2,325.0,665.7670629599608,324.2,101.5,148.4,237.9426627732911,78.4,163.6,450.6,275.8,204.9,217.3,110.6,169.3,364.0,128.5,129.29328812174916,282.6,86.9,25.8,568.6,241.7,291.7,187.0,289.7,248.4,1133.7,267.0,177.7,330.2,416.5,168.1,205.0,172.10712473047644,131.0,589.5,215.2,237.2,459.8,187.6,216.9,29.6,365.0,115.6,345.0,247.2,152.5,261.3,243.0,293.8,203.7,91.6,434.6653559645931,238.2,183.4,329.9,132.9,84.4,254.6,429.0,270.5,147.2,105.8,90.8,231.5,323.1,152.5,302.4,186.4,151.3,87.2,806.4,278.9,333.6,419.8,93.4,117.8,284.0,249.9,257.1,188.1,249.1,161.7,226.0,267.2,201.4,283.8,263.1,111.4,204.8,91.5,125.3,111.8,81.0,224.2,164.4,88.9,282.7,342.3,271.1,80.0,155.7,282.3,67.6,185.1,115.2,115.3,147.6,71.9,1.6,249.1,257.9,156.2,109.4,2.1,122.6,238.38723085055668,252.4,65.5,27.7,156.8,132.8,63.1,50.8,42.9,82.2,102.3,405.4,172.8,134.0,95.4,68.3,108.4,155.2,0.8,108.6,248.0,59.5,201.74043462864176,8.2,120.7,710.5,83.3,43.0,7.5,109.5,258.0931089896069,352.80968071301834,27.7,0.1,139.2,466.23543181899765,416.4,406.4,215.3,69.4,18.2,2.9,121.1,300.4,0.2,0.5,0.2,177.7,0.1,1.7692848225957736,0.1,0.1,0.2,0.6,1.0,9.2,577.5,216.59763419443988,13.0,517.8,1.4,170.5,3.1,121.0,44.419249024530146,9.7,156.2,2.1,135.1,120.8,108.7,67.8,126.2,9.4,2.2,1.8,64.73612359328592,156.4,192.2,243.7,125.1,1.2,165.9,2.8,23.5,6.1,368.5,169.4,66.4,5.7,1.0,63.8,19.6,200.3,16.03760366686527,13.682299497066442,356.0,232.2,12.3,17.7,33.5,193.6,23.8,1.2,1.2,130.9,0.8,7.3,1.1,241.0,2.2,97.4,71.3,47.4,8.2,0.5,2.7,58.6,90.0,0.6,128.0,7.6,72.9,85.1,64.2,9.4,0.4,175.9,6.9,0.1,62.0,124.9,20.8,135.6,82.6,5.0,2.4,40.1,107.2,4.6,127.8,62.8,49.4,12.6,287.7,37.7,153.1,93.0,11.6,0.1,0.6,126.5,53.4,12.1,41.7,8.5,0.6,27.2,0.1,0.1,0.2,158.2,14.6,148.9,11.1,40.3
8,125.1,88.2,76.2,222.8,150.5,264.1,114.5,260.6,195.7,201.7,378.8,253.9,349.7,313.98675768141504,146.2,255.5,101.0,282.8,291.4,409.8,213.2,132.58190716670455,319.4,137.8,228.5487013273206,141.4,152.0,369.4,220.8,121.7,259.0,105.6,411.3,256.1,160.7,236.8,163.5,236.5,195.7,86.0,250.1,244.6,214.1,296.0,308.2,325.0,666.3035301015237,324.2,101.5,148.4,229.99349511812247,78.4,163.6,450.6,275.8,204.9,217.3,110.6,169.3,364.0,128.5,133.21379556638215,282.6,86.9,25.8,568.6,241.7,291.7,187.0,289.7,248.4,1133.7,267.0,177.7,330.2,416.5,168.1,205.0,162.79002377672805,131.0,589.5,215.2,237.2,459.8,187.6,216.9,29.6,365.0,115.6,345.0,247.2,152.5,261.3,243.0,293.8,203.7,91.6,404.92694110185624,238.2,183.4,329.9,132.9,84.4,254.6,429.0,270.5,147.2,105.8,90.8,231.5,323.1,152.5,302.4,186.4,151.3,87.2,806.4,278.9,333.6,419.8,93.4,117.8,284.0,249.9,257.1,188.1,249.1,161.7,226.0,267.2,201.4,283.8,263.1,111.4,204.8,91.5,125.3,111.8,81.0,224.2,164.4,88.9,282.7,342.3,271.1,80.0,155.7,282.3,67.6,185.1,115.2,115.3,147.6,71.9,1.6,249.1,257.9,156.2,109.4,2.1,122.6,264.12355430185113,252.4,65.5,27.7,156.8,132.8,63.1,50.8,42.9,82.2,102.3,405.4,172.8,134.0,95.4,68.3,108.4,155.2,0.8,108.6,248.0,59.5,243.19300709366254,8.2,120.7,710.5,83.3,43.0,7.5,109.5,321.8794096718966,344.6697401084772,27.7,0.1,139.2,426.9056851504576,416.4,406.4,215.3,69.4,18.2,2.9,121.1,300.4,0.2,0.5,0.2,177.7,0.1,1.4438513565776403,0.1,0.1,0.2,0.6,1.0,9.2,577.5,200.67169265158577,13.0,517.8,1.4,170.5,3.1,121.0,33.64012871101671,9.7,156.2,2.1,135.1,120.8,108.7,67.8,126.2,9.4,2.2,1.8,71.86313698441546,156.4,192.2,243.7,125.1,1.2,165.9,2.8,23.5,6.1,368.5,169.4,66.4,5.7,1.0,63.8,19.6,200.3,15.793018786391652,13.811131152688965,356.0,232.2,12.3,17.7,33.5,193.6,23.8,1.2,1.2,130.9,0.8,7.3,1.1,241.0,2.2,97.4,71.3,47.4,8.2,0.5,2.7,58.6,90.0,0.6,128.0,7.6,72.9,85.1,64.2,9.4,0.4,175.9,6.9,0.1,62.0,124.9,20.8,135.6,82.6,5.0,2.4,40.1,107.2,4.6,127.8,62.8,49.4,12.6,287.7,37.7,153.1,93.0,11.6,0.1,0.6,126.5,53.4,12.1,41.7,8.5,0.6,27.2,0.1,0.1,0.2,158.2,14.6,148.9,11.1,40.3
9,125.1,88.2,76.2,222.8,150.5,264.1,114.5,260.6,195.7,201.7,378.8,253.9,349.7,236.9468745699199,146.2,255.5,101.0,282.8,291.4,409.8,213.2,169.9244579536506,319.4,137.8,299.32892779870053,141.4,152.0,369.4,220.8,121.7,259.0,105.6,411.3,256.1,160.7,236.8,163.5,236.5,195.7,86.0,250.1,244.6,214.1,296.0,308.2,325.0,842.0209588443364,324.2,101.5,148.4,270.0159936085326,78.4,163.6,450.6,275.8,204.9,217.3,110.6,169.3,364.0,128.5,174.78014295084418,282.6,86.9,25.8,568.6,241.7,291.7,187.0,289.7,248.4,1133.7,267.0,177.7,330.2,416.5,168.1,205.0,178.39839618319974,131.0,589.5,215.2,237.2,459.8,187.6,216.9,29.6,365.0,115.6,345.0,247.2,152.5,261.3,243.0,293.8,203.7,91.6,330.23386761687857,238.2,183.4,329.9,132.9,84.4,254.6,429.0,270.5,147.2,105.8,90.8,231.5,323.1,152.5,302.4,186.4,151.3,87.2,806.4,278.9,333.6,419.8,93.4,117.8,284.0,249.9,257.1,188.1,249.1,161.7,226.0,267.2,201.4,283.8,263.1,111.4,204.8,91.5,125.3,111.8,81.0,224.2,164.4,88.9,282.7,342.3,271.1,80.0,155.7,282.3,67.6,185.1,115.2,115.3,147.6,71.9,1.6,249.1,257.9,156.2,109.4,2.1,122.6,273.720209198164,252.4,65.5,27.7,156.8,132.8,63.1,50.8,42.9,82.2,102.3,405.4,172.8,134.0,95.4,68.3,108.4,155.2,0.8,108.6,248.0,59.5,247.24806180981153,8.2,120.7,710.5,83.3,43.0,7.5,109.5,294.07693904860844,250.95267771390888,27.7,0.1,139.2,405.0120603197891,416.4,406.4,215.3,69.4,18.2,2.9,121.1,300.4,0.2,0.5,0.2,177.7,0.1,1.7053234061781994,0.1,0.1,0.2,0.6,1.0,9.2,577.5,212.31646002524457,13.0,517.8,1.4,170.5,3.1,121.0,39.67095496483172,9.7,156.2,2.1,135.1,120.8,108.7,67.8,126.2,9.4,2.2,1.8,64.88907607527348,156.4,192.2,243.7,125.1,1.2,165.9,2.8,23.5,6.1,368.5,169.4,66.4,5.7,1.0,63.8,19.6,200.3,12.63382024339042,13.033869825393367,356.0,232.2,12.3,17.7,33.5,193.6,23.8,1.2,1.2,130.9,0.8,7.3,1.1,241.0,2.2,97.4,71.3,47.4,8.2,0.5,2.7,58.6,90.0,0.6,128.0,7.6,72.9,85.1,64.2,9.4,0.4,175.9,6.9,0.1,62.0,124.9,20.8,135.6,82.6,5.0,2.4,40.1,107.2,4.6,127.8,62.8,49.4,12.6,287.7,37.7,153.1,93.0,11.6,0.1,0.6,126.5,53.4,12.1,41.7,8.5,0.6,27.2,0.1,0.1,0.2,158.2,14.6,148.9,11.1,40.3
10,125.1,88.2,76.2,222.8,150.5,264.1,114.5,260.6,195.7,201.7,378.8,253.9,349.7,226.97561661190667,146.2,255.5,101.0,282.8,291.4,409.8,213.2,165.83352741747524,319.4,137.8,220.30646690191105,141.4,152.0,369.4,220.8,121.7,259.0,105.6,411.3,256.1,160.7,236.8,163.5,236.5,195.7,86.0,250.1,244.6,214.1,296.0,308.2,325.0,734.9613682914421,324.2,101.5,148.4,202.36801900908566,78.4,163.6,450.6,275.8,204.9,217.3,110.6,169.3,364.0,128.5,173.86983757341633,282.6,86.9,25.8,568.6,241.7,291.7,187.0,289.7,248.4,1133.7,267.0,177.7,330.2,416.5,168.1,205.0,194.8218224919859,131.0,589.5,215.2,237.2,459.8,187.6,216.9,29.6,365.0,115.6,345.0,247.2,152.5,261.3,243.0,293.8,203.7,91.6,438.7536848276974,238.2,183.4,329.9,132.9,84.4,254.6,429.0,270.5,147.2,105.8,90.8,231.5,323.1,152.5,302.4,186.4,151.3,87.2,806.4,278.9,333.6,419.8,93.4,117.8,284.0,249.9,257.1,188.1,249.1,161.7,226.0,267.2,201.4,283.8,263.1,111.4,204.8,91.5,125.3,111.8,81.0,224.2,164.4,88.9,282.7,342.3,271.1,80.0,155.7,282.3,67.6,185.1,115.2,115.3,147.6,71.9,1.6,249.1,257.9,156.2,109.4,2.1,122.6,314.24938821330664,252.4,65.5,27.7,156.8,132.8,63.1,50.8,42.9,82.2,102.3,405.4,172.8,134.0,95.4,68.3,108.4,155.2,0.8,108.6,248.0,59.5,232.67210193387456,8.2,120.7,710.5,83.3,43.0,7.5,109.5,287.59432036848006,335.38897723777546,27.7,0.1,139.2,335.2446054413282,416.4,406.4,215.3,69.4,18.2,2.9,121.1,300.4,0.2,0.5,0.2,177.7,0.1,1.8257741514647312,0.1,0.1,0.2,0.6,1.0,9.2,577.5,234.17660235072898,13.0,517.8,1.4,170.5,3.1,121.0,34.19307165584958,9.7,156.2,2.1,135.1,120.8,108.7,67.8,126.2,9.4,2.2,1.8,61.86367201433174,156.4,192.2,243.7,125.1,1.2,165.9,2.8,23.5,6.1,368.5,169.4,66.4,5.7,1.0,63.8,19.6,200.3,14.087652953678639,11.937297470655809,356.0,232.2,12.3,17.7,33.5,193.6,23.8,1.2,1.2,130.9,0.8,7.3,1.1,241.0,2.2,97.4,71.3,47.4,8.2,0.5,2.7,58.6,90.0,0.6,128.0,7.6,72.9,85.1,64.2,9.4,0.4,175.9,6.9,0.1,62.0,124.9,20.8,135.6,82.6,5.0,2.4,40.1,107.2,4.6,127.8,62.8,49.4,12.6,287.7,37.7,153.1,93.0,11.6,0.1,0.6,126.5,53.4,12.1,41.7,8.5,0.6,27.2,0.1,0.1,0.2,158.2,14.6,148.9,11.1,40.3
11,125.1,88.2,76.2,222.8,150.5,264.1,114.5,260.6,195.7,201.7,378.8,253.9,349.7,257.3741233966959,146.2,255.5,101.0,282.8,291.4,409.8,213.2,179.0015400097172,319.4,137.8,239.50345146553303,141.4,152.0,369.4,220.8,121.7,259.0,105.6,411.3,256.1,160.7,236.8,163.5,236.5,195.7,86.0,250.1,244.6,214.1,296.0,308.2,325.0,722.9353409573129,324.2,101.5,148.4,229.84933840517485,78.4,163.6,450.6,275.8,204.9,217.3,110.6,169.3,364.0,128.5,137.59417981735186,282.6,86.9,25.8,568.6,241.7,291.7,187.0,289.7,248.4,1133.7,267.0,177.7,330.2,416.5,168.1,205.0,196.5583975611554,131.0,589.5,215.2,237.2,459.8,187.6,216.9,29.6,365.0,115.6,345.0,247.2,152.5,261.3,243.0,293.8,203.7,91.6,337.18918094169453,238.2,183.4,329.9,132.9,84.4,254.6,429.0,270.5,147.2,105.8,90.8,231.5,323.1,152.5,302.4,186.4,151.3,87.2,806.4,278.9,333.6,419.8,93.4,117.8,284.0,249.9,257.1,188.1,249.1,161.7,226.0,267.2,201.4,283.8,263.1,111.4,204.8,91.5,125.3,111.8,81.0,224.2,164.4,88.9,282.7,342.3,271.1,80.0,155.7,282.3,67.6,185.1,115.2,115.3,147.6,71.9,1.6,249.1,257.9,156.2,109.4,2.1,122.6,275.42684336108465,252.4,65.5,27.7,156.8,132.8,63.1,50.8,42.9,82.2,102.3,405.4,172.8,134.0,95.4,68.3,108.4,155.2,0.8,108.6,248.0,59.5,196.12983617326654,8.2,120.7,710.5,83.3,43.0,7.5,109.5,273.58174141742126,248.21031319775432,27.7,0.1,139.2,376.7842571065892,416.4,406.4,215.3,69.4,18.2,2.9,121.1,300.4,0.2,0.5,0.2,177.7,0.1,1.2947461019642335,0.1,0.1,0.2,0.6,1.0,9.2,577.5,213.6413757849328,13.0,517.8,1.4,170.5,3.1,121.0,38.08458993778706,9.7,156.2,2.1,135.1,120.8,108.7,67.8,126.2,9.4,2.2,1.8,57.54427852462739,156.4,192.2,243.7,125.1,1.2,165.9,2.8,23.5,6.1,368.5,169.4,66.4,5.7,1.0,63.8,19.6,200.3,17.23645547695692,10.52109995959464,356.0,232.2,12.3,17.7,33.5,193.6,23.8,1.2,1.2,130.9,0.8,7.3,1.1,241.0,2.2,97.4,71.3,47.4,8.2,0.5,2.7,58.6,90.0,0.6,128.0,7.6,72.9,85.1,64.2,9.4,0.4,175.9,6.9,0.1,62.0,124.9,20.8,135.6,82.6,5.0,2.4,40.1,107.2,4.6,127.8,62.8,49.4,12.6,287.7,37.7,153.1,93.0,11.6,0.1,0.6,126.5,53.4,12.1,41.7,8.5,0.6,27.2,0.1,0.1,0.2,158.2,14.6,148.9,11.1,40.3
12,125.1,88.2,76.2,222.8,150.5,264.1,114.5,260.6,195.7,201.7,378.8,253.9,349.7,233.15337881776267,146.2,255.5,101.0,282.8,291.4,409.8,213.2,128.47238835776255,319.4,137.8,294.5353700301185,141.4,152.0,369.4,220.8,121.7,259.0,105.6,411.3,256.1,160.7,236.8,163.5,236.5,195.7,86.0,250.1,244.6,214.1,296.0,308.2,325.0,796.6373150652823,324.2,101.5,148.4,204.41984537105745,78.4,163.6,450.6,275.8,204.9,217.3,110.6,169.3,364.0,128.5,120.3300166128586,282.6,86.9,25.8,568.6,241.7,291.7,187.0,289.7,248.4,1133.7,267.0,177.7,330.2,416.5,168.1,205.0,186.20283211212444,131.0,589.5,215.2,237.2,459.8,187.6,216.9,29.6,365.0,115.6,345.0,247.2,152.5,261.3,243.0,293.8,203.7,91.6,424.0750812022253,238.2,183.4,329.9,132.9,84.4,254.6,429.0,270.5,147.2,105.8,90.8,231.5,323.1,152.5,302.4,186.4,151.3,87.2,806.4,278.9,333.6,419.8,93.4,117.8,284.0,249.9,257.1,188.1,249.1,161.7,226.0,267.2,201.4,283.8,263.1,111.4,204.8,91.5,125.3,111.8,81.0,224.2,164.4,88.9,282.7,342.3,271.1,80.0,155.7,282.3,67.6,185.1,115.2,115.3,147.6,71.9,1.6,249.1,257.9,156.2,109.4,2.1,122.6,245.16177697477167,252.4,65.5,27.7,156.8,132.8,63.1,50.8,42.9,82.2,102.3,405.4,172.8,134.0,95.4,68.3,108.4,155.2,0.8,108.6,248.0,59.5,182.30697175319142,8.2,120.7,710.5,83.3,43.0,7.5,109.5,375.1725817101337,350.6103340193013,27.7,0.1,139.2,414.6642917571395,416.4,406.4,215.3,69.4,18.2,2.9,121.1,300.4,0.2,0.5,0.2,177.7,0.1,1.4413734068062216,0.1,0.1,0.2,0.6,1.0,9.2,577.5,232.999827984021,13.0,517.8,1.4,170.5,3.1,121.0,32.505390020843855,9.7,156.2,2.1,135.1,120.8,108.7,67.8,126.2,9.4,2.2,1.8,73.70550985822955,156.4,192.2,243.7,125.1,1.2,165.9,2.8,23.5,6.1,368.5,169.4,66.4,5.7,1.0,63.8,19.6,200.3,16.50124084992779,10.508222507895042,356.0,232.2,12.3,17.7,33.5,193.6,23.8,1.2,1.2,130.9,0.8,7.3,1.1,241.0,2.2,97.4,71.3,47.4,8.2,0.5,2.7,58.6,90.0,0.6,128.0,7.6,72.9,85.1,64.2,9.4,0.4,175.9,6.9,0.1,62.0,124.9,20.8,135.6,82.6,5.0,2.4,40.1,107.2,4.6,127.8,62.8,49.4,12.6,287.7,37.7,153.1,93.0,11.6,0.1,0.6,126.5,53.4,12.1,41.7,8.5,0.6,27.2,0.1,0.1,0.2,158.2,14.6,148.9,11.1,40.3
13,125.1,88.2,76.2,222.8,150.5,264.1,114.5,260.6,195.7,201.7,378.8,253.9,349.7,299.8738746008907,146.2,255.5,101.0,282.8,291.4,409.8,213.2,128.272322726655,319.4,137.8,254.55569296780757,141.4,152.0,369.4,220.8,121.7,259.0,105.6,411.3,256.1,160.7,236.8,163.5,236.5,195.7,86.0,250.1,244.6,214.1,296.0,308.2,325.0,927.687555348689,324.2,101.5,148.4,201.325865919326,78.4,163.6,450.6,275.8,204.9,217.3,110.6,169.3,364.0,128.5,163.73933373762844,282.6,86.9,25.8,568.6,241.7,291.7,187.0,289.7,248.4,1133.7,267.0,177.7,330.2,416.5,168.1,205.0,167.99962139803313,131.0,589.5,215.2,237.2,459.8,187.6,216.9,29.6,365.0,115.6,345.0,247.2,152.5,261.3,243.0,293.8,203.7,91.6,335.6670981419009,238.2,183.4,329.9,132.9,84.4,254.6,429.0,270.5,147.2,105.8,90.8,231.5,323.1,152.5,302.4,186.4,151.3,87.2,806.4,278.9,333.6,419.8,93.4,117.8,284.0,249.9,257.1,188.1,249.1,161.7,226.0,267.2,201.4,283.8,263.1,111.4,204.8,91.5,125.3,111.8,81.0,224.2,164.4,88.9,282.7,342.3,271.1,80.0,155.7,282.3,67.6,185.1,115.2,115.3,147.6,71.9,1.6,249.1,257.9,156.2,109.4,2.1,122.6,315.94884383689,252.4,65.5,27.7,156.8,132.8,63.1,50.8,42.9,82.2,102.3,405.4,172.8,134.0,95.4,68.3,108.4,155.2,0.8,108.6,248.0,59.5,220.48389554754175,8.2,120.7,710.5,83.3,43.0,7.5,109.5,328.24076867515953,345.03997410218506,27.7,0.1,139.2,359.6554938069603,416.4,406.4,215.3,69.4,18.2,2.9,121.1,300.4,0.2,0.5,0.2,177.7,0.1,1.4643551347008015,0.1,0.1,0.2,0.6,1.0,9.2,577.5,244.05491114236187,13.0,517.8,1.4,170.5,3.1,121.0,41.50992307557064,9.7,156.2,2.1,135.1,120.8,108.7,67.8,126.2,9.4,2.2,1.8,74.49390369487362,156.4,192.2,243.7,125.1,1.2,165.9,2.8,23.5,6.1,368.5,169.4,66.4,5.7,1.0,63.8,19.6,200.3,14.30272156117338,12.75910441502808,356.0,232.2,12.3,17.7,33.5,193.6,23.8,1.2,1.2,130.9,0.8,7.3,1.1,241.0,2.2,97.4,71.3,47.4,8.2,0.5,2.7,58.6,90.0,0.6,128.0,7.6,72.9,85.1,64.2,9.4,0.4,175.9,6.9,0.1,62.0,124.9,20.8,135.6,82.6,5.0,2.4,40.1,107.2,4.6,127.8,62.8,49.4,12.6,287.7,37.7,153.1,93.0,11.6,0.1,0.6,126.5,53.4,12.1,41.7,8.5,0.6,27.2,0.1,0.1,0.2,158.2,14.6,148.9,11.1,40.3
14,125.1,88.2,76.2,222.8,150.5,264.1,114.5,260.6,195.7,201.7,378.8,253.9,349.7,255.44690780991226,146.2,255.5,101.0,282.8,291.4,409.8,213.2,155.80874578556828,319.4,137.8,267.8303366973276,141.4,152.0,369.4,220.8,121.7,259.0,105.6,411.3,256.1,160.7,236.8,163.5,236.5,195.7,86.0,250.1,244.6,214.1,296.0,308.2,325.0,812.5784035012355,324.2,101.5,148.4,205.36952028654332,78.4,163.6,450.6,275.8,204.9,217.3,110.6,169.3,364.0,128.5,137.35067133084718,282.6,86.9,25.8,568.6,241.7,291.7,187.0,289.7,248.4,1133.7,267.0,177.7,330.2,416.5,168.1,205.0,196.07869763117225,131.0,589.5,215.2,237.2,459.8,187.6,216.9,29.6,365.0,115.6,345.0,247.2,152.5,261.3,243.0,293.8,203.7,91.6,396.2067434780769,238.2,183.4,329.9,132.9,84.4,254.6,429.0,270.5,147.2,105.8,90.8,231.5,323.1,152.5,302.4,186.4,151.3,87.2,806.4,278.9,333.6,419.8,93.4,117.8,284.0,249.9,257.1,188.1,249.1,161.7,226.0,267.2,201.4,283.8,263.1,111.4,204.8,91.5,125.3,111.8,81.0,224.2,164.4,88.9,282.7,342.3,271.1,80.0,155.7,282.3,67.6,185.1,115.2,115.3,147.6,71.9,1.6,249.1,257.9,156.2,109.4,2.1,122.6,288.73732673764744,252.4,65.5,27.7,156.8,132.8,63.1,50.8,42.9,82.2,102.3,405.4,172.8,134.0,95.4,68.3,108.4,155.2,0.8,108.6,248.0,59.5,214.40596153794232,8.2,120.7,710.5,83.3,43.0,7.5,109.5,372.97022243183204,327.1345441952084,27.7,0.1,139.2,407.66543151040287,416.4,406.4,215.3,69.4,18.2,2.9,121.1,300.4,0.2,0.5,0.2,177.7,0.1,1.6963917988807784,0.1,0.1,0.2,0.6,1.0,9.2,577.5,243.773450261178,13.0,517.8,1.4,170.5,3.1,121.0,33.79263433971532,9.7,156.2,2.1,135.1,120.8,108.7,67.8,126.2,9.4,2.2,1.8,56.63681600132029,156.4,192.2,243.7,125.1,1.2,165.9,2.8,23.5,6.1,368.5,169.4,66.4,5.7,1.0,63.8,19.6,200.3,14.497858315706914,13.149603606478715,356.0,232.2,12.3,17.7,33.5,193.6,23.8,1.2,1.2,130.9,0.8,7.3,1.1,241.0,2.2,97.4,71.3,47.4,8.2,0.5,2.7,58.6,90.0,0.6,128.0,7.6,72.9,85.1,64.2,9.4,0.4,175.9,6.9,0.1,62.0,124.9,20.8,135.6,82.6,5.0,2.4,40.1,107.2,4.6,127.8,62.8,49.4,12.6,287.7,37.7,153.1,93.0,11.6,0.1,0.6,126.5,53.4,12.1,41.7,8.5,0.6,27.2,0.1,0.1,0.2,158.2,14.6,148.9,11.1,40.3
15,125.1,88.2,76.2,222.8,150.5,264.1,114.5,260.6,195.7,201.7,378.8,253.9,349.7,256.0637994283535,146.2,255.5,101.0,282.8,291.4,409.8,213.2,133.95457805423965,319.4,137.8,231.7414034764409,141.4,152.0,369.4,220.8,121.7,259.0,105.6,411.3,256.1,160.7,236.8,163.5,236.5,195.7,86.0,250.1,244.6,214.1,296.0,308.2,325.0,696.9934456992412,324.2,101.5,148.4,278.35154616012215,78.4,163.6,450.6,275.8,204.9,217.3,110.6,169.3,364.0,128.5,138.54391919942665,282.6,86.9,25.8,568.6,241.7,291.7,187.0,289.7,248.4,1133.7,267.0,177.7,330.2,416.5,168.1,205.0,227.8892159706783,131.0,589.5,215.2,237.2,459.8,187.6,216.9,29.6,365.0,115.6,345.0,247.2,152.5,261.3,243.0,293.8,203.7,91.6,314.98997541235843,238.2,183.4,329.9,132.9,84.4,254.6,429.0,270.5,147.2,105.8,90.8,231.5,323.1,152.5,302.4,186.4,151.3,87.2,806.4,278.9,333.6,419.8,93.4,117.8,284.0,249.9,257.1,188.1,249.1,161.7,226.0,267.2,201.4,283.8,263.1,111.4,204.8,91.5,125.3,111.8,81.0,224.2,164.4,88.9,282.7,342.3,271.1,80.0,155.7,282.3,67.6,185.1,115.2,115.3,147.6,71.9,1.6,249.1,257.9,156.2,109.4,2.1,122.6,281.5538107778802,252.4,65.5,27.7,156.8,132.8,63.1,50.8,42.9,82.2,102.3,405.4,172.8,134.0,95.4,68.3,108.4,155.2,0.8,108.6,248.0,59.5,206.92307234499816,8.2,120.7,710.5,83.3,43.0,7.5,109.5,331.233754692864,349.9958252408366,27.7,0.1,139.2,438.2901635858902,416.4,406.4,215.3,69.4,18.2,2.9,121.1,300.4,0.2,0.5,0.2,177.7,0.1,1.2824464224789678,0.1,0.1,0.2,0.6,1.0,9.2,577.5,239.74771669591138,13.0,517.8,1.4,170.5,3.1,121.0,37.55640358870893,9.7,156.2,2.1,135.1,120.8,108.7,67.8,126.2,9.4,2.2,1.8,65.24069957711494,156.4,192.2,243.7,125.1,1.2,165.9,2.8,23.5,6.1,368.5,169.4,66.4,5.7,1.0,63.8,19.6,200.3,15.415824289254138,13.627083298739853,356.0,232.2,12.3,17.7,33.5,193.6,23.8,1.2,1.2,130.9,0.8,7.3,1.1,241.0,2.2,97.4,71.3,47.4,8.2,0.5,2.7,58.6,90.0,0.6,128.0,7.6,72.9,85.1,64.2,9.4,0.4,175.9,6.9,0.1,62.0,124.9,20.8,135.6,82.6,5.0,2.4,40.1,107.2,4.6,127.8,62.8,49.4,12.6,287.7,37.7,153.1,93.0,11.6,0.1,0.6,126.5,53.4,12.1,41.7,8.5,0.6,27.2,0.1,0.1,0.2,158.2,14.6,148.9,11.1,40.3
16,125.1,88.2,76.2,222.8,150.5,264.1,114.5,260.6,195.7,201.7,378.8,253.9,349.7,296.32487941662237,146.2,255.5,101.0,282.8,291.4,409.8,213.2,144.52876361568627,319.4,137.8,242.13873624415686,141.4,152.0,369.4,220.8,121.7,259.0,105.6,411.3,256.1,160.7,236.8,163.5,236.5,195.7,86.0,250.1,244.6,214.1,296.0,308.2,325.0,646.8226450388294,324.2,101.5,148.4,267.31220565611386,78.4,163.6,450.6,275.8,204.9,217.3,110.6,169.3,364.0,128.5,122.90695904516747,282.6,86.9,25.8,568.6,241.7,291.7,187.0,289.7,248.4,1133.7,267.0,177.7,330.2,416.5,168.1,205.0,161.28240106088458,131.0,589.5,215.2,237.2,459.8,187.6,216.9,29.6,365.0,115.6,345.0,247.2,152.5,261.3,243.0,293.8,203.7,91.6,344.16100872305367,238.2,183.4,329.9,132.9,84.4,254.6,429.0,270.5,147.2,105.8,90.8,231.5,323.1,152.5,302.4,186.4,151.3,87.2,806.4,278.9,333.6,419.8,93.4,117.8,284.0,249.9,257.1,188.1,249.1,161.7,226.0,267.2,201.4,283.8,263.1,111.4,204.8,91.5,125.3,111.8,81.0,224.2,164.4,88.9,282.7,342.3,271.1,80.0,155.7,282.3,67.6,185.1,115.2,115.3,147.6,71.9,1.6,249.1,257.9,156.2,109.4,2.1,122.6,288.61842773664574,252.4,65.5,27.7,156.8,132.8,63.1,50.8,42.9,82.2,102.3,405.4,172.8,134.0,95.4,68.3,108.4,155.2,0.8,108.6,248.0,59.5,232.02786700522148,8.2,120.7,710.5,83.3,43.0,7.5,109.5,339.9497304826575,335.5628827872717,27.7,0.1,139.2,432.6597699371521,416.4,406.4,215.3,69.4,18.2,2.9,121.1,300.4,0.2,0.5,0.2,177.7,0.1,1.7813395656816229,0.1,0.1,0.2,0.6,1.0,9.2,577.5,187.13147414725833,13.0,517.8,1.4,170.5,3.1,121.0,30.880880049848553,9.7,156.2,2.1,135.1,120.8,108.7,67.8,126.2,9.4,2.2,1.8,72.01759354681921,156.4,192.2,243.7,125.1,1.2,165.9,2.8,23.5,6.1,368.5,169.4,66.4,5.7,1.0,63.8,19.6,200.3,17.19036085051647,11.454618870179317,356.0,232.2,12.3,17.7,33.5,193.6,23.8,1.2,1.2,130.9,0.8,7.3,1.1,241.0,2.2,97.4,71.3,47.4,8.2,0.5,2.7,58.6,90.0,0.6,128.0,7.6,72.9,85.1,64.2,9.4,0.4,175.9,6.9,0.1,62.0,124.9,20.8,135.6,82.6,5.0,2.4,40.1,107.2,4.6,127.8,62.8,49.4,12.6,287.7,37.7,153.1,93.0,11.6,0.1,0.6,126.5,53.4,12.1,41.7,8.5,0.6,27.2,0.1,0.1,0.2,158.2,14.6,148.9,11.1,40.3
17,125.1,88.2,76.2,222.8,150.5,264.1,114.5,260.6,195.7,201.7,378.8,253.9,349.7,311.56725671899886,146.2,255.5,101.0,282.8,291.4,409.8,213.2,176.13096531055243,319.4,137.8,296.49997310424885,141.4,152.0,369.4,220.8,121.7,259.0,105.6,411.3,256.1,160.7,236.8,163.5,236.5,195.7,86.0,250.1,244.6,214.1,296.0,308.2,325.0,755.5216688670267,324.2,101.5,148.4,198.57908532903346,78.4,163.6,450.6,275.8,204.9,217.3,110.6,169.3,364.0,128.5,169.87128735890923,282.6,86.9,25.8,568.6,241.7,291.7,187.0,289.7,248.4,1133.7,267.0,177.7,330.2,416.5,168.1,205.0,181.53916186510492,131.0,589.5,215.2,237.2,459.8,187.6,216.9,29.6,365.0,115.6,345.0,247.2,152.5,261.3,243.0,293.8,203.7,91.6,442.68603311465233,238.2,183.4,329.9,132.9,84.4,254.6,429.0,270.5,147.2,105.8,90.8,231.5,323.1,152.5,302.4,186.4,151.3,87.2,806.4,278.9,333.6,419.8,93.4,117.8,284.0,249.9,257.1,188.1,249.1,161.7,226.0,267.2,201.4,283.8,263.1,111.4,204.8,91.5,125.3,111.8,81.0,224.2,164.4,88.9,282.7,342.3,271.1,80.0,155.7,282.3,67.6,185.1,115.2,115.3,147.6,71.9,1.6,249.1,257.9,156.2,109.4,2.1,122.6,314.32946226284866,252.4,65.5,27.7,156.8,132.8,63.1,50.8,42.9,82.2,102.3,405.4,172.8,134.0,95.4,68.3,108.4,155.2,0.8,108.6,248.0,59.5,217.42077671302326,8.2,120.7,710.5,83.3,43.0,7.5,109.5,276.1914473509472,326.1681973425851,27.7,0.1,139.2,391.49784486931105,416.4,406.4,215.3,69.4,18.2,2.9,121.1,300.4,0.2,0.5,0.2,177.7,0.1,1.6249829837445766,0.1,0.1,0.2,0.6,1.0,9.2,577.5,228.99915161320493,13.0,517.8,1.4,170.5,3.1,121.0,44.6439878006956,9.7,156.2,2.1,135.1,120.8,108.7,67.8,126.2,9.4,2.2,1.8,70.47666269425429,156.4,192.2,243.7,125.1,1.2,165.9,2.8,23.5,6.1,368.5,169.4,66.4,5.7,1.0,63.8,19.6,200.3,14.544745420728855,12.352200715146568,356.0,232.2,12.3,17.7,33.5,193.6,23.8,1.2,1.2,130.9,0.8,7.3,1.1,241.0,2.2,97.4,71.3,47.4,8.2,0.5,2.7,58.6,90.0,0.6,128.0,7.6,72.9,85.1,64.2,9.4,0.4,175.9,6.9,0.1,62.0,124.9,20.8,135.6,82.6,5.0,2.4,40.1,107.2,4.6,127.8,62.8,49.4,12.6,287.7,37.7,153.1,93.0,11.6,0.1,0.6,126.5,53.4,12.1,41.7,8.5,0.6,27.2,0.1,0.1,0.2,158.2,14.6,148.9,11.1,40.3
18,125.1,88.2,76.2,222.8,150.5,264.1,114.5,260.6,195.7,201.7,378.8,253.9,349.7,260.17222169539383,146.2,255.5,101.0,282.8,291.4,409.8,213.2,129.64614135609017,319.4,137.8,213.1569812162388,141.4,152.0,369.4,220.8,121.7,259.0,105.6,411.3,256.1,160.7,236.8,163.5,236.5,195.7,86.0,250.1,244.6,214.1,296.0,308.2,325.0,655.1476062790249,324.2,101.5,148.4,282.4321524029323,78.4,163.6,450.6,275.8,204.9,217.3,110.6,169.3,364.0,128.5,178.15050293368617,282.6,86.9,25.8,568.6,241.7,291.7,187.0,289.7,248.4,1133.7,267.0,177.7,330.2,416.5,168.1,205.0,213.6069920701861,131.0,589.5,215.2,237.2,459.8,187.6,216.9,29.6,365.0,115.6,345.0,247.2,152.5,261.3,243.0,293.8,203.7,91.6,309.86441569386255,238.2,183.4,329.9,132.9,84.4,254.6,429.0,270.5,147.2,105.8,90.8,231.5,323.1,152.5,302.4,186.4,151.3,87.2,806.4,278.9,333.6,419.8,93.4,117.8,284.0,249.9,257.1,188.1,249.1,161.7,226.0,267.2,201.4,283.8,263.1,111.4,204.8,91.5,125.3,111.8,81.0,224.2,164.4,88.9,282.7,342.3,271.1,80.0,155.7,282.3,67.6,185.1,115.2,115.3,147.6,71.9,1.6,249.1,257.9,156.2,109.4,2.1,122.6,251.6938256720738,252.4,65.5,27.7,156.8,132.8,63.1,50.8,42.9,82.2,102.3,405.4,172.8,134.0,95.4,68.3,108.4,155.2,0.8,108.6,248.0,59.5,197.04223843285973,8.2,120.7,710.5,83.3,43.0,7.5,109.5,288.74777131756935,243.24166078347892,27.7,0.1,139.2,482.74036088519665,416.4,406.4,215.3,69.4,18.2,2.9,121.1,300.4,0.2,0.5,0.2,177.7,0.1,1.5656407485620174,0.1,0.1,0.2,0.6,1.0,9.2,577.5,198.57321374897205,13.0,517.8,1.4,170.5,3.1,121.0,43.143407569171586,9.7,156.2,2.1,135.1,120.8,108.7,67.8,126.2,9.4,2.2,1.8,50.969862546862394,156.4,192.2,243.7,125.1,1.2,165.9,2.8,23.5,6.1,368.5,169.4,66.4,5.7,1.0,63.8,19.6,200.3,15.360726182860368,13.243821811130806,356.0,232.2,12.3,17.7,33.5,193.6,23.8,1.2,1.2,130.9,0.8,7.3,1.1,241.0,2.2,97.4,71.3,47.4,8.2,0.5,2.7,58.6,90.0,0.6,128.0,7.6,72.9,85.1,64.2,9.4,0.4,175.9,6.9,0.1,62.0,124.9,20.8,135.6,82.6,5.0,2.4,40.1,107.2,4.6,127.8,62.8,49.4,12.6,287.7,37.7,153.1,93.0,11.6,0.1,0.6,126.5,53.4,12.1,41.7,8.5,0.6,27.2,0.1,0.1,0.2,158.2,14.6,148.9,11.1,40.3
19,125.1,88.2,76.2,222.8,150.5,264.1,114.5,260.6,195.7,201.7,378.8,253.9,349.7,249.1632959607223,146.2,255.5,101.0,282.8,291.4,409.8,213.2,181.97426989742738,319.4,137.8,215.0115082193097,141.4,152.0,369.4,220.8,121.7,259.0,105.6,411.3,256.1,160.7,236.8,163.5,236.5,195.7,86.0,250.1,244.6,214.1,296.0,308.2,325.0,747.2398778132409,324.2,101.5,148.4,246.27997619828287,78.4,163.6,450.6,275.8,204.9,217.3,110.6,169.3,364.0,128.5,153.2366155539917,282.6,86.9,25.8,568.6,241.7,291.7,187.0,289.7,248.4,1133.7,267.0,177.7,330.2,416.5,168.1,205.0,180.30296670453427,131.0,589.5,215.2,237.2,459.8,187.6,216.9,29.6,365.0,115.6,345.0,247.2,152.5,261.3,243.0,293.8,203.7,91.6,378.52917077179757,238.2,183.4,329.9,132.9,84.4,254.6,429.0,270.5,147.2,105.8,90.8,231.5,323.1,152.5,302.4,186.4,151.3,87.2,806.4,278.9,333.6,419.8,93.4,117.8,284.0,249.9,257.1,188.1,249.1,161.7,226.0,267.2,201.4,283.8,263.1,111.4,204.8,91.5,125.3,111.8,81.0,224.2,164.4,88.9,282.7,342.3,271.1,80.0,155.7,282.3,67.6,185.1,115.2,115.3,147.6,71.9,1.6,249.1,257.9,156.2,109.4,2.1,122.6,293.266588149883,252.4,65.5,27.7,156.8,132.8,63.1,50.8,42.9,82.2,102.3,405.4,172.8,134.0,95.4,68.3,108.4,155.2,0.8,108.6,248.0,59.5,225.69288349433555,8.2,120.7,710.5,83.3,43.0,7.5,109.5,261.931627551511,241.0958171243298,27.7,0.1,139.2,350.1837682433627,416.4,406.4,215.3,69.4,18.2,2.9,121.1,300.4,0.2,0.5,0.2,177.7,0.1,1.8922745606848919,0.1,0.1,0.2,0.6,1.0,9.2,577.5,178.46986333311085,13.0,517.8,1.4,170.5,3.1,121.0,43.461436829453056,9.7,156.2,2.1,135.1,120.8,108.7,67.8,126.2,9.4,2.2,1.8,65.28274192162235,156.4,192.2,243.7,125.1,1.2,165.9,2.8,23.5,6.1,368.5,169.4,66.4,5.7,1.0,63.8,19.6,200.3,17.36368520773925,11.57013947749196,356.0,232.2,12.3,17.7,33.5,193.6,23.8,1.2,1.2,130.9,0.8,7.3,1.1,241.0,2.2,97.4,71.3,47.4,8.2,0.5,2.7,58.6,90.0,0.6,128.0,7.6,72.9,85.1,64.2,9.4,0.4,175.9,6.9,0.1,62.0,124.9,20.8,135.6,82.6,5.0,2.4,40.1,107.2,4.6,127.8,62.8,49.4,12.6,287.7,37.7,153.1,93.0,11.6,0.1,0.6,126.5,53.4,12.1,41.7,8.5,0.6,27.2,0.1,0.1,0.2,158.2,14.6,148.9,11.1,40.3
20,125.1,88.2,76.2,222.8,150.5,264.1,114.5,260.6,195.7,201.7,378.8,253.9,349.7,230.41457153748962,146.2,255.5,101.0,282.8,291.4,409.8,213.2,158.8186081024641,319.4,137.8,242.1081518623424,141.4,152.0,369.4,220.8,121.7,259.0,105.6,411.3,256.1,160.7,236.8,163.5,236.5,195.7,86.0,250.1,244.6,214.1,296.0,308.2,325.0,706.9897220742206,324.2,101.5,148.4,274.0335202119037,78.4,163.6,450.6,275.8,204.9,217.3,110.6,169.3,364.0,128.5,168.10775960470932,282.6,86.9,25.8,568.6,241.7,291.7,187.0,289.7,248.4,1133.7,267.0,177.7,330.2,416.5,168.1,205.0,176.95547285159975,131.0,589.5,215.2,237.2,459.8,187.6,216.9,29.6,365.0,115.6,345.0,247.2,152.5,261.3,243.0,293.8,203.7,91.6,438.48506144831777,238.2,183.4,329.9,132.9,84.4,254.6,429.0,270.5,147.2,105.8,90.8,231.5,323.1,152.5,302.4,186.4,151.3,87.2,806.4,278.9,333.6,419.8,93.4,117.8,284.0,249.9,257.1,188.1,249.1,161.7,226.0,267.2,201.4,283.8,263.1,111.4,204.8,91.5,125.3,111.8,81.0,224.2,164.4,88.9,282.7,342.3,271.1,80.0,155.7,282.3,67.6,185.1,115.2,115.3,147.6,71.9,1.6,249.1,257.9,156.2,109.4,2.1,122.6,220.43030467069207,252.4,65.5,27.7,156.8,132.8,63.1,50.8,42.9,82.2,102.3,405.4,172.8,134.0,95.4,68.3,108.4,155.2,0.8,108.6,248.0,59.5,216.36290107100484,8.2,120.7,710.5,83.3,43.0,7.5,109.5,312.0999109515084,259.3582817374635,27.7,0.1,139.2,420.6607113504838,416.4,406.4,215.3,69.4,18.2,2.9,121.1,300.4,0.2,0.5,0.2,177.7,0.1,1.5063318575361537,0.1,0.1,0.2,0.6,1.0,9.2,577.5,178.83971969204026,13.0,517.8,1.4,170.5,3.1,121.0,37.18121756396863,9.7,156.2,2.1,135.1,120.8,108.7,67.8,126.2,9.4,2.2,1.8,62.231394438530934,156.4,192.2,243.7,125.1,1.2,165.9,2.8,23.5,6.1,368.5,169.4,66.4,5.7,1.0,63.8,19.6,200.3,13.251717821211573,14.052843375743244,356.0,232.2,12.3,17.7,33.5,193.6,23.8,1.2,1.2,130.9,0.8,7.3,1.1,241.0,2.2,97.4,71.3,47.4,8.2,0.5,2.7,58.6,90.0,0.6,128.0,7.6,72.9,85.1,64.2,9.4,0.4,175.9,6.9,0.1,62.0,124.9,20.8,135.6,82.6,5.0,2.4,40.1,107.2,4.6,127.8,62.8,49.4,12.6,287.7,37.7,153.1,93.0,11.6,0.1,0.6,126.5,53.4,12.1,41.7,8.5,0.6,27.2,0.1,0.1,0.2,158.2,14.6,148.9,11.1,40.3
21,125.1,88.2,76.2,222.8,150.5,264.1,114.5,260.6,195.7,201.7,378.8,253.9,349.7,226.21726991629512,146.2,255.5,101.0,282.8,291.4,409.8,213.2,146.30725263353528,319.4,137.8,258.967122431975,141.4,152.0,369.4,220.8,121.7,259.0,105.6,411.3,256.1,160.7,236.8,163.5,236.5,195.7,86.0,250.1,244.6,214.1,296.0,308.2,325.0,933.4880975289589,324.2,101.5,148.4,250.8322826036291,78.4,163.6,450.6,275.8,204.9,217.3,110.6,169.3,364.0,128.5,119.9903361025713,282.6,86.9,25.8,568.6,241.7,291.7,187.0,289.7,248.4,1133.7,267.0,177.7,330.2,416.5,168.1,205.0,217.87505054048725,131.0,589.5,215.2,237.2,459.8,187.6,216.9,29.6,365.0,115.6,345.0,247.2,152.5,261.3,243.0,293.8,203.7,91.6,389.59270945212467,238.2,183.4,329.9,132.9,84.4,254.6,429.0,270.5,147.2,105.8,90.8,231.5,323.1,152.5,302.4,186.4,151.3,87.2,806.4,278.9,333.6,419.8,93.4,117.8,284.0,249.9,257.1,188.1,249.1,161.7,226.0,267.2,201.4,283.8,263.1,111.4,204.8,91.5,125.3,111.8,81.0,224.2,164.4,88.9,282.7,342.3,271.1,80.0,155.7,282.3,67.6,185.1,115.2,115.3,147.6,71.9,1.6,249.1,257.9,156.2,109.4,2.1,122.6,308.47146999866345,252.4,65.5,27.7,156.8,132.8,63.1,50.8,42.9,82.2,102.3,405.4,172.8,134.0,95.4,68.3,108.4,155.2,0.8,108.6,248.0,59.5,201.91616285341797,8.2,120.7,710.5,83.3,43.0,7.5,109.5,271.1934609965971,349.12506013142047,27.7,0.1,139.2,433.17513131179555,416.4,406.4,215.3,69.4,18.2,2.9,121.1,300.4,0.2,0.5,0.2,177.7,0.1,1.5978270022165684,0.1,0.1,0.2,0.6,1.0,9.2,577.5,246.2484859310028,13.0,517.8,1.4,170.5,3.1,121.0,44.628929242698426,9.7,156.2,2.1,135.1,120.8,108.7,67.8,126.2,9.4,2.2,1.8,50.70233056598038,156.4,192.2,243.7,125.1,1.2,165.9,2.8,23.5,6.1,368.5,169.4,66.4,5.7,1.0,63.8,19.6,200.3,15.615841219638476,15.15151254504373,356.0,232.2,12.3,17.7,33.5,193.6,23.8,1.2,1.2,130.9,0.8,7.3,1.1,241.0,2.2,97.4,71.3,47.4,8.2,0.5,2.7,58.6,90.0,0.6,128.0,7.6,72.9,85.1,64.2,9.4,0.4,175.9,6.9,0.1,62.0,124.9,20.8,135.6,82.6,5.0,2.4,40.1,107.2,4.6,127.8,62.8,49.4,12.6,287.7,37.7,153.1,93.0,11.6,0.1,0.6,126.5,53.4,12.1,41.7,8.5,0.6,27.2,0.1,0.1,0.2,158.2,14.6,148.9,11.1,40.3
22,125.1,88.2,76.2,222.8,150.5,264.1,114.5,260.6,195.7,201.7,378.8,253.9,349.7,310.1332672281348,146.2,255.5,101.0,282.8,291.4,409.8,213.2,156.60118268038912,319.4,137.8,304.121975596397,141.4,152.0,369.4,220.8,121.7,259.0,105.6,411.3,256.1,160.7,236.8,163.5,236.5,195.7,86.0,250.1,244.6,214.1,296.0,308.2,325.0,883.7510786341975,324.2,101.5,148.4,212.59113351864127,78.4,163.6,450.6,275.8,204.9,217.3,110.6,169.3,364.0,128.5,162.04122030857974,282.6,86.9,25.8,568.6,241.7,291.7,187.0,289.7,248.4,1133.7,267.0,177.7,330.2,416.5,168.1,205.0,163.7193947447643,131.0,589.5,215.2,237.2,459.8,187.6,216.9,29.6,365.0,115.6,345.0,247.2,152.5,261.3,243.0,293.8,203.7,91.6,327.75408529132653,238.2,183.4,329.9,132.9,84.4,254.6,429.0,270.5,147.2,105.8,90.8,231.5,323.1,152.5,302.4,186.4,151.3,87.2,806.4,278.9,333.6,419.8,93.4,117.8,284.0,249.9,257.1,188.1,249.1,161.7,226.0,267.2,201.4,283.8,263.1,111.4,204.8,91.5,125.3,111.8,81.0,224.2,164.4,88.9,282.7,342.3,271.1,80.0,155.7,282.3,67.6,185.1,115.2,115.3,147.6,71.9,1.6,249.1,257.9,156.2,109.4,2.1,122.6,314.6327753692418,252.4,65.5,27.7,156.8,132.8,63.1,50.8,42.9,82.2,102.3,405.4,172.8,134.0,95.4,68.3,108.4,155.2,0.8,108.6,248.0,59.5,220.06572194726147,8.2,120.7,710.5,83.3,43.0,7.5,109.5,278.2408567038359,336.9482078083836,27.7,0.1,139.2,338.7438083463633,416.4,406.4,215.3,69.4,18.2,2.9,121.1,300.4,0.2,0.5,0.2,177.7,0.1,1.6572550032974394,0.1,0.1,0.2,0.6,1.0,9.2,577.5,186.06811976839367,13.0,517.8,1.4,170.5,3.1,121.0,32.44141955607552,9.7,156.2,2.1,135.1,120.8,108.7,67.8,126.2,9.4,2.2,1.8,57.79032363703607,156.4,192.2,243.7,125.1,1.2,165.9,2.8,23.5,6.1,368.5,169.4,66.4,5.7,1.0,63.8,19.6,200.3,13.12080865080601,13.852140533086896,356.0,232.2,12.3,17.7,33.5,193.6,23.8,1.2,1.2,130.9,0.8,7.3,1.1,241.0,2.2,97.4,71.3,47.4,8.2,0.5,2.7,58.6,90.0,0.6,128.0,7.6,72.9,85.1,64.2,9.4,0.4,175.9,6.9,0.1,62.0,124.9,20.8,135.6,82.6,5.0,2.4,40.1,107.2,4.6,127.8,62.8,49.4,12.6,287.7,37.7,153.1,93.0,11.6,0.1,0.6,126.5,53.4,12.1,41.7,8.5,0.6,27.2,0.1,0.1,0.2,158.2,14.6,148.9,11.1,40.3
23,125.1,88.2,76.2,222.8,150.5,264.1,114.5,260.6,195.7,201.7,378.8,253.9,349.7,255.30656515956025,146.2,255.5,101.0,282.8,291.4,409.8,213.2,167.55709704077532,319.4,137.8,274.57660967010713,141.4,152.0,369.4,220.8,121.7,259.0,105.6,411.3,256.1,160.7,236.8,163.5,236.5,195.7,86.0,250.1,244.6,214.1,296.0,308.2,325.0,948.4027231834439,324.2,101.5,148.4,203.33752717300803,78.4,163.6,450.6,275.8,204.9,217.3,110.6,169.3,364.0,128.5,123.44355052834534,282.6,86.9,25.8,568.6,241.7,291.7,187.0,289.7,248.4,1133.7,267.0,177.7,330.2,416.5,168.1,205.0,206.38730921914828,131.0,589.5,215.2,237.2,459.8,187.6,216.9,29.6,365.0,115.6,345.0,247.2,152.5,261.3,243.0,293.8,203.7,91.6,311.3633770753434,238.2,183.4,329.9,132.9,84.4,254.6,429.0,270.5,147.2,105.8,90.8,231.5,323.1,152.5,302.4,186.4,151.3,87.2,806.4,278.9,333.6,419.8,93.4,117.8,284.0,249.9,257.1,188.1,249.1,161.7,226.0,267.2,201.4,283.8,263.1,111.4,204.8,91.5,125.3,111.8,81.0,224.2,164.4,88.9,282.7,342.3,271.1,80.0,155.7,282.3,67.6,185.1,115.2,115.3,147.6,71.9,1.6,249.1,257.9,156.2,109.4,2.1,122.6,237.35633343460844,252.4,65.5,27.7,156.8,132.8,63.1,50.8,42.9,82.2,102.3,405.4,172.8,134.0,95.4,68.3,108.4,155.2,0.8,108.6,248.0,59.5,237.61836560934063,8.2,120.7,710.5,83.3,43.0,7.5,109.5,300.1108751927467,342.1141019631521,27.7,0.1,139.2,365.5838983876132,416.4,406.4,215.3,69.4,18.2,2.9,121.1,300.4,0.2,0.5,0.2,177.7,0.1,1.345557745617202,0.1,0.1,0.2,0.6,1.0,9.2,577.5,193.4074728422242,13.0,517.8,1.4,170.5,3.1,121.0,35.85308029146026,9.7,156.2,2.1,135.1,120.8,108.7,67.8,126.2,9.4,2.2,1.8,74.48106752828323,156.4,192.2,243.7,125.1,1.2,165.9,2.8,23.5,6.1,368.5,169.4,66.4,5.7,1.0,63.8,19.6,200.3,16.691330659090113,14.670376152987613,356.0,232.2,12.3,17.7,33.5,193.6,23.8,1.2,1.2,130.9,0.8,7.3,1.1,241.0,2.2,97.4,71.3,47.4,8.2,0.5,2.7,58.6,90.0,0.6,128.0,7.6,72.9,85.1,64.2,9.4,0.4,175.9,6.9,0.1,62.0,124.9,20.8,135.6,82.6,5.0,2.4,40.1,107.2,4.6,127.8,62.8,49.4,12.6,287.7,37.7,153.1,93.0,11.6,0.1,0.6,126.5,53.4,12.1,41.7,8.5,0.6,27.2,0.1,0.1,0.2,158.2,14.6,148.9,11.1,40.3
24,125.1,88.2,76.2,222.8,150.5,264.1,114.5,260.6,195.7,201.7,378.8,253.9,349.7,237.8584148362652,146.2,255.5,101.0,282.8,291.4,409.8,213.2,161.57276589496678,319.4,137.8,296.1016058018963,141.4,152.0,369.4,220.8,121.7,259.0,105.6,411.3,256.1,160.7,236.8,163.5,236.5,195.7,86.0,250.1,244.6,214.1,296.0,308.2,325.0,741.0640200676116,324.2,101.5,148.4,255.6761311992061,78.4,163.6,450.6,275.8,204.9,217.3,110.6,169.3,364.0,128.5,121.11272374035526,282.6,86.9,25.8,568.6,241.7,291.7,187.0,289.7,248.4,1133.7,267.0,177.7,330.2,416.5,168.1,205.0,216.5157582645572,131.0,589.5,215.2,237.2,459.8,187.6,216.9,29.6,365.0,115.6,345.0,247.2,152.5,261.3,243.0,293.8,203.7,91.6,410.22272325645366,238.2,183.4,329.9,132.9,84.4,254.6,429.0,270.5,147.2,105.8,90.8,231.5,323.1,152.5,302.4,186.4,151.3,87.2,806.4,278.9,333.6,419.8,93.4,117.8,284.0,249.9,257.1,188.1,249.1,161.7,226.0,267.2,201.4,283.8,263.1,111.4,204.8,91.5,125.3,111.8,81.0,224.2,164.4,88.9,282.7,342.3,271.1,80.0,155.7,282.3,67.6,185.1,115.2,115.3,147.6,71.9,1.6,249.1,257.9,156.2,109.4,2.1,122.6,290.4947217254808,252.4,65.5,27.7,156.8,132.8,63.1,50.8,42.9,82.2,102.3,405.4,172.8,134.0,95.4,68.3,108.4,155.2,0.8,108.6,248.0,59.5,181.77905169562933,8.2,120.7,710.5,83.3,43.0,7.5,109.5,330.466616736215,288.3269789508358,27.7,0.1,139.2,447.6874774209164,416.4,406.4,215.3,69.4,18.2,2.9,121.1,300.4,0.2,0.5,0.2,177.7,0.1,1.3302805108461406,0.1,0.1,0.2,0.6,1.0,9.2,577.5,221.4095546681856,13.0,517.8,1.4,170.5,3.1,121.0,31.239508949284204,9.7,156.2,2.1,135.1,120.8,108.7,67.8,126.2,9.4,2.2,1.8,52.49010074238999,156.4,192.2,243.7,125.1,1.2,165.9,2.8,23.5,6.1,368.5,169.4,66.4,5.7,1.0,63.8,19.6,200.3,13.568345839286394,10.935592001629095,356.0,232.2,12.3,17.7,33.5,193.6,23.8,1.2,1.2,130.9,0.8,7.3,1.1,241.0,2.2,97.4,71.3,47.4,8.2,0.5,2.7,58.6,90.0,0.6,128.0,7.6,72.9,85.1,64.2,9.4,0.4,175.9,6.9,0.1,62.0,124.9,20.8,135.6,82.6,5.0,2.4,40.1,107.2,4.6,127.8,62.8,49.4,12.6,287.7,37.7,153.1,93.0,11.6,0.1,0.6,126.5,53.4,12.1,41.7,8.5,0.6,27.2,0.1,0.1,0.2,158.2,14.6,148.9,11.1,40.3
25,125.1,88.2,76.2,222.8,150.5,264.1,114.5,260.6,195.7,201.7,378.8,253.9,349.7,269.29613070969566,146.2,255.5,101.0,282.8,291.4,409.8,213.2,180.1555919917079,319.4,137.8,261.8683197026237,141.4,152.0,369.4,220.8,121.7,259.0,105.6,411.3,256.1,160.7,236.8,163.5,236.5,195.7,86.0,250.1,244.6,214.1,296.0,308.2,325.0,899.1901290487681,324.2,101.5,148.4,250.4388054646712,78.4,163.6,450.6,275.8,204.9,217.3,110.6,169.3,364.0,128.5,134.8626918139533,282.6,86.9,25.8,568.6,241.7,291.7,187.0,289.7,248.4,1133.7,267.0,177.7,330.2,416.5,168.1,205.0,176.22800048933607,131.0,589.5,215.2,237.2,459.8,187.6,216.9,29.6,365.0,115.6,345.0,247.2,152.5,261.3,243.0,293.8,203.7,91.6,328.15718197206644,238.2,183.4,329.9,132.9,84.4,254.6,429.0,270.5,147.2,105.8,90.8,231.5,323.1,152.5,302.4,186.4,151.3,87.2,806.4,278.9,333.6,419.8,93.4,117.8,284.0,249.9,257.1,188.1,249.1,161.7,226.0,267.2,201.4,283.8,263.1,111.4,204.8,91.5,125.3,111.8,81.0,224.2,164.4,88.9,282.7,342.3,271.1,80.0,155.7,282.3,67.6,185.1,115.2,115.3,147.6,71.9,1.6,249.1,257.9,156.2,109.4,2.1,122.6,238.73044317019537,252.4,65.5,27.7,156.8,132.8,63.1,50.8,42.9,82.2,102.3,405.4,172.8,134.0,95.4,68.3,108.4,155.2,0.8,108.6,248.0,59.5,209.7075156616528,8.2,120.7,710.5,83.3,43.0,7.5,109.5,326.03764538770747,324.68459827592056,27.7,0.1,139.2,424.0413743184179,416.4,406.4,215.3,69.4,18.2,2.9,121.1,300.4,0.2,0.5,0.2,177.7,0.1,1.7597660288285364,0.1,0.1,0.2,0.6,1.0,9.2,577.5,220.7580011109084,13.0,517.8,1.4,170.5,3.1,121.0,30.94391854959083,9.7,156.2,2.1,135.1,120.8,108.7,67.8,126.2,9.4,2.2,1.8,57.71216546465059,156.4,192.2,243.7,125.1,1.2,165.9,2.8,23.5,6.1,368.5,169.4,66.4,5.7,1.0,63.8,19.6,200.3,16.793627004665616,14.087581805559264,356.0,232.2,12.3,17.7,33.5,193.6,23.8,1.2,1.2,130.9,0.8,7.3,1.1,241.0,2.2,97.4,71.3,47.4,8.2,0.5,2.7,58.6,90.0,0.6,128.0,7.6,72.9,85.1,64.2,9.4,0.4,175.9,6.9,0.1,62.0,124.9,20.8,135.6,82.6,5.0,2.4,40.1,107.2,4.6,127.8,62.8,49.4,12.6,287.7,37.7,153.1,93.0,11.6,0.1,0.6,126.5,53.4,12.1,41.7,8.5,0.6,27.2,0.1,0.1,0.2,158.2,14.6,148.9,11.1,40.3
26,125.1,88.2,76.2,222.8,150.5,264.1,114.5,260.6,195.7,201.7,378.8,253.9,349.7,248.787342997184,146.2,255.5,101.0,282.8,291.4,409.8,213.2,165.86618830959964,319.4,137.8,237.95499356199173,141.4,152.0,369.4,220.8,121.7,259.0,105.6,411.3,256.1,160.7,236.8,163.5,236.5,195.7,86.0,250.1,244.6,214.1,296.0,308.2,325.0,639.0841414972557,324.2,101.5,148.4,251.4124635980283,78.4,163.6,450.6,275.8,204.9,217.3,110.6,169.3,364.0,128.5,141.7868036940479,282.6,86.9,25.8,568.6,241.7,291.7,187.0,289.7,248.4,1133.7,267.0,177.7,330.2,416.5,168.1,205.0,159.40341138342407,131.0,589.5,215.2,237.2,459.8,187.6,216.9,29.6,365.0,115.6,345.0,247.2,152.5,261.3,243.0,293.8,203.7,91.6,400.3462129904957,238.2,183.4,329.9,132.9,84.4,254.6,429.0,270.5,147.2,105.8,90.8,231.5,323.1,152.5,302.4,186.4,151.3,87.2,806.4,278.9,333.6,419.8,93.4,117.8,284.0,249.9,257.1,188.1,249.1,161.7,226.0,267.2,201.4,283.8,263.1,111.4,204.8,91.5,125.3,111.8,81.0,224.2,164.4,88.9,282.7,342.3,271.1,80.0,155.7,282.3,67.6,185.1,115.2,115.3,147.6,71.9,1.6,249.1,257.9,156.2,109.4,2.1,122.6,308.0028040399363,252.4,65.5,27.7,156.8,132.8,63.1,50.8,42.9,82.2,102.3,405.4,172.8,134.0,95.4,68.3,108.4,155.2,0.8,108.6,248.0,59.5,202.8540195588758,8.2,120.7,710.5,83.3,43.0,7.5,109.5,296.3283291761614,354.8923887806427,27.7,0.1,139.2,395.02961080484397,416.4,406.4,215.3,69.4,18.2,2.9,121.1,300.4,0.2,0.5,0.2,177.7,0.1,1.8622591843412803,0.1,0.1,0.2,0.6,1.0,9.2,577.5,248.96435335119662,13.0,517.8,1.4,170.5,3.1,121.0,44.32990507930079,9.7,156.2,2.1,135.1,120.8,108.7,67.8,126.2,9.4,2.2,1.8,72.35696000380918,156.4,192.2,243.7,125.1,1.2,165.9,2.8,23.5,6.1,368.5,169.4,66.4,5.7,1.0,63.8,19.6,200.3,16.484754668874707,12.605520599222405,356.0,232.2,12.3,17.7,33.5,193.6,23.8,1.2,1.2,130.9,0.8,7.3,1.1,241.0,2.2,97.4,71.3,47.4,8.2,0.5,2.7,58.6,90.0,0.6,128.0,7.6,72.9,85.1,64.2,9.4,0.4,175.9,6.9,0.1,62.0,124.9,20.8,135.6,82.6,5.0,2.4,40.1,107.2,4.6,127.8,62.8,49.4,12.6,287.7,37.7,153.1,93.0,11.6,0.1,0.6,126.5,53.4,12.1,41.7,8.5,0.6,27.2,0.1,0.1,0.2,158.2,14.6,148.9,11.1,40.3
27,125.1,88.2,76.2,222.8,150.5,264.1,114.5,260.6,195.7,201.7,378.8,253.9,349.7,297.71850144516935,146.2,255.5,101.0,282.8,291.4,409.8,213.2,146.04639897106173,319.4,137.8,214.4302536007943,141.4,152.0,369.4,220.8,121.7,259.0,105.6,411.3,256.1,160.7,236.8,163.5,236.5,195.7,86.0,250.1,244.6,214.1,296.0,308.2,325.0,688.8535769075323,324.2,101.5,148.4,269.2261714476158,78.4,163.6,450.6,275.8,204.9,217.3,110.6,169.3,364.0,128.5,170.9221230667514,282.6,86.9,25.8,568.6,241.7,291.7,187.0,289.7,248.4,1133.7,267.0,177.7,330.2,416.5,168.1,205.0,218.5290263536184,131.0,589.5,215.2,237.2,459.8,187.6,216.9,29.6,365.0,115.6,345.0,247.2,152.5,261.3,243.0,293.8,203.7,91.6,442.21648310414514,238.2,183.4,329.9,132.9,84.4,254.6,429.0,270.5,147.2,105.8,90.8,231.5,323.1,152.5,302.4,186.4,151.3,87.2,806.4,278.9,333.6,419.8,93.4,117.8,284.0,249.9,257.1,188.1,249.1,161.7,226.0,267.2,201.4,283.8,263.1,111.4,204.8,91.5,125.3,111.8,81.0,224.2,164.4,88.9,282.7,342.3,271.1,80.0,155.7,282.3,67.6,185.1,115.2,115.3,147.6,71.9,1.6,249.1,257.9,156.2,109.4,2.1,122.6,265.6761727369966,252.4,65.5,27.7,156.8,132.8,63.1,50.8,42.9,82.2,102.3,405.4,172.8,134.0,95.4,68.3,108.4,155.2,0.8,108.6,248.0,59.5,230.0258026162171,8.2,120.7,710.5,83.3,43.0,7.5,109.5,280.87885009996353,286.6834332140649,27.7,0.1,139.2,407.4617611382672,416.4,406.4,215.3,69.4,18.2,2.9,121.1,300.4,0.2,0.5,0.2,177.7,0.1,1.3408267647822363,0.1,0.1,0.2,0.6,1.0,9.2,577.5,177.05059111160335,13.0,517.8,1.4,170.5,3.1,121.0,35.67795587829394,9.7,156.2,2.1,135.1,120.8,108.7,67.8,126.2,9.4,2.2,1.8,65.39461902472196,156.4,192.2,243.7,125.1,1.2,165.9,2.8,23.5,6.1,368.5,169.4,66.4,5.7,1.0,63.8,19.6,200.3,14.98810693246509,12.965276345097678,356.0,232.2,12.3,17.7,33.5,193.6,23.8,1.2,1.2,130.9,0.8,7.3,1.1,241.0,2.2,97.4,71.3,47.4,8.2,0.5,2.7,58.6,90.0,0.6,128.0,7.6,72.9,85.1,64.2,9.4,0.4,175.9,6.9,0.1,62.0,124.9,20.8,135.6,82.6,5.0,2.4,40.1,107.2,4.6,127.8,62.8,49.4,12.6,287.7,37.7,153.1,93.0,11.6,0.1,0.6,126.5,53.4,12.1,41.7,8.5,0.6,27.2,0.1,0.1,0.2,158.2,14.6,148.9,11.1,40.3
28,125.1,88.2,76.2,222.8,150.5,264.1,114.5,260.6,195.7,201.7,378.8,253.9,349.7,242.66692372851543,146.2,255.5,101.0,282.8,291.4,409.8,213.2,181.25712656403485,319.4,137.8,269.39001101778626,141.4,152.0,369.4,220.8,121.7,259.0,105.6,411.3,256.1,160.7,236.8,163.5,236.5,195.7,86.0,250.1,244.6,214.1,296.0,308.2,325.0,895.1269116293715,324.2,101.5,148.4,276.4650090716056,78.4,163.6,450.6,275.8,204.9,217.3,110.6,169.3,364.0,128.5,142.45663687056032,282.6,86.9,25.8,568.6,241.7,291.7,187.0,289.7,248.4,1133.7,267.0,177.7,330.2,416.5,168.1,205.0,208.40657646792485,131.0,589.5,215.2,237.2,459.8,187.6,216.9,29.6,365.0,115.6,345.0,247.2,152.5,261.3,243.0,293.8,203.7,91.6,412.9497777579168,238.2,183.4,329.9,132.9,84.4,254.6,429.0,270.5,147.2,105.8,90.8,231.5,323.1,152.5,302.4,186.4,151.3,87.2,806.4,278.9,333.6,419.8,93.4,117.8,284.0,249.9,257.1,188.1,249.1,161.7,226.0,267.2,201.4,283.8,263.1,111.4,204.8,91.5,125.3,111.8,81.0,224.2,164.4,88.9,282.7,342.3,271.1,80.0,155.7,282.3,67.6,185.1,115.2,115.3,147.6,71.9,1.6,249.1,257.9,156.2,109.4,2.1,122.6,294.0548754042307,252.4,65.5,27.7,156.8,132.8,63.1,50.8,42.9,82.2,102.3,405.4,172.8,134.0,95.4,68.3,108.4,155.2,0.8,108.6,248.0,59.5,178.1125253622598,8.2,120.7,710.5,83.3,43.0,7.5,109.5,285.03434428198597,286.22198849342607,27.7,0.1,139.2,343.55461687759544,416.4,406.4,215.3,69.4,18.2,2.9,121.1,300.4,0.2,0.5,0.2,177.7,0.1,1.8268609124480948,0.1,0.1,0.2,0.6,1.0,9.2,577.5,191.59210859094821,13.0,517.8,1.4,170.5,3.1,121.0,31.59548252964491,9.7,156.2,2.1,135.1,120.8,108.7,67.8,126.2,9.4,2.2,1.8,61.82673002278509,156.4,192.2,243.7,125.1,1.2,165.9,2.8,23.5,6.1,368.5,169.4,66.4,5.7,1.0,63.8,19.6,200.3,17.019798666865697,14.325672755973692,356.0,232.2,12.3,17.7,33.5,193.6,23.8,1.2,1.2,130.9,0.8,7.3,1.1,241.0,2.2,97.4,71.3,47.4,8.2,0.5,2.7,58.6,90.0,0.6,128.0,7.6,72.9,85.1,64.2,9.4,0.4,175.9,6.9,0.1,62.0,124.9,20.8,135.6,82.6,5.0,2.4,40.1,107.2,4.6,127.8,62.8,49.4,12.6,287.7,37.7,153.1,93.0,11.6,0.1,0.6,126.5,53.4,12.1,41.7,8.5,0.6,27.2,0.1,0.1,0.2,158.2,14.6,148.9,11.1,40.3
29,125.1,88.2,76.2,222.8,150.5,264.1,114.5,260.6,195.7,201.7,378.8,253.9,349.7,312.28700525364,146.2,255.5,101.0,282.8,291.4,409.8,213.2,144.72837877295592,319.4,137.8,279.789835680685,141.4,152.0,369.4,220.8,121.7,259.0,105.6,411.3,256.1,160.7,236.8,163.5,236.5,195.7,86.0,250.1,244.6,214.1,296.0,308.2,325.0,743.698230436764,324.2,101.5,148.4,277.0165670435151,78.4,163.6,450.6,275.8,204.9,217.3,110.6,169.3,364.0,128.5,177.53331580403653,282.6,86.9,25.8,568.6,241.7,291.7,187.0,289.7,248.4,1133.7,267.0,177.7,330.2,416.5,168.1,205.0,193.32422953995734,131.0,589.5,215.2,237.2,459.8,187.6,216.9,29.6,365.0,115.6,345.0,247.2,152.5,261.3,243.0,293.8,203.7,91.6,385.1892186340277,238.2,183.4,329.9,132.9,84.4,254.6,429.0,270.5,147.2,105.8,90.8,231.5,323.1,152.5,302.4,186.4,151.3,87.2,806.4,278.9,333.6,419.8,93.4,117.8,284.0,249.9,257.1,188.1,249.1,161.7,226.0,267.2,201.4,283.8,263.1,111.4,204.8,91.5,125.3,111.8,81.0,224.2,164.4,88.9,282.7,342.3,271.1,80.0,155.7,282.3,67.6,185.1,115.2,115.3,147.6,71.9,1.6,249.1,257.9,156.2,109.4,2.1,122.6,275.9346424460435,252.4,65.5,27.7,156.8,132.8,63.1,50.8,42.9,82.2,102.3,405.4,172.8,134.0,95.4,68.3,108.4,155.2,0.8,108.6,248.0,59.5,210.3600737798359,8.2,120.7,710.5,83.3,43.0,7.5,109.5,370.9232028507721,351.82546104773445,27.7,0.1,139.2,372.70497850919514,416.4,406.4,215.3,69.4,18.2,2.9,121.1,300.4,0.2,0.5,0.2,177.7,0.1,1.870804997538621,0.1,0.1,0.2,0.6,1.0,9.2,577.5,204.7869871923284,13.0,517.8,1.4,170.5,3.1,121.0,34.72091866780026,9.7,156.2,2.1,135.1,120.8,108.7,67.8,126.2,9.4,2.2,1.8,74.86695927969393,156.4,192.2,243.7,125.1,1.2,165.9,2.8,23.5,6.1,368.5,169.4,66.4,5.7,1.0,63.8,19.6,200.3,13.71888190306219,12.146977170491867,356.0,232.2,12.3,17.7,33.5,193.6,23.8,1.2,1.2,130.9,0.8,7.3,1.1,241.0,2.2,97.4,71.3,47.4,8.2,0.5,2.7,58.6,90.0,0.6,128.0,7.6,72.9,85.1,64.2,9.4,0.4,175.9,6.9,0.1,62.0,124.9,20.8,135.6,82.6,5.0,2.4,40.1,107.2,4.6,127.8,62.8,49.4,12.6,287.7,37.7,153.1,93.0,11.6,0.1,0.6,126.5,53.4,12.1,41.7,8.5,0.6,27.2,0.1,0.1,0.2,158.2,14.6,148.9,11.1,40.3
30,125.1,88.2,76.2,222.8,150.5,264.1,114.5,260.6,195.7,201.7,378.8,253.9,349.7,234.49102410557822,146.2,255.5,101.0,282.8,291.4,409.8,213.2,161.01745736863364,319.4,137.8,300.0348042322531,141.4,152.0,369.4,220.8,121.7,259.0,105.6,411.3,256.1,160.7,236.8,163.5,236.5,195.7,86.0,250.1,244.6,214.1,296.0,308.2,325.0,938.4964202334672,324.2,101.5,148.4,213.2579341823562,78.4,163.6,450.6,275.8,204.9,217.3,110.6,169.3,364.0,128.5,167.75277425004754,282.6,86.9,25.8,568.6,241.7,291.7,187.0,289.7,248.4,1133.7,267.0,177.7,330.2,416.5,168.1,205.0,175.24546653523998,131.0,589.5,215.2,237.2,459.8,187.6,216.9,29.6,365.0,115.6,345.0,247.2,152.5,261.3,243.0,293.8,203.7,91.6,298.3395072546064,238.2,183.4,329.9,132.9,84.4,254.6,429.0,270.5,147.2,105.8,90.8,231.5,323.1,152.5,302.4,186.4,151.3,87.2,806.4,278.9,333.6,419.8,93.4,117.8,284.0,249.9,257.1,188.1,249.1,161.7,226.0,267.2,201.4,283.8,263.1,111.4,204.8,91.5,125.3,111.8,81.0,224.2,164.4,88.9,282.7,342.3,271.1,80.0,155.7,282.3,67.6,185.1,115.2,115.3,147.6,71.9,1.6,249.1,257.9,156.2,109.4,2.1,122.6,230.92258200039515,252.4,65.5,27.7,156.8,132.8,63.1,50.8,42.9,82.2,102.3,405.4,172.8,134.0,95.4,68.3,108.4,155.2,0.8,108.6,248.0,59.5,245.65935900176652,8.2,120.7,710.5,83.3,43.0,7.5,109.5,285.53240198031995,255.77442747153896,27.7,0.1,139.2,355.02402310926385,416.4,406.4,215.3,69.4,18.2,2.9,121.1,300.4,0.2,0.5,0.2,177.7,0.1,1.4756052419541177,0.1,0.1,0.2,0.6,1.0,9.2,577.5,177.78856124914324,13.0,517.8,1.4,170.5,3.1,121.0,43.18549912774205,9.7,156.2,2.1,135.1,120.8,108.7,67.8,126.2,9.4,2.2,1.8,63.790752417636995,156.4,192.2,243.7,125.1,1.2,165.9,2.8,23.5,6.1,368.5,169.4,66.4,5.7,1.0,63.8,19.6,200.3,12.032023794653263,11.588142806770911,356.0,232.2,12.3,17.7,33.5,193.6,23.8,1.2,1.2,130.9,0.8,7.3,1.1,241.0,2.2,97.4,71.3,47.4,8.2,0.5,2.7,58.6,90.0,0.6,128.0,7.6,72.9,85.1,64.2,9.4,0.4,175.9,6.9,0.1,62.0,124.9,20.8,135.6,82.6,5.0,2.4,40.1,107.2,4.6,127.8,62.8,49.4,12.6,287.7,37.7,153.1,93.0,11.6,0.1,0.6,126.5,53.4,12.1,41.7,8.5,0.6,27.2,0.1,0.1,0.2,158.2,14.6,148.9,11.1,40.3
31,125.1,88.2,76.2,222.8,150.5,264.1,114.5,260.6,195.7,201.7,378.8,253.9,349.7,270.38063734894706,146.2,255.5,101.0,282.8,291.4,409.8,213.2,175.43587562677322,319.4,137.8,213.42016636502336,141.4,152.0,369.4,220.8,121.7,259.0,105.6,411.3,256.1,160.7,236.8,163.5,236.5,195.7,86.0,250.1,244.6,214.1,296.0,308.2,325.0,687.0022902956031,324.2,101.5,148.4,263.9427732937678,78.4,163.6,450.6,275.8,204.9,217.3,110.6,169.3,364.0,128.5,130.4334394916435,282.6,86.9,25.8,568.6,241.7,291.7,187.0,289.7,248.4,1133.7,267.0,177.7,330.2,416.5,168.1,205.0,187.87103459474915,131.0,589.5,215.2,237.2,459.8,187.6,216.9,29.6,365.0,115.6,345.0,247.2,152.5,261.3,243.0,293.8,203.7,91.6,377.662407229875,238.2,183.4,329.9,132.9,84.4,254.6,429.0,270.5,147.2,105.8,90.8,231.5,323.1,152.5,302.4,186.4,151.3,87.2,806.4,278.9,333.6,419.8,93.4,117.8,284.0,249.9,257.1,188.1,249.1,161.7,226.0,267.2,201.4,283.8,263.1,111.4,204.8,91.5,125.3,111.8,81.0,224.2,164.4,88.9,282.7,342.3,271.1,80.0,155.7,282.3,67.6,185.1,115.2,115.3,147.6,71.9,1.6,249.1,257.9,156.2,109.4,2.1,122.6,231.73089044666597,252.4,65.5,27.7,156.8,132.8,63.1,50.8,42.9,82.2,102.3,405.4,172.8,134.0,95.4,68.3,108.4,155.2,0.8,108.6,248.0,59.5,203.1398534847725,8.2,120.7,710.5,83.3,43.0,7.5,109.5,272.7094419165434,275.4223544097232,27.7,0.1,139.2,466.8495705763582,416.4,406.4,215.3,69.4,18.2,2.9,121.1,300.4,0.2,0.5,0.2,177.7,0.1,1.3241542919452074,0.1,0.1,0.2,0.6,1.0,9.2,577.5,187.80728827780717,13.0,517.8,1.4,170.5,3.1,121.0,36.24757789728055,9.7,156.2,2.1,135.1,120.8,108.7,67.8,126.2,9.4,2.2,1.8,55.34177749400154,156.4,192.2,243.7,125.1,1.2,165.9,2.8,23.5,6.1,368.5,169.4,66.4,5.7,1.0,63.8,19.6,200.3,13.333512142838863,13.473646460218271,356.0,232.2,12.3,17.7,33.5,193.6,23.8,1.2,1.2,130.9,0.8,7.3,1.1,241.0,2.2,97.4,71.3,47.4,8.2,0.5,2.7,58.6,90.0,0.6,128.0,7.6,72.9,85.1,64.2,9.4,0.4,175.9,6.9,0.1,62.0,124.9,20.8,135.6,82.6,5.0,2.4,40.1,107.2,4.6,127.8,62.8,49.4,12.6,287.7,37.7,153.1,93.0,11.6,0.1,0.6,126.5,53.4,12.1,41.7,8.5,0.6,27.2,0.1,0.1,0.2,158.2,14.6,148.9,11.1,40.3
32,125.1,88.2,76.2,222.8,150.5,264.1,114.5,260.6,195.7,201.7,378.8,253.9,349.7,222.81787443495398,146.2,255.5,101.0,282.8,291.4,409.8,213.2,163.42801780548152,319.4,137.8,311.38713297710694,141.4,152.0,369.4,220.8,121.7,259.0,105.6,411.3,256.1,160.7,236.8,163.5,236.5,195.7,86.0,250.1,244.6,214.1,296.0,308.2,325.0,879.8265498631436,324.2,101.5,148.4,265.4377109831504,78.4,163.6,450.6,275.8,204.9,217.3,110.6,169.3,364.0,128.5,144.4375212788383,282.6,86.9,25.8,568.6,241.7,291.7,187.0,289.7,248.4,1133.7,267.0,177.7,330.2,416.5,168.1,205.0,236.59391458905554,131.0,589.5,215.2,237.2,459.8,187.6,216.9,29.6,365.0,115.6,345.0,247.2,152.5,261.3,243.0,293.8,203.7,91.6,418.5541020041455,238.2,183.4,329.9,132.9,84.4,254.6,429.0,270.5,147.2,105.8,90.8,231.5,323.1,152.5,302.4,186.4,151.3,87.2,806.4,278.9,333.6,419.8,93.4,117.8,284.0,249.9,257.1,188.1,249.1,161.7,226.0,267.2,201.4,283.8,263.1,111.4,204.8,91.5,125.3,111.8,81.0,224.2,164.4,88.9,282.7,342.3,271.1,80.0,155.7,282.3,67.6,185.1,115.2,115.3,147.6,71.9,1.6,249.1,257.9,156.2,109.4,2.1,122.6,262.84549317384386,252.4,65.5,27.7,156.8,132.8,63.1,50.8,42.9,82.2,102.3,405.4,172.8,134.0,95.4,68.3,108.4,155.2,0.8,108.6,248.0,59.5,169.9738316314503,8.2,120.7,710.5,83.3,43.0,7.5,109.5,308.3134591723496,255.65479381776606,27.7,0.1,139.2,498.68523572322806,416.4,406.4,215.3,69.4,18.2,2.9,121.1,300.4,0.2,0.5,0.2,177.7,0.1,1.2934130006496805,0.1,0.1,0.2,0.6,1.0,9.2,577.5,179.9912799258954,13.0,517.8,1.4,170.5,3.1,121.0,31.49410372302151,9.7,156.2,2.1,135.1,120.8,108.7,67.8,126.2,9.4,2.2,1.8,59.14842901497747,156.4,192.2,243.7,125.1,1.2,165.9,2.8,23.5,6.1,368.5,169.4,66.4,5.7,1.0,63.8,19.6,200.3,15.730241592568914,15.248644549225814,356.0,232.2,12.3,17.7,33.5,193.6,23.8,1.2,1.2,130.9,0.8,7.3,1.1,241.0,2.2,97.4,71.3,47.4,8.2,0.5,2.7,58.6,90.0,0.6,128.0,7.6,72.9,85.1,64.2,9.4,0.4,175.9,6.9,0.1,62.0,124.9,20.8,135.6,82.6,5.0,2.4,40.1,107.2,4.6,127.8,62.8,49.4,12.6,287.7,37.7,153.1,93.0,11.6,0.1,0.6,126.5,53.4,12.1,41.7,8.5,0.6,27.2,0.1,0.1,0.2,158.2,14.6,148.9,11.1,40.3
33,125.1,88.2,76.2,222.8,150.5,264.1,114.5,260.6,195.7,201.7,378.8,253.9,349.7,283.26205890331806,146.2,255.5,101.0,282.8,291.4,409.8,213.2,140.15264899754732,319.4,137.8,223.40862505165884,141.4,152.0,369.4,220.8,121.7,259.0,105.6,411.3,256.1,160.7,236.8,163.5,236.5,195.7,86.0,250.1,244.6,214.1,296.0,308.2,325.0,812.3163784549477,324.2,101.5,148.4,248.05211806881263,78.4,163.6,450.6,275.8,204.9,217.3,110.6,169.3,364.0,128.5,145.86028324565868,282.6,86.9,25.8,568.6,241.7,291.7,187.0,289.7,248.4,1133.7,267.0,177.7,330.2,416.5,168.1,205.0,202.9691846922004,131.0,589.5,215.2,237.2,459.8,187.6,216.9,29.6,365.0,115.6,345.0,247.2,152.5,261.3,243.0,293.8,203.7,91.6,402.84941915358075,238.2,183.4,329.9,132.9,84.4,254.6,429.0,270.5,147.2,105.8,90.8,231.5,323.1,152.5,302.4,186.4,151.3,87.2,806.4,278.9,333.6,419.8,93.4,117.8,284.0,249.9,257.1,188.1,249.1,161.7,226.0,267.2,201.4,283.8,263.1,111.4,204.8,91.5,125.3,111.8,81.0,224.2,164.4,88.9,282.7,342.3,271.1,80.0,155.7,282.3,67.6,185.1,115.2,115.3,147.6,71.9,1.6,249.1,257.9,156.2,109.4,2.1,122.6,318.24331051759293,252.4,65.5,27.7,156.8,132.8,63.1,50.8,42.9,82.2,102.3,405.4,172.8,134.0,95.4,68.3,108.4,155.2,0.8,108.6,248.0,59.5,168.89409077455076,8.2,120.7,710.5,83.3,43.0,7.5,109.5,261.0081597902524,326.1450950585809,27.7,0.1,139.2,363.1231486245878,416.4,406.4,215.3,69.4,18.2,2.9,121.1,300.4,0.2,0.5,0.2,177.7,0.1,1.2851473872749393,0.1,0.1,0.2,0.6,1.0,9.2,577.5,208.78110612935922,13.0,517.8,1.4,170.5,3.1,121.0,32.315637827020325,9.7,156.2,2.1,135.1,120.8,108.7,67.8,126.2,9.4,2.2,1.8,67.63908988253628,156.4,192.2,243.7,125.1,1.2,165.9,2.8,23.5,6.1,368.5,169.4,66.4,5.7,1.0,63.8,19.6,200.3,17.311391421070784,15.538605952797582,356.0,232.2,12.3,17.7,33.5,193.6,23.8,1.2,1.2,130.9,0.8,7.3,1.1,241.0,2.2,97.4,71.3,47.4,8.2,0.5,2.7,58.6,90.0,0.6,128.0,7.6,72.9,85.1,64.2,9.4,0.4,175.9,6.9,0.1,62.0,124.9,20.8,135.6,82.6,5.0,2.4,40.1,107.2,4.6,127.8,62.8,49.4,12.6,287.7,37.7,153.1,93.0,11.6,0.1,0.6,126.5,53.4,12.1,41.7,8.5,0.6,27.2,0.1,0.1,0.2,158.2,14.6,148.9,11.1,40.3
34,125.1,88.2,76.2,222.8,150.5,264.1,114.5,260.6,195.7,201.7,378.8,253.9,349.7,323.45870003129073,146.2,255.5,101.0,282.8,291.4,409.8,213.2,147.95779619624867,319.4,137.8,270.00613963280705,141.4,152.0,369.4,220.8,121.7,259.0,105.6,411.3,256.1,160.7,236.8,163.5,236.5,195.7,86.0,250.1,244.6,214.1,296.0,308.2,325.0,790.109294566839,324.2,101.5,148.4,270.0683824477162,78.4,163.6,450.6,275.8,204.9,217.3,110.6,169.3,364.0,128.5,154.54709896783467,282.6,86.9,25.8,568.6,241.7,291.7,187.0,289.7,248.4,1133.7,267.0,177.7,330.2,416.5,168.1,205.0,220.29947057392826,131.0,589.5,215.2,237.2,459.8,187.6,216.9,29.6,365.0,115.6,345.0,247.2,152.5,261.3,243.0,293.8,203.7,91.6,404.1811413141436,238.2,183.4,329.9,132.9,84.4,254.6,429.0,270.5,147.2,105.8,90.8,231.5,323.1,152.5,302.4,186.4,151.3,87.2,806.4,278.9,333.6,419.8,93.4,117.8,284.0,249.9,257.1,188.1,249.1,161.7,226.0,267.2,201.4,283.8,263.1,111.4,204.8,91.5,125.3,111.8,81.0,224.2,164.4,88.9,282.7,342.3,271.1,80.0,155.7,282.3,67.6,185.1,115.2,115.3,147.6,71.9,1.6,249.1,257.9,156.2,109.4,2.1,122.6,267.99497282079733,252.4,65.5,27.7,156.8,132.8,63.1,50.8,42.9,82.2,102.3,405.4,172.8,134.0,95.4,68.3,108.4,155.2,0.8,108.6,248.0,59.5,195.3076656261331,8.2,120.7,710.5,83.3,43.0,7.5,109.5,336.90193021555734,339.34781978062813,27.7,0.1,139.2,487.8726289289381,416.4,406.4,215.3,69.4,18.2,2.9,121.1,300.4,0.2,0.5,0.2,177.7,0.1,1.8769301781442556,0.1,0.1,0.2,0.6,1.0,9.2,577.5,181.54602412551515,13.0,517.8,1.4,170.5,3.1,121.0,39.54641914678078,9.7,156.2,2.1,135.1,120.8,108.7,67.8,126.2,9.4,2.2,1.8,64.57789844532294,156.4,192.2,243.7,125.1,1.2,165.9,2.8,23.5,6.1,368.5,169.4,66.4,5.7,1.0,63.8,19.6,200.3,14.30682306564158,10.530396113722716,356.0,232.2,12.3,17.7,33.5,193.6,23.8,1.2,1.2,130.9,0.8,7.3,1.1,241.0,2.2,97.4,71.3,47.4,8.2,0.5,2.7,58.6,90.0,0.6,128.0,7.6,72.9,85.1,64.2,9.4,0.4,175.9,6.9,0.1,62.0,124.9,20.8,135.6,82.6,5.0,2.4,40.1,107.2,4.6,127.8,62.8,49.4,12.6,287.7,37.7,153.1,93.0,11.6,0.1,0.6,126.5,53.4,12.1,41.7,8.5,0.6,27.2,0.1,0.1,0.2,158.2,14.6,148.9,11.1,40.3
35,125.1,88.2,76.2,222.8,150.5,264.1,114.5,260.6,195.7,201.7,378.8,253.9,349.7,313.03918671788574,146.2,255.5,101.0,282.8,291.4,409.8,213.2,168.05547180063502,319.4,137.8,313.67450120044447,141.4,152.0,369.4,220.8,121.7,259.0,105.6,411.3,256.1,160.7,236.8,163.5,236.5,195.7,86.0,250.1,244.6,214.1,296.0,308.2,325.0,646.4610625345618,324.2,101.5,148.4,251.620060530957,78.4,163.6,450.6,275.8,204.9,217.3,110.6,169.3,364.0,128.5,179.08129042451966,282.6,86.9,25.8,568.6,241.7,291.7,187.0,289.7,248.4,1133.7,267.0,177.7,330.2,416.5,168.1,205.0,165.784154072465,131.0,589.5,215.2,237.2,459.8,187.6,216.9,29.6,365.0,115.6,345.0,247.2,152.5,261.3,243.0,293.8,203.7,91.6,427.209702977802,238.2,183.4,329.9,132.9,84.4,254.6,429.0,270.5,147.2,105.8,90.8,231.5,323.1,152.5,302.4,186.4,151.3,87.2,806.4,278.9,333.6,419.8,93.4,117.8,284.0,249.9,257.1,188.1,249.1,161.7,226.0,267.2,201.4,283.8,263.1,111.4,204.8,91.5,125.3,111.8,81.0,224.2,164.4,88.9,282.7,342.3,271.1,80.0,155.7,282.3,67.6,185.1,115.2,115.3,147.6,71.9,1.6,249.1,257.9,156.2,109.4,2.1,122.6,235.3152379733919,252.4,65.5,27.7,156.8,132.8,63.1,50.8,42.9,82.2,102.3,405.4,172.8,134.0,95.4,68.3,108.4,155.2,0.8,108.6,248.0,59.5,208.696170958318,8.2,120.7,710.5,83.3,43.0,7.5,109.5,322.8888297480519,336.0660664631674,27.7,0.1,139.2,335.8709176822651,416.4,406.4,215.3,69.4,18.2,2.9,121.1,300.4,0.2,0.5,0.2,177.7,0.1,1.5398336417424459,0.1,0.1,0.2,0.6,1.0,9.2,577.5,178.73083663335294,13.0,517.8,1.4,170.5,3.1,121.0,38.279479419291846,9.7,156.2,2.1,135.1,120.8,108.7,67.8,126.2,9.4,2.2,1.8,66.14363030839624,156.4,192.2,243.7,125.1,1.2,165.9,2.8,23.5,6.1,368.5,169.4,66.4,5.7,1.0,63.8,19.6,200.3,12.092282686842385,15.03581411393359,356.0,232.2,12.3,17.7,33.5,193.6,23.8,1.2,1.2,130.9,0.8,7.3,1.1,241.0,2.2,97.4,71.3,47.4,8.2,0.5,2.7,58.6,90.0,0.6,128.0,7.6,72.9,85.1,64.2,9.4,0.4,175.9,6.9,0.1,62.0,124.9,20.8,135.6,82.6,5.0,2.4,40.1,107.2,4.6,127.8,62.8,49.4,12.6,287.7,37.7,153.1,93.0,11.6,0.1,0.6,126.5,53.4,12.1,41.7,8.5,0.6,27.2,0.1,0.1,0.2,158.2,14.6,148.9,11.1,40.3
36,125.1,88.2,76.2,222.8,150.5,264.1,114.5,260.6,195.7,201.7,378.8,253.9,349.7,247.5293535511176,146.2,255.5,101.0,282.8,291.4,409.8,213.2,159.24026021168706,319.4,137.8,250.48097820239354,141.4,152.0,369.4,220.8,121.7,259.0,105.6,411.3,256.1,160.7,236.8,163.5,236.5,195.7,86.0,250.1,244.6,214.1,296.0,308.2,325.0,778.5342485674832,324.2,101.5,148.4,261.15760078156416,78.4,163.6,450.6,275.8,204.9,217.3,110.6,169.3,364.0,128.5,142.66346423950105,282.6,86.9,25.8,568.6,241.7,291.7,187.0,289.7,248.4,1133.7,267.0,177.7,330.2,416.5,168.1,205.0,225.02185988250318,131.0,589.5,215.2,237.2,459.8,187.6,216.9,29.6,365.0,115.6,345.0,247.2,152.5,261.3,243.0,293.8,203.7,91.6,344.33518927005434,238.2,183.4,329.9,132.9,84.4,254.6,429.0,270.5,147.2,105.8,90.8,231.5,323.1,152.5,302.4,186.4,151.3,87.2,806.4,278.9,333.6,419.8,93.4,117.8,284.0,249.9,257.1,188.1,249.1,161.7,226.0,267.2,201.4,283.8,263.1,111.4,204.8,91.5,125.3,111.8,81.0,224.2,164.4,88.9,282.7,342.3,271.1,80.0,155.7,282.3,67.6,185.1,115.2,115.3,147.6,71.9,1.6,249.1,257.9,156.2,109.4,2.1,122.6,310.92266012934346,252.4,65.5,27.7,156.8,132.8,63.1,50.8,42.9,82.2,102.3,405.4,172.8,134.0,95.4,68.3,108.4,155.2,0.8,108.6,248.0,59.5,225.0995983387579,8.2,120.7,710.5,83.3,43.0,7.5,109.5,330.14569851919504,245.98707281922063,27.7,0.1,139.2,490.4309155542161,416.4,406.4,215.3,69.4,18.2,2.9,121.1,300.4,0.2,0.5,0.2,177.7,0.1,1.6466112199127547,0.1,0.1,0.2,0.6,1.0,9.2,577.5,235.73534347822573,13.0,517.8,1.4,170.5,3.1,121.0,35.1161712927605,9.7,156.2,2.1,135.1,120.8,108.7,67.8,126.2,9.4,2.2,1.8,57.05032707566228,156.4,192.2,243.7,125.1,1.2,165.9,2.8,23.5,6.1,368.5,169.4,66.4,5.7,1.0,63.8,19.6,200.3,16.583964694199896,13.637307930648035,356.0,232.2,12.3,17.7,33.5,193.6,23.8,1.2,1.2,130.9,0.8,7.3,1.1,241.0,2.2,97.4,71.3,47.4,8.2,0.5,2.7,58.6,90.0,0.6,128.0,7.6,72.9,85.1,64.2,9.4,0.4,175.9,6.9,0.1,62.0,124.9,20.8,135.6,82.6,5.0,2.4,40.1,107.2,4.6,127.8,62.8,49.4,12.6,287.7,37.7,153.1,93.0,11.6,0.1,0.6,126.5,53.4,12.1,41.7,8.5,0.6,27.2,0.1,0.1,0.2,158.2,14.6,148.9,11.1,40.3
37,125.1,88.2,76.2,222.8,150.5,264.1,114.5,260.6,195.7,201.7,378.8,253.9,349.7,329.6686561370294,146.2,255.5,101.0,282.8,291.4,409.8,213.2,185.85286614307088,319.4,137.8,219.34901690463607,141.4,152.0,369.4,220.8,121.7,259.0,105.6,411.3,256.1,160.7,236.8,163.5,236.5,195.7,86.0,250.1,244.6,214.1,296.0,308.2,325.0,788.9053038846678,324.2,101.5,148.4,218.76928239453275,78.4,163.6,450.6,275.8,204.9,217.3,110.6,169.3,364.0,128.5,165.72130977502897,282.6,86.9,25.8,568.6,241.7,291.7,187.0,289.7,248.4,1133.7,267.0,177.7,330.2,416.5,168.1,205.0,167.11989171867876,131.0,589.5,215.2,237.2,459.8,187.6,216.9,29.6,365.0,115.6,345.0,247.2,152.5,261.3,243.0,293.8,203.7,91.6,298.22905122424197,238.2,183.4,329.9,132.9,84.4,254.6,429.0,270.5,147.2,105.8,90.8,231.5,323.1,152.5,302.4,186.4,151.3,87.2,806.4,278.9,333.6,419.8,93.4,117.8,284.0,249.9,257.1,188.1,249.1,161.7,226.0,267.2,201.4,283.8,263.1,111.4,204.8,91.5,125.3,111.8,81.0,224.2,164.4,88.9,282.7,342.3,271.1,80.0,155.7,282.3,67.6,185.1,115.2,115.3,147.6,71.9,1.6,249.1,257.9,156.2,109.4,2.1,122.6,235.32939355709718,252.4,65.5,27.7,156.8,132.8,63.1,50.8,42.9,82.2,102.3,405.4,172.8,134.0,95.4,68.3,108.4,155.2,0.8,108.6,248.0,59.5,221.7390853309874,8.2,120.7,710.5,83.3,43.0,7.5,109.5,364.86836030378157,342.97834605564907,27.7,0.1,139.2,489.0126848757128,416.4,406.4,215.3,69.4,18.2,2.9,121.1,300.4,0.2,0.5,0.2,177.7,0.1,1.8547720784705062,0.1,0.1,0.2,0.6,1.0,9.2,577.5,257.16645155223193,13.0,517.8,1.4,170.5,3.1,121.0,34.93856505159877,9.7,156.2,2.1,135.1,120.8,108.7,67.8,126.2,9.4,2.2,1.8,60.14793304832301,156.4,192.2,243.7,125.1,1.2,165.9,2.8,23.5,6.1,368.5,169.4,66.4,5.7,1.0,63.8,19.6,200.3,16.368279871960976,14.47420740590481,356.0,232.2,12.3,17.7,33.5,193.6,23.8,1.2,1.2,130.9,0.8,7.3,1.1,241.0,2.2,97.4,71.3,47.4,8.2,0.5,2.7,58.6,90.0,0.6,128.0,7.6,72.9,85.1,64.2,9.4,0.4,175.9,6.9,0.1,62.0,124.9,20.8,135.6,82.6,5.0,2.4,40.1,107.2,4.6,127.8,62.8,49.4,12.6,287.7,37.7,153.1,93.0,11.6,0.1,0.6,126.5,53.4,12.1,41.7,8.5,0.6,27.2,0.1,0.1,0.2,158.2,14.6,148.9,11.1,40.3
