member,generation,raw_total_pumping_cfs,effective_total_pumping_cfs,baseline_T_streamflow_cfs,baseline_T_depletion_cfs,expected_streamflow_cfs,expected_depletion_cfs,expected_streamflow_bias_from_baseline_cfs,expected_depletion_bias_from_baseline_cfs,streamflow_std_cfs,depletion_std_cfs,streamflow_p05_cfs,streamflow_p50_cfs,streamflow_p95_cfs,depletion_p05_cfs,depletion_p50_cfs,depletion_p95_cfs,probability_weighted_absolute_streamflow_error_cfs,probability_weighted_streamflow_shortfall_cfs,probability_weighted_signed_streamflow_error_cfs,max_absolute_streamflow_error_cfs,max_streamflow_shortfall_below_baseline_cfs,probability_streamflow_lower_than_baseline,probability_streamflow_below_threshold
gen=47_member=5907_pso,50.0,94.52947087594241,92.98903145662663,7.175175217098269,1.4248247829017298,7.1770776967810646,1.4229223032189358,0.0019024796827951107,-0.0019024796827940005,0.08230950466532265,0.0823095046653227,7.024438489192471,7.157480316007172,7.301003040446997,1.2600576990665526,1.4067569930549324,1.542198612031859,0.06611524890822086,0.03210638461271304,-0.0019024796827947716,0.18885675553469472,0.17088152766331,0.41801639616164876,
56,50.0,117.27557653095823,117.27557653095823,3.802679563058498,4.797320436941502,3.810297706577697,4.789702293422303,0.007618143519199094,-0.007618143519199094,0.22423295576777624,0.22423295576777624,3.401267809251556,3.7547339283677785,4.150717151407501,4.339373225867326,4.747877028212222,5.111522905718678,0.1800166773618172,0.08619926692130916,-0.007618143519198888,0.526296565551867,0.4537646402262201,0.41801639616164876,
64,50.0,116.39420226778142,116.39420226778142,4.142734734648823,4.457265265351177,4.149966154357414,4.4500338456425865,0.0072314197085914245,-0.007231419708590536,0.21421655673291226,0.21421655673291226,3.759081803885408,4.096928191246581,4.475123413966197,4.019965207516593,4.410030149235301,4.757532546038191,0.17197970174762112,0.08237414101951476,-0.007231419708591581,0.5025371864028303,0.43373192617979317,0.41801639616164876,
gen=40_member=5105_pso,50.0,115.56391478569493,114.61935880162932,4.318901903573145,4.281098096426855,4.3255775349033545,4.274422465096645,0.006675631330209875,-0.006675631330209875,0.20068953506815804,0.20068953506815804,3.9589816024425497,4.27604298250495,4.630018261930714,3.8717810247813924,4.236856867797047,4.56269456854588,0.1611066834068154,0.07721552603830281,-0.006675631330209727,0.4704770708097614,0.40693456244427306,0.41801639616164876,
30,50.0,116.27315743031438,116.27315743031438,3.9093383495918115,4.690661650408188,3.9169101345941133,4.683089865405886,0.007571785002301823,-0.007571785002301823,0.21842286216264636,0.21842286216264636,3.5189846521251056,3.862630343894668,4.248711881995312,4.24379759627928,4.642583940629243,4.996132290131366,0.17532961338043523,0.08387891418906686,-0.007571785002301526,0.5138380579982655,0.441256712820179,0.41801639616164876,
gen=36_member=4531_pso,50.0,113.7461384682562,113.7461384682562,4.5651744885854155,4.034825511414584,4.571594843899915,4.028405156100084,0.006420355314499915,-0.006420355314499915,0.19216479003497386,0.19216479003497391,4.220652166058744,4.5241257474937235,4.863143042811799,3.6427975712277605,3.9924534702100445,4.304387723792991,0.1542653458118543,0.07392249524867736,-0.006420355314499568,0.4506376112583217,0.3895085107619316,0.41801639616164876,
105,50.0,116.58488216275714,116.58488216275714,4.007786275168753,4.592213724831247,4.015183619867077,4.584816380132923,0.007397344698324204,-0.007397344698323316,0.21853116427829358,0.21853116427829358,3.616524898306118,3.961048425541402,4.346927150510471,4.145989791849419,4.544039856384071,4.898465356505752,0.17544240263363842,0.08402252896765729,-0.007397344698323859,0.5127697720750328,0.4423175218795725,0.41801639616164876,
gen=49_member=6222_pso,50.0,113.86456508053438,113.86456508053438,4.705847352519223,3.894152647480776,4.711878559674957,3.8881214403250426,0.006031207155733576,-0.006031207155733576,0.18892345048451067,0.18892345048451073,4.366145924450315,4.665478866882169,4.998203958170962,3.50973436612829,3.8525556763727367,4.159772928470107,0.15167114230448966,0.0728199675743779,-0.0060312071557338115,0.4416481973357529,0.38425423332473585,0.41801639616164876,
18,50.0,116.27397312519085,116.27397312519085,4.032939814289706,4.567060185710294,4.040416488975654,4.559583511024346,0.007476674685948481,-0.007476674685947593,0.21651729357888716,0.21651729357888716,3.6456823388791655,3.9867118141595608,4.36920291420339,4.124631243269987,4.519245671801294,4.87018988802104,0.17382548015494492,0.08317440273449833,-0.007476674685948245,0.5085331386223171,0.4378769353008609,0.41801639616164876,
35,50.0,117.41565744237754,117.41565744237754,3.805159370833632,4.794840629166368,3.812868333962802,4.787131666037197,0.007708963129169799,-0.007708963129170243,0.22528417671670947,0.22528417671670947,3.402097376965448,3.7569930600534347,4.1549536494775134,4.334511078870314,4.74517164127244,5.1103665832555105,0.18085651684824533,0.08657377685953795,-0.007708963129169409,0.5290403032259885,0.4556348417119196,0.41801639616164876,
gen=44_member=5567_pso,50.0,95.7796865465025,93.72999863771516,7.160450329023228,1.4395496709767714,7.162399008273508,1.4376009917264918,0.001948679250279639,-0.001948679250279639,0.08404890990464026,0.0840489099046403,7.0065581950099345,7.142376803948348,7.288950285768894,1.2712936150176484,1.42109623645726,1.5593887913006996,0.06751513781945204,0.03278322928458618,-0.001948679250279699,0.19284857118116694,0.1744568909710429,0.41801639616164876,
gen=49_member=6144_pso,50.0,93.87032135886894,93.14157028132627,7.161524586390402,1.4384754136095979,7.163473432564118,1.4365265674358823,0.0019488461737156015,-0.0019488461737156015,0.08295267728516438,0.08295267728516428,7.0097221623250086,7.1436973324438835,7.2884039752757435,1.2722978141510952,1.420265563921787,1.5566958065040228,0.0666292388889282,0.032340196357606404,-0.001948846173715402,0.19049527214763362,0.17207525839985838,0.41801639616164876,
gen=46_member=5849_pso,50.0,100.75129470860493,96.55375941776099,7.048678665676215,1.551321334323784,7.050857419224159,1.5491425807758405,0.0021787535479438347,-0.0021787535479433906,0.0906780031946479,0.09067800319464782,6.882962045491606,7.029194760242978,7.187489669803822,1.369442856199179,1.531418292367066,1.680431350046805,0.07283098296620812,0.035326114709132134,-0.0021787535479438486,0.20854182582137604,0.18780618991441145,0.41801639616164876,
gen=31_member=3852_pso,50.0,113.20384734630632,112.4311769372547,5.229913903375595,3.3700860966244046,5.235203854204249,3.3647961457957516,0.005289950828654355,-0.005289950828653023,0.17189621821818704,0.1718962182181871,4.920143662589277,5.193090559108864,5.495558043180244,3.020983678249657,3.332253801534101,3.612126276634274,0.13802203952655862,0.06636604434895242,-0.005289950828653795,0.4009733045686339,0.35046086373256813,0.41801639616164876,
gen=37_member=4697_pso,50.0,95.6479327163654,94.70530117801378,7.129147524851472,1.470852475148528,7.131199659299293,1.4688003407007082,0.0020521344478208192,-0.002052134447819709,0.08695780529280284,0.08695780529280285,6.970074167719139,7.11044500008497,7.262173475317275,1.2966560899553485,1.451753220444916,1.594750209297051,0.06985451490428904,0.03390119022823481,-0.002052134447819435,0.19966593292209733,0.18030760974118643,0.41801639616164876,
gen=42_member=5264_pso,50.0,115.23581890516928,114.57582236251024,4.357382539951839,4.2426174600481605,4.363992701377788,4.236007298622212,0.006610161425949279,-0.006610161425948391,0.19986193614406908,0.19986193614406914,3.998758932044771,4.31464090133746,4.667160001464599,3.8351883909127524,4.1985260210699415,4.523149819377039,0.16045746039516318,0.07692364948460724,-0.006610161425948703,0.4682808141361381,0.40546349174163954,0.41801639616164876,
gen=43_member=5399_pso,50.0,112.87509962484884,112.655441579843,5.355092859895867,3.2449071401041327,5.360106718121783,3.2398932818782162,0.005013858225916046,-0.00501385822591649,0.17155214126689838,0.17155214126689844,5.045087096696403,5.31827963497379,5.61965147597088,2.8974197328150684,3.20719481412796,3.48704166923264,0.13776359633823698,0.0663748690561605,-0.00501385822591602,0.39898567721712297,0.3508099061131462,0.41801639616164876,
gen=35_member=4383_pso,50.0,98.91353384100007,97.35903839517434,7.0094373258254175,1.5905626741745822,7.011696045458027,1.5883039545419728,0.002258719632609818,-0.002258719632609374,0.0932323224525562,0.09323232245255621,6.8391266781942335,6.989406227240606,7.152200418345631,1.4034927423192922,1.5700975777481703,1.7232663215340032,0.07488229970291566,0.03631179003515324,-0.002258719632609191,0.2145020182483739,0.192997809456795,0.41801639616164876,
gen=47_member=5964_pso,50.0,101.01781352558181,99.7331389643857,6.858617841642401,1.7413821583575984,6.861188898024321,1.7388111019756793,0.0025710563819201226,-0.0025710563819190124,0.10165888163622964,0.1016588816362298,6.67336976442625,6.836780339391071,7.014531808032593,1.5369593666734387,1.7190646187807395,1.8858169826165838,0.08164629831163289,0.03953762096485676,-0.0025710563819193585,0.23447746194545616,0.2098551888521909,0.41801639616164876,
gen=45_member=5721_pso,50.0,102.66137190388338,101.16634606078696,6.800318432458673,1.7996815675413265,6.803280805725269,1.7967191942747318,0.0029623732665955416,-0.0029623732665946534,0.10706399142272652,0.10706399142272649,6.6060484341663726,6.777354202600344,6.965045459139495,1.5835564621435287,1.7761425216471505,1.9512344189815118,0.08597910950932566,0.04150836812136536,-0.002962373266594932,0.247995210639953,0.2200023850104058,0.41801639616164876,
gen=47_member=5893_pso,50.0,99.51097389730381,95.09080212042277,7.126740323182053,1.4732596768179467,7.128795684170932,1.4712043158290689,0.002055360988878263,-0.002055360988877819,0.08757796375713582,0.0875779637571359,6.9664948160435145,7.107901436980432,7.260690764437441,1.2978705371065586,1.454023694651749,1.598066080533026,0.07035449810462675,0.03414956855787464,-0.002055360988877474,0.20102076229454902,0.18163955644705077,0.41801639616164876,
gen=35_member=4446_pso,50.0,108.73697829937431,105.4367433639537,6.486594740790137,2.113405259209862,6.490084582329688,2.1099154176703117,0.0034898415395510085,-0.0034898415395505644,0.12184865840664592,0.12184865840664591,6.266110764775305,6.460464695099246,6.674366694392804,1.8668000824297162,2.0866324876921105,2.285571238270715,0.09783967420856184,0.04717491633450542,-0.0034898415395510076,0.28312865938672616,0.24955697012124123,0.41801639616164876,
gen=45_member=5683_pso,50.0,99.55477716486982,96.66013154313829,7.065920012928887,1.5340799870711133,7.068040008484837,1.531959991515163,0.002119995555950105,-0.002119995555950327,0.09043804622566604,0.09043804622566601,6.900439235306801,7.046477178290316,7.204242638853246,1.3529372675924638,1.5142235636961026,1.6629761578783493,0.07264666127158867,0.03526333285781926,-0.0021199955559501344,0.2076340887358885,0.187561233158827,0.41801639616164876,
gen=49_member=6242_pso,50.0,110.93962256124044,109.70805418139967,5.984838701056684,2.615161298943316,5.98918688569969,2.61081311430031,0.0043481846430060145,-0.0043481846430060145,0.14823103758646733,0.14823103758646727,5.717033897404271,5.953035070496264,6.213472131206809,2.3149304091721135,2.582556853988556,2.8243760954446517,0.11904112592036722,0.057346470638680605,-0.004348184643006013,0.34468884830379043,0.3030229953549535,0.41801639616164876,
gen=45_member=5670_pso,50.0,98.45889126003648,97.16152504482936,7.029389200339656,1.5706107996603436,7.031661997789286,1.5683380022107152,0.0022727974496294934,-0.002272797449628383,0.09333502599878793,0.09333502599878801,6.858908142419075,7.009330035463969,7.172324295854097,1.3833660961732424,1.550109288600247,1.7034408118511044,0.07497152188041473,0.036349362215393116,-0.002272797449628476,0.2146680380813466,0.19320022638821577,0.41801639616164876,
gen=38_member=4778_pso,50.0,96.28697086898289,95.73899656502617,7.067698462137324,1.532301537862676,7.069847760380488,1.5301522396195122,0.0021492982431636776,-0.0021492982431638996,0.08983395263348747,0.08983395263348753,6.9034673410496294,7.048393746775275,7.205189263835132,1.352202701086181,1.5125760130095858,1.660239328032277,0.07215747878785925,0.03500409027234791,-0.002149298243163446,0.20646775148909846,0.18613251630298944,0.41801639616164876,
gen=43_member=5423_pso,50.0,114.14786179689636,114.14786179689636,4.438608458609333,4.161391541390667,4.445188475630275,4.154811524369724,0.006580017020941575,-0.0065800170209424635,0.19613019243540186,0.19613019243540186,4.087077335466671,4.3967575879683976,4.742780396169167,3.7611336431920304,4.118177979159922,4.436433394390227,0.15743387167365838,0.0754269273263579,-0.006580017020942597,0.46007483087877343,0.3975059294390464,0.41801639616164876,
gen=38_member=4827_pso,50.0,113.58228336854604,113.21257762424806,4.905776156419224,3.6942238435807764,4.911604882167682,3.6883951178323198,0.005828725748457941,-0.005828725748456609,0.1820014938131862,0.18200149381318623,4.578578579974007,4.866845057977476,5.187466722399596,3.3238514656718965,3.6541139996935663,3.950087356934721,0.14612516983911655,0.07014822204533008,-0.005828725748456394,0.42557453710592075,0.37002159603696505,0.41801639616164876,
gen=46_member=5827_pso,50.0,114.11920195538859,113.22333719727689,5.045665954945619,3.55433404505438,5.05108231124245,3.548917688757551,0.005416356296830571,-0.005416356296829239,0.17937226996463726,0.17937226996463734,4.722104284177844,5.007221044688957,5.322649872121058,3.1904290391630092,3.514872213666669,3.807139988623694,0.14403278277046072,0.06930821323681552,-0.005416356296829707,0.41790652298613473,0.3661068608157514,0.41801639616164876,
gen=49_member=6197_pso,50.0,103.38252010742895,101.62467203250553,6.767087995463632,1.8329120045363683,6.770163905937744,1.8298360940622564,0.0030759104741120424,-0.0030759104741118204,0.10928189385146596,0.10928189385146593,6.568986413190915,6.743650373919159,6.935339518173878,1.6121267002059851,1.808879359116391,1.9874835792937224,0.08775942623895695,0.042341757882422566,-0.003075910474111824,0.25336560553773424,0.22432108778455628,0.41801639616164876,
gen=34_member=4254_pso,50.0,109.81719802653583,109.37435490938714,6.032010509780402,2.567989490219597,6.035651333998828,2.564348666001172,0.00364082421842582,-0.003640824218425376,0.1400302529417098,0.14003025294170982,5.777347243949747,6.00182874959077,6.246940926082293,2.2876036836186793,2.5370703207518464,2.7668423217217244,0.11261706011564421,0.05448811794860934,-0.003640824218425513,0.32108150032714633,0.28824703266983676,0.41801639616164876,
gen=46_member=5867_pso,50.0,105.21533215860791,103.53371204745807,6.621398329313642,1.9786016706863572,6.624425171861525,1.9755748281384757,0.0030268425478823247,-0.0030268425478814365,0.11256430748959659,0.1125643074895966,6.417032063580573,6.597220498890992,6.794412162613915,1.7515607339305017,1.9538580853093643,2.1381021286591606,0.09040771551502412,0.043690436483571043,-0.0030268425478820176,0.2605587399510716,0.23138207378052478,0.41801639616164876,
gen=31_member=3915_pso,50.0,113.13347995202655,113.0032712800369,4.938415876596945,3.661584123403055,4.944184307680455,3.6558156923195453,0.005768431083509995,-0.005768431083509551,0.18086483276041332,0.18086483276041332,4.6131669415513175,4.899693991726726,5.218331219398928,3.2935841336757705,3.6217381864581646,3.9158838607349713,0.14521337077640414,0.06972246984644732,-0.005768431083509492,0.42281324118396846,0.3678444426774554,0.41801639616164876,
gen=47_member=5976_pso,50.0,107.22293932834354,104.56205629468799,6.509666480452936,2.0903335195470634,6.512970785277823,2.087029214722177,0.003304304824887083,-0.003304304824886195,0.11575272860275494,0.11575272860275496,6.300193561093279,6.484826475080818,6.687982618273937,1.8562519386385614,2.064867753740631,2.2539241607732814,0.09296603523785191,0.0448308652064829,-0.0033043048248861022,0.2687159025684567,0.23707522756351285,0.41801639616164876,
gen=39_member=4925_pso,50.0,111.72583306287677,110.5852186046211,5.864297639424465,2.7357023605755346,5.86791856960661,2.7320814303933902,0.0036209301821452655,-0.0036209301821443773,0.15182392377138132,0.15182392377138126,5.587253722639724,5.8314513979705875,6.096221553307015,2.4327374010460274,2.7020263634580366,2.9520372889815136,0.12218724577052507,0.05928315779419033,-0.0036209301821444042,0.34691525445537597,0.31355918312817543,0.41801639616164876,
gen=36_member=4494_pso,50.0,98.48460680972522,96.85103265995991,7.018007183744514,1.5819928162554864,7.0202764598446645,1.5797235401553362,0.002269276100150819,-0.0022692761001501527,0.09231879391843731,0.0923187939184372,6.849472458994968,6.998178159974379,7.159440598163169,1.3966361941494712,1.561726301176357,1.7133237145374252,0.07414601721990512,0.0359383705598776,-0.0022692761001499315,0.2125561157094653,0.19097650582124004,0.41801639616164876,
gen=44_member=5537_pso,50.0,100.63717773873304,98.65700758717853,6.924414477278655,1.675585522721344,6.926787839481232,1.6732121605187682,0.0023733622025767787,-0.0023733622025758905,0.0973346708442709,0.09733467084427092,6.746741061383882,6.903492852452131,7.073509258891731,1.4801721321099466,1.654224621673087,1.8140726502798075,0.07817797089978527,0.03790230434860448,-0.002373362202576287,0.22409891362091194,0.2013055730823501,0.41801639616164876,
gen=46_member=5774_pso,50.0,113.69864725552864,113.69864725552864,4.799183081404655,3.8008169185953444,4.805025201228596,3.794974798771404,0.0058421198239413386,-0.00584211982394045,0.18643629812346246,0.18643629812346246,4.463592669297386,4.75923528871717,5.087527224849883,3.421784473500232,3.7597757866487815,4.063136952150487,0.14969059329865034,0.07192423673735462,-0.0058421198239410905,0.4354308082727023,0.3795853324127192,0.41801639616164876,
gen=37_member=4723_pso,50.0,106.8511723206405,104.51778202732396,6.565250283271652,2.034749716728347,6.568466027417711,2.0315339725822894,0.003215744146058519,-0.003215744146057631,0.11674946573942474,0.11674946573942478,6.353549174837692,6.540189091068753,6.7448772372330446,1.7989621432700997,2.009091409841128,2.2000045616174386,0.09375936360137281,0.045271809727657306,-0.0032157441460581894,0.2706338466508411,0.2396598458078092,0.41801639616164876,
gen=45_member=5711_pso,50.0,100.17642906394414,98.88330928345108,6.922030430058356,1.677969569941643,6.924424571260334,1.6755754287396654,0.002394141201977895,-0.002394141201977673,0.09796425247273191,0.0979642524727319,6.743214194832116,6.900974843664221,7.072098298099981,1.4812921896658913,1.6564680472416884,1.8173465392838664,0.07868410622986878,0.03814498251394543,-0.002394141201977909,0.22554045581522253,0.2026022048298053,0.41801639616164876,
gen=29_member=3643_pso,50.0,104.2103519446892,102.35342522480737,6.707143575449283,1.8928564245507165,6.710265211571532,1.8897347884284672,0.0031216361222492495,-0.0031216361222492495,0.11154343809724748,0.11154343809724741,6.504889138616711,6.683229050231849,6.878842818411624,1.6675407677268514,1.868334343451576,2.050675143489482,0.08957212046713792,0.0432252421724443,-0.003121636122249337,0.25856735770078565,0.22901605497081157,0.41801639616164876,
gen=28_member=3493_pso,50.0,112.70825437281928,111.98587538795978,5.509193157700887,3.090806842299113,5.514057217622199,3.0859427823778023,0.004864059921311892,-0.0048640599213105595,0.16345945321754604,0.16345945321754599,5.214001645184784,5.474145595275129,5.761432660394933,2.7594709518609077,3.0548339265254403,3.3213768957481156,0.13125829554757437,0.0631971178131318,-0.004864059921310771,0.38050947854646466,0.3340463094804704,0.41801639616164876,
gen=39_member=4935_pso,50.0,106.3801681691645,103.94532287253078,6.578688224468146,2.0213117755318537,6.581987942654697,2.018012057345302,0.0032997181865512815,-0.0032997181865517256,0.11593839037944391,0.11593839037944391,6.368817521067206,6.553826187024896,6.757305153065466,1.7867011009359786,1.9958433692634319,2.185171189235596,0.09309034464118462,0.04489531322731633,-0.0032997181865519485,0.2693807310589067,0.23756295045324727,0.41801639616164876,
gen=44_member=5540_pso,50.0,114.53935053258057,114.24014400405802,4.40229865627693,4.19770134372307,4.408915419434287,4.191084580565713,0.006616763157357042,-0.006616763157357042,0.1971868017663533,0.1971868017663533,4.048973825796023,4.360200772850187,4.708141939577885,3.795201113455595,4.154287509369766,4.474139440276946,0.15828192627407026,0.07583258155835669,-0.0066167631573568544,0.4626156255073628,0.39961432990114254,0.41801639616164876,
gen=42_member=5321_pso,50.0,112.74271276140006,111.78601953470147,5.562457044642887,3.0375429553571123,5.567244764948545,3.0327552350514546,0.004787720305658105,-0.004787720305657661,0.16177785265938097,0.16177785265938094,5.270302668521291,5.52775126367049,5.812082729184622,2.7096201618278526,3.001970712444788,3.2657326346973177,0.12990831476229153,0.06256029722831667,-0.004787720305658178,0.3765639492592765,0.3306127444021225,0.41801639616164876,
gen=39_member=4882_pso,50.0,102.04861038689992,99.8747179039148,6.868835712746872,1.7311642872531274,6.8714111353912966,1.7285888646087033,0.002575422644424563,-0.002575422644424119,0.09999049352958483,0.09999049352958488,6.686816044583142,6.84736297928637,7.022296791665959,1.529856793874421,1.7092176738091407,1.8731118624107388,0.08029901253091129,0.03886179494324338,-0.002575422644424544,0.23097252201199936,0.2061707174731815,0.41801639616164876,
gen=39_member=4970_pso,50.0,112.550902105522,111.96893622141724,5.4665230603289645,3.133476939671035,5.471527912123935,3.1284720878760646,0.005004851794970122,-0.005004851794970566,0.16656590928432818,0.16656590928432827,5.165931038073716,5.4308473360289025,5.723644258950271,2.795696869850147,3.0968203430320633,3.36831639600426,0.13374938716420853,0.06437226768461914,-0.005004851794970283,0.3879060052324217,0.34019628896586873,0.41801639616164876,
gen=32_member=3991_pso,50.0,114.11748498664006,113.6728294514638,4.7412011901892335,3.8587988098107666,4.747178259998372,3.852821740001628,0.005977069809138591,-0.005977069809138591,0.18750289229413755,0.18750289229413752,4.404026186631377,4.701136817135488,5.031342758364093,3.4772940032734354,3.8175206149477847,4.1224380240527,0.15052998363469242,0.072276456912777,-0.005977069809138454,0.4382855504504617,0.38140433015407194,0.41801639616164876,
gen=37_member=4713_pso,50.0,113.62329616992702,113.25725659789096,4.874968694613963,3.725031305386037,4.880697054961823,3.719302945038177,0.005728360347860395,-0.005728360347859951,0.18281562461992937,0.18281562461992937,4.546207420510423,4.835758930972282,5.1578194901303505,3.3530459390682417,3.6848688883392424,3.9820325830002945,0.14677527365033824,0.07052345665123894,-0.005728360347860374,0.42743063851366525,0.3719276221510919,0.41801639616164876,
gen=41_member=5214_pso,50.0,112.83850155832631,111.63241981318505,5.678232495101188,2.9217675048988117,5.682741264157161,2.917258735842839,0.004508769055973083,-0.004508769055972639,0.15692791357518973,0.1569279135751896,5.394318610970531,5.644564292792809,5.920055077100128,2.6043129779958236,2.887245566833562,3.143484278957731,0.1260305754329925,0.06076090318850982,-0.004508769055972874,0.3643928748151293,0.3213422032656821,0.41801639616164876,
gen=47_member=5902_pso,50.0,104.82619723989076,102.73306098283294,6.696482935204916,1.9035170647950834,6.69965666169332,1.9003433383066786,0.0031737264884039718,-0.00317372648840486,0.11274894320444066,0.1127489432044406,6.492109715994295,6.6723086489799215,6.870075464197846,1.6757166111989146,1.878724829213056,2.0629964465352657,0.09054189627889453,0.043684084895244626,-0.003173726488405277,0.26141890758112485,0.23141315898013293,0.41801639616164876,
gen=45_member=5714_pso,50.0,111.5441493218038,110.83594791720645,5.641638097105259,2.9583619028947408,5.64655825803157,2.953441741968429,0.004920160926310757,-0.004920160926311645,0.1599583350264995,0.1599583350264995,5.353482476739022,5.607339504460076,5.888853040478574,2.633493726351066,2.9231683571869462,3.183596975360954,0.12844477413083422,0.061762306602261605,-0.004920160926311003,0.3730883127248088,0.3259473848340635,0.41801639616164876,
gen=45_member=5725_pso,50.0,96.33107850210814,94.92444773110908,7.100423713310399,1.4995762866896,7.102396037036014,1.4976039629639861,0.001972323725614622,-0.001972323725613956,0.0861408034229635,0.08614080342296347,6.942698267999276,7.08189592800326,7.232094656599111,1.3270949864208137,1.4806856376046298,1.6224306028271454,0.06918943515691989,0.03360855571565295,-0.001972323725613989,0.19774009878855914,0.17877467450153528,0.41801639616164876,
gen=41_member=5219_pso,50.0,102.11167767092121,100.48885944280241,6.8343421785477325,1.765657821452267,6.837188380726753,1.7628116192732461,0.0028462021790200964,-0.0028462021790207626,0.10454106727484819,0.10454106727484822,6.644478796241127,6.811921448012663,6.995088130965585,1.5547784314297755,1.7426813016819185,1.9137507226882071,0.0839515625225045,0.04055268017174181,-0.0028462021790208866,0.24196165527394342,0.21503600034086912,0.41801639616164876,
gen=38_member=4779_pso,50.0,106.95197505014431,106.563046480051,6.369252095378082,2.2307479046219183,6.3729190719430875,2.227080928056912,0.0036669765650056974,-0.0036669765650061414,0.12366229448155978,0.12366229448155966,6.145979006884274,6.342732508953884,6.560039812771262,1.9801214059998722,2.203535235178969,2.4051988976587015,0.09930859647970353,0.04782080995734871,-0.003666976565006091,0.28782680088575496,0.2526273007613895,0.41801639616164876,
gen=39_member=4891_pso,50.0,114.04452867622658,114.03231986760247,4.466077227336892,4.133922772663108,4.472593488559002,4.127406511440998,0.006516261222110131,-0.006516261222110131,0.19508638652403476,0.19508638652403484,4.116439771201564,4.424410042113616,4.768610111136541,3.735799931578372,4.090980023827215,4.407459797653247,0.15659982313353182,0.07504178095571093,-0.0065162612221099925,0.45755723168916607,0.3954698220121733,0.41801639616164876,
gen=38_member=4772_pso,50.0,105.96187333443666,104.91317880806483,6.530701134798303,2.069298865201697,6.534382038944107,2.065617961055892,0.0036809041458045755,-0.0036809041458050196,0.12312539610289157,0.12312539610289144,6.308307163680878,6.504318678300151,6.720731611585991,1.8197509887600931,2.042205533586204,2.2429540222596325,0.09886693972823754,0.047593017791216254,-0.003680904145805044,0.28649072787397767,0.251722886557908,0.41801639616164876,
gen=42_member=5263_pso,50.0,114.5217720819255,114.2226322908421,4.405982573321649,4.194017426678351,4.412591993856691,4.1874080061433085,0.006609420535042432,-0.006609420535042432,0.1970508067514524,0.19705080675145237,4.052880652517477,4.3639173969246965,4.711605691314586,3.7918127615923773,4.1506316304680935,4.470280419636502,0.15817243692047625,0.07578150819271678,-0.006609420535042704,0.4622744956284688,0.39935574500302806,0.41801639616164876,
gen=40_member=5076_pso,50.0,110.12340825700751,109.05327032793033,6.093083193464476,2.506916806535524,6.096874913822588,2.5031250861774126,0.0037917203581123715,-0.0037917203581114833,0.1380547690070272,0.13805476900702715,5.842694872376739,6.0634066008154255,6.305705839779821,2.228894582885343,2.4765095201626446,2.702432410544455,0.11094014695639609,0.05357421329914216,-0.0037917203581117618,0.31780229363097945,0.28340771971264633,0.41801639616164876,
gen=49_member=6161_pso,50.0,96.12077302943432,95.02082706734132,7.09287822429908,1.507121775700919,7.094848809149028,1.5051511908509718,0.0019705848499471657,-0.0019705848499471657,0.08628234667152003,0.08628234667152002,6.934883938878297,7.074319552560845,7.224754329662779,1.334366536691804,1.4881998475144482,1.6301863492002022,0.06930346949426387,0.03366644232215824,-0.0019705848499473946,0.19805833826278452,0.17907681185329416,0.41801639616164876,
gen=43_member=5437_pso,50.0,110.89639124266456,110.03669614928387,5.9358462681465705,2.664153731853429,5.9399594390640384,2.6600405609359608,0.00411317091746799,-0.004113170917468434,0.145023572436734,0.14502357243673403,5.673297190132331,5.9047168738172475,6.159218111914169,2.3710511380668784,2.6322446076826673,2.869179433624568,0.11648232308532282,0.05618457608392712,-0.004113170917468588,0.3363412466034159,0.29716339808948344,0.41801639616164876,
gen=44_member=5578_pso,50.0,100.9755272472946,97.54597327332193,6.9868510546765945,1.613148945323405,6.989183301494361,1.610816698505638,0.002332246817766226,-0.002332246817766892,0.09419834158112465,0.09419834158112449,6.8149551300482925,6.966619824656712,7.131201768262469,1.4239499635488913,1.592469297761998,1.7471136329347676,0.07565485469437001,0.03666130393830156,-0.0023322468177668886,0.21697491689677495,0.19477259869707275,0.41801639616164876,
gen=36_member=4573_pso,50.0,95.34454684297248,94.42085314682879,7.132963773695647,1.4670362263043522,7.135020776743626,1.4649792232563728,0.0020570030479785117,-0.0020570030479794,0.08611804551845491,0.08611804551845491,6.9755100035446045,7.114447600758762,7.2647579431565115,1.2944192320897647,1.4481218672535519,1.5896829924436187,0.06917668158590388,0.03355983926896221,-0.002057003047979484,0.19787824702205992,0.17846364056677633,0.41801639616164876,
gen=44_member=5555_pso,50.0,108.35905241245798,106.33391522597017,6.419872018663231,2.1801279813367684,6.423697154141992,2.176302845858008,0.00382513547876151,-0.0038251354787606218,0.12644845958475337,0.12644845958475343,6.19173458782433,6.392797458208092,6.6151648840200465,1.9234454842051545,2.1523409819630377,2.3583395834896,0.10151179495180676,0.04884332973652274,-0.0038251354787612714,0.29482939278749054,0.25816063278052326,0.41801639616164876,
gen=38_member=4840_pso,50.0,111.54088928533567,110.65515065434496,5.705849637343929,2.89415036265607,5.710652213288888,2.8893477867111126,0.004802575944959031,-0.004802575944957255,0.15590260596753788,0.15590260596753783,5.4249741186146,5.672464666893739,5.946771091203187,2.577562271354947,2.859837504025975,3.113681647222447,0.1251844125861847,0.06019091832061329,-0.004802575944958133,0.3635926818098749,0.3177954086587018,0.41801639616164876,
gen=47_member=5966_pso,50.0,108.07935121426111,106.8318816343605,6.3484138134572845,2.2515861865427147,6.352142630467773,2.247857369532227,0.003728817010488328,-0.0037288170104878837,0.12374475804835104,0.12374475804835101,6.125201193988133,6.321883797571197,6.539462963194603,2.0005932458208218,2.2243515101201674,2.426017887055565,0.09937225545478687,0.04782171922214922,-0.003728817010488412,0.28826136028956206,0.2525372547269331,0.41801639616164876,
gen=47_member=5898_pso,50.0,109.20208556624591,108.85591904641383,6.13618009094297,2.4638199090570296,6.140378444231948,2.459621555768052,0.004198353288978218,-0.004198353288977774,0.13367486026530392,0.13367486026530373,5.895665458864805,6.107543358494514,6.342941154421835,2.1920658629878944,2.4343893605693694,2.6518570635743988,0.10733652777799933,0.05156908724451066,-0.004198353288978008,0.31215056993987034,0.27204764169243845,0.41801639616164876,
gen=38_member=4768_pso,50.0,99.4337445899463,97.90858493273069,6.975305559697296,1.6246944403027037,6.9776516460045785,1.6223483539954202,0.002346086307282391,-0.0023460863072835014,0.0948942388028423,0.09489423880284238,6.802151058143374,6.954921742761798,7.120721888653006,1.4340788151161805,1.6038667213595517,1.7596504118040133,0.07621267640276023,0.0369332950477385,-0.0023460863072832516,0.21861305499068173,0.19619199047412206,0.41801639616164876,
gen=41_member=5241_pso,50.0,107.3323158920554,105.80415205228012,6.463978531348902,2.136021468651098,6.467566818796366,2.1324331812036346,0.0035882874474646442,-0.003588287447463312,0.12168297261543641,0.12168297261543651,6.244186732683406,6.437896729517332,6.651706001037907,1.8892950141712885,2.109275560217734,2.307708002849048,0.09769740686807202,0.047054559710304394,-0.0035882874474632426,0.2833935275825299,0.24872549731172633,0.41801639616164876,
gen=39_member=4901_pso,50.0,95.88550708593822,94.20507927130309,7.136506989630247,1.4634930103697525,7.138553448980975,1.4614465510190247,0.0020464593507281137,-0.0020464593507278916,0.0856751032485003,0.0856751032485003,6.979860361307493,7.118087202667645,7.2676230928357395,1.2917605073453529,1.444676702358612,1.5855098671732992,0.0688201060974527,0.03338682337336229,-0.0020464593507281354,0.1968668676885752,0.17755064357580164,0.41801639616164876,
gen=40_member=5082_pso,50.0,100.5597504330896,97.74289426286462,6.959027768521216,1.6409722314787833,6.961351210344717,1.6386487896552824,0.0023234418235009713,-0.0023234418235009713,0.09433766505896732,0.09433766505896744,6.786910162494226,6.93875538998463,7.103583017337918,1.4514408322317411,1.6202734174039573,1.775137947988692,0.07576486654824126,0.03672071236236998,-0.0023234418235012887,0.21740076613595516,0.19500252903746418,0.41801639616164876,
gen=49_member=6158_pso,50.0,111.2629568994341,110.07893984150185,5.848018087151196,2.751981912848804,5.852709900700928,2.747290099299072,0.004691813549731805,-0.004691813549731805,0.1503360305364214,0.15033603053642125,5.577423605049922,5.8157951147579405,6.080510917436298,2.4463862780930157,2.7189026408019763,2.9634841241944496,0.12071109762448584,0.05800964203737686,-0.00469181354973212,0.3510307589602508,0.30609183016999175,0.41801639616164876,
gen=49_member=6216_pso,50.0,110.87853722112972,110.45432501578411,5.762882942320246,2.837117057679754,5.767517789771864,2.8324822102281355,0.004634847451617574,-0.004634847451618462,0.15796610502298972,0.15796610502298972,5.477511416185867,5.728986045513126,6.006543759515687,2.517179843866527,2.8023694679009634,3.0600726473616415,0.12686164770008335,0.0611134001242325,-0.004634847451618365,0.3672973069075791,0.32288665893071933,0.41801639616164876,
gen=47_member=6002_pso,50.0,97.00051719808124,95.10238539262453,7.089758722592024,1.5102412774079752,7.091722649461547,1.5082773505384537,0.0019639268695224033,-0.001963926869521515,0.08623774455137112,0.08623774455137116,6.931838841311041,7.071205483452698,7.221555845086172,1.3375848666741743,1.4913291977038818,1.6332518894429773,0.06926854432548708,0.033652308727982576,-0.0019639268695219305,0.1979486625244844,0.17898862080294986,0.41801639616164876,
gen=32_member=3978_pso,50.0,110.25053912128294,108.89158967774969,6.146686018558967,2.453313981441033,6.150878117575322,2.4491218824246768,0.004192099016355755,-0.004192099016356199,0.13324606359781788,0.13324606359781793,5.906973043810988,6.1181418480737015,6.352795080582974,2.1824023693290906,2.42397642568112,2.6407321972048114,0.10699207118673947,0.051399986085191474,-0.0041920990163565154,0.3111993557688981,0.2711326257902993,0.41801639616164876,
gen=24_member=2976_pso,50.0,111.28605767434495,109.8459283969095,5.914949870776232,2.6850501292237676,5.91943694649109,2.680563053508911,0.004487075714858513,-0.004487075714856736,0.15020429452169373,0.15020429452169382,5.643801883559187,5.882750674651899,6.146768253115137,2.3806069428956507,2.6519757857554027,2.896914783112319,0.12062408200246573,0.05806850314380426,-0.004487075714857207,0.34955487996002077,0.3067923287169041,0.41801639616164876,
gen=46_member=5863_pso,50.0,110.06685037277339,107.6435948669181,6.287900263183223,2.312099736816777,6.291838773739555,2.3081612262604447,0.003938510556332098,-0.003938510556332098,0.12966905959284689,0.12966905959284672,6.054129338868729,6.260110074222109,6.48816416769698,2.048828295354513,2.2835699749907445,2.494796852785629,0.10411605217006917,0.05008877080686868,-0.003938510556331802,0.30245310225286026,0.26447070655774496,0.41801639616164876,
gen=49_member=6159_pso,50.0,101.74785503091832,100.67367930629531,6.8226285366726,1.7773714633273998,6.825342292259214,1.7746577077407852,0.0027137555866145746,-0.0027137555866145746,0.10411409617610626,0.10411409617610641,6.63316895941454,6.800279022957134,6.982474242062089,1.5677424206225463,1.7545056192994413,1.9251219565206223,0.08361412451478197,0.04045018446408355,-0.0027137555866148695,0.24048172119102418,0.21459681936140385,0.41801639616164876,
gen=49_member=6198_pso,50.0,108.17573092153894,105.98749701789104,6.4494549561429455,2.150545043857054,6.452967479392809,2.14703252060719,0.0035125232498636194,-0.0035125232498640635,0.12183849055106748,0.12183849055106745,6.2291150799129875,6.4233188805448,6.637236325657785,1.9038741142408875,2.123752786151697,2.3226397498604205,0.09783881306662233,0.04716314490837906,-0.0035125232498642136,0.2832495318918129,0.2493593331841435,0.41801639616164876,
gen=39_member=4883_pso,50.0,108.90827610733855,108.14164050688167,6.2266072606322975,2.373392739367702,6.230570456750247,2.3694295432497547,0.003963196117949153,-0.003963196117947376,0.1298455572649813,0.12984555726498118,5.9925754385416345,6.198775017168116,6.427195189481879,2.109857973581294,2.3448108002973838,2.5563102074511015,0.10427026631695707,0.05015353509950453,-0.003963196117948018,0.30264874034304867,0.2647542786902468,0.41801639616164876,
gen=36_member=4595_pso,50.0,112.83089954214338,112.53138228389614,5.411821069876371,3.188178930123629,5.416776475221736,3.1832235247782643,0.004955405345365094,-0.00495540534536465,0.1698685803453721,0.16986858034537222,5.104735072269054,5.375392704228491,5.67374479416,2.844236640974865,3.1508063298905946,3.4280018581452003,0.1364142147642188,0.06572940470942737,-0.004955405345364065,0.39486990797997645,0.34753175840258876,0.41801639616164876,
gen=44_member=5538_pso,50.0,110.35978999043485,109.149700497981,6.077785297679284,2.5222147023207153,6.081783927324727,2.518216072675272,0.0039986296454426196,-0.003998629645443508,0.13535183778113227,0.13535183778113222,5.832070391584232,6.048882992307595,6.286497755497567,2.247856288387588,2.492513269844698,2.713141073728996,0.10858279777679566,0.05229208406567592,-0.00399862964544382,0.3151689448661825,0.2788988461837505,0.41801639616164876,
gen=47_member=5958_pso,50.0,104.46886342205235,103.68786455809354,6.59734774647386,2.0026522535261395,6.600627963437608,1.9993720365623915,0.0032802169637484724,-0.0032802169637480283,0.11460384447142082,0.11460384447142079,6.389959710660446,6.572774551225267,6.77394766287452,1.770655727230712,1.9774767652015317,2.1645809415088815,0.09201634736818003,0.044368065202215756,-0.0032802169637485114,0.26640317315319706,0.23474325624298942,0.41801639616164876,
gen=46_member=5862_pso,50.0,113.34583744841463,113.0969236413901,5.127386814601836,3.472613185398164,5.132719737444356,3.4672802625556436,0.005332922842519849,-0.0053329228425202935,0.17739872526162173,0.17739872526162173,4.807285055811997,5.089360575074114,5.401256013213738,3.1128166500481997,3.4335713731138147,3.7227162077828986,0.14245276729430573,0.0685599222258927,-0.005332922842520323,0.4131761504939,0.3621644445315777,0.41801639616164876,
gen=48_member=6077_pso,50.0,110.31867225573538,109.01400043970366,6.091617520994447,2.508382479005553,6.095734323415246,2.5042656765847533,0.004116802420798926,-0.004116802420799814,0.13461234100745048,0.13461234100745034,5.848434931634821,6.0628242069963205,6.299542827522244,2.2350664763326593,2.4787920209956864,2.6979581734819726,0.10804149731589172,0.05196234744754605,-0.0041168024207996244,0.3139647366201306,0.27561273287408383,0.41801639616164876,
gen=38_member=4784_pso,50.0,106.1827838891305,103.04783317258301,6.666414597870984,1.9335854021290155,6.669314457942998,1.9306855420570013,0.0028998600720138157,-0.0028998600720142598,0.11010462695687093,0.11010462695687095,6.466289375156569,6.64275670474858,6.835515703653818,1.711746807637293,1.9093845582563151,2.089744095736005,0.08843671955528143,0.042768429741633716,-0.00289986007201401,0.2545435903444808,0.22660258656453003,0.41801639616164876,
gen=38_member=4799_pso,50.0,112.07050960387664,110.56961921480378,5.720039642581016,2.8799603574189843,5.724831198389337,2.875168801610664,0.004791555808321135,-0.004791555808320247,0.15521469285288902,0.15521469285288897,5.440472146837954,5.68678914624269,5.9599324891510745,2.5646945045663183,2.8458087571641757,3.09846993572837,0.12463198060370599,0.05992021239769291,-0.004791555808320188,0.36207699344047306,0.3163202833500902,0.41801639616164876,
gen=33_member=4144_pso,50.0,97.77897338467862,96.24435466052263,7.048896018284096,1.5511039817159038,7.051190261273288,1.548809738726712,0.002294242989192341,-0.002294242989191897,0.0919837039830071,0.09198370398300719,6.881077422518407,7.029128674330931,7.1898778929699505,1.3663741341504214,1.5308932717678345,1.6818804418680473,0.07388507475984309,0.035795415885325546,-0.002294242989192014,0.21181430906840326,0.19016673291370534,0.41801639616164876,
gen=40_member=5066_pso,50.0,109.7860988585555,108.71705079604108,6.14185148605955,2.4581485139404498,6.144651292819862,2.455348707180137,0.002799806760312329,-0.002799806760312773,0.13491794262430815,0.1349179426243081,5.894661084880782,6.112550493441272,6.347017081797205,2.1893574514530196,2.428129378764451,2.651176832472979,0.10858688747485076,0.052893540357268794,-0.0027998067603131754,0.3083352152533321,0.2797796673970794,0.41801639616164876,
gen=40_member=5054_pso,50.0,108.68417066619094,107.34892054322654,6.320863213967003,2.2791367860329963,6.324679884701105,2.275320115298896,0.003816670734101635,-0.0038166707341003026,0.1272026190689074,0.12720261906890762,6.091366662253189,6.29359218936557,6.517205597085417,2.0211107653981535,2.251146021938341,2.4584731783092764,0.10214478958697723,0.049164059426438374,-0.003816670734100463,0.2963785549865845,0.2596529871130784,0.41801639616164876,
gen=45_member=5693_pso,50.0,100.28955246444755,98.77147178738257,6.91440673029158,1.6855932697084197,6.916990747471191,1.6830092525288083,0.002584017179611209,-0.002584017179611431,0.10025303428421348,0.10025303428421353,6.731811162501603,6.892879248567965,7.06824488874571,1.4839256429176964,1.6635639172638366,1.8279403073840559,0.08052015951148367,0.038968071165935966,-0.0025840171796117388,0.2312954306854289,0.20686391509597435,0.41801639616164876,
gen=48_member=6031_pso,50.0,112.60765764772395,112.20077846311648,5.451872154613838,3.1481278453861616,5.456895116583912,3.1431048834160884,0.0050229619700736805,-0.005022961970073236,0.16741458882876195,0.16741458882876198,5.149707642573629,5.416016729303912,5.710284584956067,2.808671667223307,3.1112790509122847,3.3841953953094106,0.13443180652666037,0.06470442227829348,-0.005022961970073402,0.3898210064377583,0.34196748420706324,0.41801639616164876,
gen=31_member=3921_pso,50.0,113.08998190908493,112.60699541547174,5.167740737016297,3.432259262983702,5.173112177182693,3.4268878228173065,0.005371440166396013,-0.005371440166395569,0.17438850072813272,0.17438850072813286,4.853583454011907,5.1303711958338285,5.437256616395931,3.078067868088708,3.3938909187010977,3.6777933282801185,0.14002536920465555,0.06732696451912955,-0.005371440166396469,0.40682265666242756,0.3554636838724301,0.41801639616164876,
gen=44_member=5545_pso,50.0,108.99844165553478,107.39647421406681,6.306850251910206,2.2931497480897933,6.3106993244837835,2.289300675516216,0.003849072573577139,-0.003849072573577139,0.12774524079780625,0.12774524079780616,6.076432124721098,6.279463651514662,6.504063681429861,2.0339697343028575,2.265037872215638,2.4732153496973055,0.10258029024176027,0.049365608834091704,-0.003849072573576853,0.29771267795053014,0.2606855688250507,0.41801639616164876,
gen=39_member=4943_pso,50.0,110.40547897790981,107.53122809735844,6.249636104976979,2.350363895023021,6.253224587435115,2.346775412564886,0.003588482458136255,-0.003588482458134923,0.12652898995081444,0.12652898995081432,6.0189766060364125,6.22261481695319,6.444386147526078,2.0944905826263787,2.3226163873330603,2.5292182118053605,0.10149130044306177,0.0489514089924634,-0.003588482458134979,0.2938465657715774,0.2618555664496114,0.41801639616164876,
gen=34_member=4333_pso,50.0,109.59674723816163,106.99026041312557,6.327466167456523,2.272533832543477,6.330826799448021,2.269173200551979,0.003360631991498053,-0.003360631991498053,0.12784297915955453,0.1278429791595545,6.0941695320315965,6.300156537368395,6.5236960751521655,2.0148519916694845,2.2445245532342826,2.4542284863018,0.1025689712075573,0.04960416960802954,-0.0033606319914982223,0.2958570198184294,0.26431282560182545,0.41801639616164876,
gen=46_member=5865_pso,50.0,99.34269837540397,97.8101484614914,6.9765308619299695,1.6234691380700301,6.978908329855234,1.6210916701447653,0.002377467925264831,-0.002377467925264831,0.09589872742187551,0.09589872742187548,6.801528049687754,6.955932386535257,7.123486661235429,1.4308841221459898,1.602408715513967,1.7598524223656307,0.07702389771318363,0.03732321489395929,-0.00237746792526506,0.2208395585928109,0.19829881288293816,0.41801639616164876,
gen=35_member=4371_pso,50.0,109.40350715755716,108.63855991370374,6.163962065820147,2.4360379341798524,6.168240810593441,2.4317591894065584,0.00427874477329393,-0.00427874477329393,0.13531564364010615,0.13531564364010634,5.920627485171214,6.134982791385691,6.3732908874109615,2.1606784454570644,2.4062538620937977,2.626302858859984,0.10864092546035967,0.05218109034353279,-0.004278744773294068,0.31646818650383146,0.2752130212277084,0.41801639616164876,
gen=39_member=4906_pso,50.0,106.00551992707378,102.6470658946195,6.674995446226635,1.9250045537733647,6.678127218442454,1.921872781557546,0.003131772215819062,-0.003131772215818618,0.11165365610038618,0.11165365610038613,6.472664530198811,6.65105455384029,6.846910549622568,1.6992799247923707,1.9004824105174352,2.0829273686561627,0.08965089542540246,0.043259561604791885,-0.003131772215818701,0.2591199008192753,0.22906918003230103,0.41801639616164876,
gen=47_member=5999_pso,50.0,100.64403481361417,98.01395825622748,6.968811206247846,1.631188793752154,6.97117362131953,1.628826378680469,0.0023624150716843317,-0.002362415071684998,0.09518660204541628,0.09518660204541622,6.795160313668974,6.948365088234746,7.1146965106157225,1.4399447376977264,1.6102973190066552,1.76653793178948,0.07644665333778596,0.03704211913305069,-0.0023624150716845633,0.21934287579325407,0.19675056001472235,0.41801639616164876,
gen=42_member=5333_pso,50.0,101.40107764307871,99.02927744287139,6.893978709472,1.7060212905279992,6.896428191835887,1.7035718081641136,0.002449482363886979,-0.0024494823638856467,0.09781143401584401,0.0978114340158441,6.71569946457397,6.872959513610416,7.043943815341938,1.5093599599180862,1.6845519511651001,1.84502844194029,0.07855652721538856,0.03805352242575122,-0.002449482363886108,0.2256031018329967,0.20195117864125134,0.41801639616164876,
gen=46_member=5794_pso,50.0,110.69241741717775,110.1235704348894,5.813172569755593,2.786827430244407,5.817898399454537,2.782101600545463,0.004725829698943862,-0.004725829698943862,0.15132241385781456,0.1513224138578147,5.540762936381302,5.780745398870511,6.047181385505252,2.4792767932891056,2.753514015875468,2.9997458438851345,0.12150459785379772,0.05838938407742686,-0.004725829698943999,0.3532836219934721,0.3081470021737358,0.41801639616164876,
gen=43_member=5487_pso,50.0,112.65362085740898,112.59704141874091,5.376694495342707,3.2233055046572927,5.381726732113639,3.2182732678863606,0.005032236770931675,-0.005032236770932119,0.17092223349787883,0.17092223349787888,5.067837849933677,5.340069370754762,5.640323329073128,2.8771077936923364,3.1856866021876877,3.4645339663261274,0.13725642363994442,0.06611209343450596,-0.005032236770932504,0.3974817010475018,0.3495666821520924,0.41801639616164876,
gen=30_member=3743_pso,50.0,101.70001094966716,98.87435427861422,6.886411008643066,1.713588991356934,6.889053005050645,1.7109469949493543,0.002641996407579228,-0.002641996407579672,0.10060428850466845,0.1006042885046684,6.7033605627835255,6.864823583165705,7.040900028597846,1.510968586000377,1.6914910420401725,1.8563209688701834,0.08079183174815065,0.03907491767028553,-0.002641996407579575,0.23245447045104495,0.2073536579872819,0.41801639616164876,
gen=39_member=4904_pso,50.0,100.67469989672378,98.31130961541429,6.947925291470112,1.6520747085298877,6.950354804025546,1.6496451959744542,0.002429512555433888,-0.002429512555433444,0.0961481457088327,0.09614814570883275,6.772680069161503,6.927278289819182,7.095379367781668,1.458729815057079,1.6309707735275751,1.7886899825863896,0.07721594812618768,0.03739321778537693,-0.00242951255543383,0.22178082967517554,0.19854080305685962,0.41801639616164876,
gen=47_member=5956_pso,50.0,113.51642230234141,113.30463357982367,4.852302008886767,3.747697991113233,4.858097064879767,3.741902935120234,0.005795055993000453,-0.005795055992998677,0.18345971413117906,0.18345971413117917,4.522498240625176,4.812979974113332,5.136214891010829,3.3742993015221243,3.707379975502709,4.005536057849526,0.14729059408867123,0.07074776904783597,-0.005795055992999275,0.42903827656136784,0.37311313482757846,0.41801639616164876,
gen=45_member=5633_pso,50.0,96.22967772665474,95.30103517422398,7.107120656330995,1.4928793436690044,7.1091495300142284,1.4908504699857725,0.0020288736832334564,-0.002028873683231902,0.08759087927466658,0.08759087927466658,6.946752110082919,7.088289108241268,7.241035447439044,1.317522096379925,1.4736517253978025,1.617774809987502,0.07035889410645874,0.03416501021161323,-0.0020288736832322785,0.20099444821757562,0.18178218448735795,0.41801639616164876,
gen=42_member=5374_pso,50.0,113.20058552538926,112.55915192767122,5.404634033161063,3.1953659668389367,5.409592466050332,3.190407533949667,0.004958432889268671,-0.0049584328892695595,0.1701422740575854,0.17014227405758534,5.097082271790227,5.368135409012357,5.66698445844133,2.850854750606296,3.157945473611275,3.4355798659950776,0.13663372756855993,0.06583764733964538,-0.004958432889269205,0.39553616156609905,0.3480408898689653,0.41801639616164876,
gen=48_member=6063_pso,50.0,112.93032608863865,111.52667253885436,5.644945459733041,2.955054540266959,5.649722458866098,2.950277541133902,0.004776999133056847,-0.004776999133056847,0.15840058274548624,0.15840058274548632,5.359097673774872,5.611006247460052,5.889490719118562,2.633757410236616,2.920183572374276,3.1783747295325115,0.12719143752851825,0.061207219197730575,-0.004776999133057098,0.36900117397917676,0.32344095014922747,0.41801639616164876,
gen=37_member=4733_pso,50.0,110.94304023871513,108.61110973443459,6.171699368849394,2.428300631150606,6.17592880737591,2.424071192624091,0.004229438526516027,-0.004229438526515139,0.1341341812377032,0.1341341812377033,5.930442158836053,6.142968896739459,6.379174187328156,2.155449197189838,2.3987728474014802,2.6169376490948846,0.10769801590100819,0.051734288687246714,-0.004229438526514777,0.3135539064605517,0.27286704083453195,0.41801639616164876,
gen=38_member=4788_pso,50.0,113.26712697697172,112.6235183624327,5.176809068516462,3.423190931483538,5.1822826676809415,3.417717332319059,0.005473599164479204,-0.00547359916447876,0.17399253414767982,0.17399253414767968,4.863513814207291,5.139555059044402,5.445878258000232,3.06948902255749,3.38484669319796,3.668023882910347,0.13970001926535813,0.0671132100504398,-0.00547359916447855,0.4062756059505519,0.35441861708185485,0.41801639616164876,
gen=42_member=5267_pso,50.0,110.0059671154613,107.45552852264503,6.25265429188846,2.34734570811154,6.256606243464746,2.3433937565352543,0.003951951576286028,-0.003951951576285584,0.12804439951578786,0.12804439951578797,6.022024854558747,6.225214025182335,6.450553659999174,2.0872970673596773,2.3191584019348634,2.527623959064702,0.10282034572322564,0.04943419707347004,-0.003951951576285578,0.2986776948133123,0.26088890397301867,0.41801639616164876,
gen=46_member=5801_pso,50.0,113.22196912434818,113.1202239034437,5.0917225879018275,3.5082774120981726,5.097092278545827,3.502907721454173,0.005369690643999725,-0.005369690643999725,0.17859272101090543,0.17859272101090543,4.769702362454157,5.053407194091114,5.367524400915279,3.145832073977525,3.469037112029171,3.759912220555156,0.14340341937491716,0.06901686436545888,-0.005369690643999411,0.416313062898956,0.3644260983629266,0.41801639616164876,
gen=47_member=5934_pso,50.0,113.82797755135174,113.82797755135174,4.7275234653692735,3.8724765346307266,4.733525570683498,3.866474429316503,0.006002105314224515,-0.006002105314223627,0.1883704697933979,0.18837046979339803,4.388768372992531,4.687246399869995,5.0189982059347376,3.4892459509263407,3.830979654510858,4.137362875881792,0.1512354146311723,0.07261665465847443,-0.006002105314223448,0.44031209961096174,0.3831291764715852,0.41801639616164876,
gen=40_member=5041_pso,50.0,102.29118560995296,99.76343136219128,6.879761105089104,1.7202388949108955,6.8824735616676636,1.7175264383323359,0.0027124565785596744,-0.0027124565785596744,0.10213064566471407,0.10213064566471419,6.6940316431152,6.857842185759917,7.036653382689526,1.5144944579653,1.6977924537172822,1.8650698730224307,0.08202314898625866,0.03965534620384938,-0.0027124565785599,0.2360180234749727,0.2103785182826865,0.41801639616164876,
gen=44_member=5596_pso,50.0,103.21540709514603,102.5820707638887,6.693556892688298,1.9064431073117016,6.696620402654242,1.903379597345758,0.003063509965944178,-0.0030635099659437337,0.11091745519546962,0.11091745519546975,6.492380468688791,6.669766607597133,6.8642326313677975,1.6824059066371901,1.8820821184872916,2.0634366951400325,0.08906455913956536,0.04300052458681066,-0.0030635099659440295,0.2571441131192431,0.22777993190522405,0.41801639616164876,
gen=46_member=5800_pso,50.0,97.65505960065083,96.39936894667757,7.0609735356928,1.5390264643071996,7.063152794746938,1.5368472052530617,0.002179259054138072,-0.00217925905413785,0.09110733820296485,0.09110733820296481,6.894417226605863,7.041389209542419,7.200411894300871,1.3563945881938897,1.5190175406625819,1.6687762336154006,0.07318353535006354,0.035502138147962686,-0.002179259054138162,0.20935914883063145,0.1887704730718287,0.41801639616164876,
90,50.0,116.67420011609178,116.67420011609178,4.024778407074204,4.5752215929257956,4.032061653910462,4.567938346089538,0.00728324683625825,-0.007283246836257362,0.21752002631547707,0.21752002631547707,3.6349958486877334,3.978246839483834,4.362174257164554,4.131369722865467,4.527271039885114,4.880268992978862,0.17463343686381197,0.08367509501377744,-0.0072832468362570724,0.5100502090603278,0.44062609759467986,0.41801639616164876,
8,50.0,116.81868744021499,116.81868744021499,4.0256290590736885,4.574370940926311,4.032950726464124,4.567049273535876,0.007321667390435493,-0.007321667390435493,0.21913684514632834,0.21913684514632834,3.633003074817623,3.9787214701949103,4.36551193613588,4.127211528419776,4.5260992623219645,4.881670023611625,0.17593442056682196,0.08430637658819333,-0.007321667390435355,0.5138595909402497,0.44384783388860694,0.41801639616164876,
gen=47_member=5927_pso,50.0,113.3891113585374,113.32560510319023,4.802858315536497,3.797141684463503,4.8087573375977435,3.7912426624022566,0.005899022061246484,-0.005899022061246484,0.1846419785437148,0.18464197854371484,4.471115375324867,4.763313256252139,5.088707123554586,3.421159574075724,3.756548756053858,4.056527714719487,0.14823629826273246,0.07116863810074313,-0.005899022061246225,0.4320012432441942,0.3753089410900703,0.41801639616164876,
gen=23_member=2880_pso,50.0,112.92684908610946,112.54441838708175,5.213580859432441,3.3864191405675586,5.218787413201679,3.381212586798321,0.005206553769237843,-0.005206553769237399,0.1727990214776181,0.17279902147761816,4.901817533204478,5.1765412237446125,5.4803820838727,3.0359548166533026,3.3483924446610476,3.6300133558104246,0.1387600893857785,0.06677676780827065,-0.0052065537692372425,0.40242666464109433,0.3527682128465459,0.41801639616164876,
gen=45_member=5694_pso,50.0,111.0093069433019,110.26586276980991,5.784267762124034,2.8157322378759657,5.789081047833023,2.810918952166977,0.004813285708989312,-0.004813285708988868,0.15234961450721934,0.15234961450721932,5.510131817797036,5.751640965927955,6.019936275674505,2.5059611979987797,2.7821594535872505,3.0300340994794177,0.12232875325326585,0.05875773377213828,-0.004813285708989292,0.355862153457573,0.3100747537653872,0.41801639616164876,
gen=33_member=4157_pso,50.0,114.04680931292806,113.29195117004582,4.82124385645948,3.7787561435405195,4.8271441835315185,3.7728558164684816,0.005900327072038358,-0.005900327072037914,0.18415476087626045,0.18415476087626031,4.490398376373585,4.781820425504359,5.106348411042183,3.403762491159626,3.738259599853171,4.0374498657524835,0.14784546839189083,0.07097257065992647,-0.005900327072037925,0.4308414345738498,0.37430600648520596,0.41801639616164876,
gen=39_member=4884_pso,50.0,109.73919419703346,108.19045999864461,6.190171289042105,2.409828710957895,6.194427579192209,2.405572420807791,0.004256290150103759,-0.004256290150103759,0.1351615025639977,0.13516150256399778,5.947053267933624,6.16122748186191,6.399250664363167,2.134761262123697,2.380091717269237,2.599904199868959,0.10850876874868472,0.05212623929929053,-0.004256290150103658,0.3161393436760225,0.2749846852986231,0.41801639616164876,
gen=43_member=5440_pso,50.0,113.26056522804235,112.78527199842394,5.142030416018201,3.4579695839817983,5.147392761972856,3.452607238027143,0.005362345954655012,-0.005362345954655456,0.1753981264123578,0.17539812641235783,4.825940030185972,5.1044277270571135,5.413044861820911,3.1018167494105358,3.419392193333851,3.70500825015024,0.14083535299575217,0.06773650352054847,-0.005362345954655248,0.4090689683751263,0.35764175284718736,0.41801639616164876,
gen=33_member=4206_pso,50.0,108.43121424251783,106.53460570377749,6.334191750730906,2.265808249269094,6.337933862218965,2.2620661377810336,0.003742111488059585,-0.0037421114880604733,0.12622164207460038,0.1262216420746004,6.106306773999579,6.307120428306338,6.528925838706281,2.0099847854998827,2.238031428219833,2.443867867789492,0.10136472195341152,0.04881130523267552,-0.0037421114880604777,0.29379533131264957,0.2578383765008656,0.41801639616164876,
gen=48_member=6130_pso,50.0,108.10197565175143,106.17257835942013,6.3899124981359625,2.210087501864037,6.393560944917191,2.20643905508281,0.0036484467812281096,-0.0036484467812272214,0.12127020649450068,0.12127020649450072,6.171143316536319,6.363911770053941,6.577125698042115,1.9641263769023847,2.1833979494348017,2.381042621840888,0.09738494202736236,0.046868247623067516,-0.003648446781227342,0.28249575225396306,0.2475112271040496,0.41801639616164876,
gen=40_member=5021_pso,50.0,114.42298858972939,112.60045387547066,5.20019904354699,3.3998009564530096,5.205571814947894,3.394428185052106,0.005372771400904419,-0.005372771400903531,0.17402433700077316,0.17402433700077322,4.886691073495892,5.16288472343979,5.469205146254037,3.0462490477032467,3.3615058657686365,3.6447219015846612,0.13973160583937322,0.06717941721923457,-0.0053727714009040965,0.4061778364830779,0.35471165150739825,0.41801639616164876,
gen=45_member=5738_pso,50.0,101.44176925683179,100.08957248694635,6.830547587811943,1.7694524121880564,6.833157773133869,1.7668422268661306,0.0026101853219255844,-0.0026101853219258064,0.1021268754837536,0.10212687548375363,6.644597347962146,6.808606262754479,6.987246315795533,1.5639244152642366,1.7470338516397104,1.9144719485590493,0.08202013305814022,0.039704973868107354,-0.002610185321925507,0.23579691929375457,0.2106187566982065,0.41801639616164876,
gen=27_member=3377_pso,50.0,113.5056141385198,113.33158190018415,4.829414840065506,3.7705851599344937,4.83531923202375,3.764680767976249,0.005904391958243771,-0.005904391958244659,0.18400257945107612,0.18400257945107606,4.498828272746366,4.790044430209689,5.114273386882342,3.3959314168726458,3.730109956958109,4.0290816564040615,0.1477232772224872,0.07090944263212111,-0.005904391958245011,0.4304286604370562,0.3740348322324474,0.41801639616164876,
gen=46_member=5826_pso,50.0,113.58942872082606,113.32643562664363,4.846733754611018,3.753266245388982,4.85252581467794,3.7474741853220603,0.005792060066922566,-0.005792060066921678,0.183624781660398,0.183624781660398,4.5166208867062885,4.807368449177211,5.130896047735435,3.3795371360508155,3.712916575011003,4.011341606365017,0.14742318165587,0.07081556079447392,-0.00579206006692223,0.4294269175456762,0.3734570600064382,0.41801639616164876,
gen=41_member=5141_pso,50.0,103.98262990240966,101.96251410763159,6.74215395267917,1.8578460473208291,6.745141523126936,1.8548584768730634,0.002987570447765542,-0.002987570447765764,0.10893737938920588,0.10893737938920599,6.544428322826189,6.718791391086227,6.909717548604387,1.6379809988925116,1.8339074618161975,2.012109613135176,0.0874801071940264,0.04224626837313018,-0.0029875704477660484,0.25229782612752416,0.22390326326264276,0.41801639616164876,
gen=29_member=3677_pso,50.0,107.49075901812276,106.21526603405167,6.390517615708084,2.209482384291916,6.394152425053443,2.2058475749465574,0.0036348093453595354,-0.003634809345358647,0.1237975598371119,0.12379755983711191,6.166873780060391,6.363965038968222,6.581436300825273,1.9586572689343513,2.182246101908831,2.38420005786325,0.09941514869193877,0.047890169673289955,-0.0036348093453588484,0.28805580301810263,0.25306432757377895,0.41801639616164876,
gen=35_member=4441_pso,50.0,112.7408049492039,112.55041235853676,5.202237779570403,3.397762220429597,5.207479428096242,3.3925205719037583,0.005241648525839082,-0.005241648525838638,0.1732258880451664,0.17322588804516628,4.889804935670855,5.165103609319091,5.469743500208977,3.046320318527469,3.359638641992655,3.641889431500509,0.13910328967309266,0.0669308205736269,-0.005241648525838834,0.4035801789812403,0.3534841888449982,0.41801639616164876,
gen=31_member=3912_pso,50.0,109.43586853534921,108.11778793382103,6.203492153388663,2.3965078466113363,6.207723320835402,2.3922766791645964,0.004231167446739015,-0.004231167446739903,0.13483201277548723,0.13483201277548726,5.960906151374948,6.174619739456903,6.412035720688938,2.1221627680139177,2.3668458967087713,2.5861573674825933,0.10824350734840382,0.052006169950832314,-0.004231167446739205,0.315294086315828,0.2743895455343024,0.41801639616164876,
gen=44_member=5517_pso,50.0,114.64506990106455,113.16967286457135,5.076100786877321,3.523899213122679,5.081491870033076,3.518508129966925,0.00539108315575465,-0.005391083155754206,0.17860622595028128,0.1786062259502814,4.753866185156213,5.037832162823585,5.351874854457078,3.1615991858365007,3.484599619699912,3.775647089664992,0.1434178328328212,0.06901337483853362,-0.005391083155753934,0.4160608611364429,0.3646060659627315,0.41801639616164876,
gen=49_member=6177_pso,50.0,113.24006846059348,113.18633487060403,5.06471106184965,3.5352889381503494,5.07010569281675,3.5298943071832496,0.0053946309670998005,-0.0053946309670998005,0.1793434859308129,0.17934348593081287,4.741350885472029,5.026216094876129,5.3417034247732875,3.1712710119038614,3.495886077409043,3.7879444441737693,0.14400588973675488,0.06930562938482711,-0.005394630967100654,0.41816355602851907,0.3659132740929518,0.41801639616164876,
gen=44_member=5611_pso,50.0,111.15740233106504,110.13209746911461,5.827133498582471,2.772866501417529,5.831821360429857,2.7681786395701433,0.00468786184738601,-0.004687861847385566,0.15103792888382636,0.15103792888382636,5.555187445981773,5.794754781766072,6.060659745584704,2.465933317631371,2.7396362054470433,2.9854076155627514,0.12127626027684611,0.0582941992147305,-0.004687861847385093,0.35255655093756477,0.30763319548370394,0.41801639616164876,
gen=35_member=4426_pso,50.0,112.00787006888845,112.00787006888845,5.526969269265274,3.0730307307347253,5.531771103716325,3.0682288962836757,0.004801834451050979,-0.004801834451049647,0.1631064512748078,0.16310645127480775,5.232326357145662,5.491974531836227,5.778593979049017,2.742492394746017,3.0371714673506136,3.3031416401863263,0.13097538935086916,0.06308677744990968,-0.004801834451049805,0.379564119116246,0.3334463852306069,0.41801639616164876,
gen=25_member=3126_pso,50.0,110.7456458264628,109.82082187647725,5.916560201231608,2.6834397987683913,5.921048037386829,2.6789519626131706,0.004487836155220748,-0.004487836155220748,0.15012176080231282,0.15012176080231276,5.645571894646334,5.884379772692859,6.1482574225583315,2.379154502553752,2.6503825980162,2.895180745377052,0.12055775959919063,0.05803496172198477,-0.004487836155221109,0.3493752124610605,0.30661255001036025,0.41801639616164876,
gen=36_member=4525_pso,50.0,104.19322171008152,103.08180649590791,6.650960231293066,1.9490397687069334,6.653910927223868,1.9460890727761324,0.0029506959308021052,-0.002950695930800995,0.11125504862754713,0.11125504862754723,6.448810146730061,6.627062028683057,6.821878153180349,1.7247966368790808,1.924588844148045,2.106780895516334,0.08935694485097628,0.043203124460087616,-0.0029506959308010765,0.25731369963248696,0.2288919374922953,0.41801639616164876,
gen=47_member=5916_pso,50.0,110.94259024453996,110.27564630500643,5.7814671314147255,2.818532868585274,5.7862790069623085,2.813720993037691,0.004811875547583,-0.004811875547583,0.15243544992917782,0.15243544992917787,5.507160776704083,5.74882027100016,6.0172603101113555,2.508600443370661,2.784941451946674,3.032963198567864,0.12239785554934406,0.05879299000088032,-0.004811875547583411,0.3560483250455384,0.3102710876448178,0.41801639616164876,
gen=37_member=4683_pso,50.0,108.44556761794604,108.24771035629453,6.195926428078309,2.4040735719216904,6.200041675654489,2.39995832434551,0.004115247576180536,-0.004115247576180536,0.1318732082961043,0.13187320829610416,5.95857188784512,6.167671350440829,6.399830044660855,2.136067027276996,2.3750407810203136,2.589637060093792,0.10589161357033174,0.05088818299707536,-0.004115247576181006,0.3078838946746618,0.2684729456338104,0.41801639616164876,
gen=30_member=3767_pso,50.0,112.62120985927325,111.94017644161329,5.541651245132861,3.058348754867139,5.546433028370378,3.053566971629621,0.004781783237517878,-0.004781783237517878,0.16261533827258196,0.16261533827258187,5.2478833695399185,5.506772198437176,5.792493085981709,2.7288408468804013,3.0225990488222227,3.2877936123224774,0.13058107168748048,0.06289964422498152,-0.004781783237517448,0.37835416336170447,0.33247901831610616,0.41801639616164876,
gen=41_member=5185_pso,50.0,108.02841432727222,105.72719791278043,6.456366832581648,2.1436331674183515,6.459959069614356,2.1400409303856445,0.0035922370327075015,-0.0035922370327070574,0.12108261888282207,0.12108261888282193,6.237755442958517,6.430412567194756,6.643203327076304,1.8980421540775474,2.117010809450338,2.314420660328224,0.09721732097547636,0.04681254197138467,-0.003592237032707,0.28211792953548454,0.247372030154958,0.41801639616164876,
gen=40_member=5102_pso,50.0,113.76569959363228,113.76569959363228,4.73123341350035,3.86876658649965,4.7372368441162145,3.862763155883785,0.006003430615864502,-0.006003430615864946,0.18809678343669176,0.1880967834366917,4.393009543468155,4.691025862870591,5.02230700461051,3.4860464617674642,3.8273381868893104,4.1332373787003105,0.15101203847243538,0.07250430392828552,-0.006003430615864374,0.4397197972513638,0.3825485757812981,0.41801639616164876,
gen=40_member=5107_pso,50.0,113.2918564342654,112.80548479904043,5.1419525530144465,3.4580474469855527,5.147313915131102,3.4526860848688985,0.005361362116655499,-0.005361362116654167,0.17543524445517938,0.17543524445517944,4.825788272389553,5.104341368227496,5.413020112018195,3.101826155446239,3.4194621429158594,3.7051431684948954,0.14086528104628396,0.06775195946481459,-0.0053613621166547915,0.40914636524209236,0.3577254038787805,0.41801639616164876,
gen=36_member=4597_pso,50.0,113.75666201895073,112.60748481932349,5.365227579138125,3.2347724208618747,5.370228747565133,3.229771252434867,0.005001168427008373,-0.005001168427007485,0.17117667141311207,0.1711766714131121,5.055852644134824,5.328504056918181,5.62919309876283,2.888082278579893,3.1971345022076614,3.476384300354212,0.13746206710617045,0.06623044933958123,-0.005001168427007989,0.3980665889659285,0.3501168464866762,0.41801639616164876,
gen=43_member=5401_pso,50.0,112.31383278235177,111.84259153558438,5.537259880534677,3.0627401194653223,5.542126210822537,3.057873789177464,0.004866330287859988,-0.0048663302878582115,0.1622268936247199,0.1622268936247201,5.244400174170863,5.502496273488399,5.787652470846702,2.7337908747631863,3.027024016977993,3.291522454140602,0.1302664029626682,0.0627000363374046,-0.004866330287858997,0.37776668971398664,0.33138494604063773,0.41801639616164876,
gen=34_member=4241_pso,50.0,114.4614280237375,113.14276330565143,5.08666873967983,3.5133312603201694,5.092036756283715,3.507963243716285,0.005368016603885195,-0.005368016603884307,0.17830354422796868,0.17830354422796868,4.764941860144513,5.048459780611217,5.36195115888281,3.151686053115239,3.4741012077862528,3.7646803708194296,0.14317543897462567,0.06890371118537064,-0.00536801660388438,0.41530347245317945,0.36404248472075906,0.41801639616164876,
gen=41_member=5136_pso,50.0,97.87988049441658,97.16210146826178,7.028807229190509,1.5711927708094908,7.0310819032589436,1.5689180967410568,0.0022746740684347344,-0.0022746740684340683,0.093321472033678,0.09332147203367798,6.858358329573196,7.008751623177481,7.171726345862194,1.3839660712990718,1.550694314232328,1.7039985590336484,0.07496032412883864,0.03634282503020229,-0.002274674068434063,0.2146493180005331,0.19316269613387949,0.41801639616164876,
gen=30_member=3730_pso,50.0,113.79520213225304,113.21681184879121,5.053570446627202,3.5464295533727976,5.058950773750704,3.541049226249296,0.0053803271235022265,-0.0053803271235017824,0.17915142018466976,0.1791514201846697,4.730341168581424,5.015158065423473,5.330161649818544,3.183043975748992,3.507023145996896,3.7989782017014218,0.1438573356428006,0.06923850425964931,-0.005380327123501999,0.41730742736422854,0.3657499464238141,0.41801639616164876,
gen=26_member=3274_pso,50.0,112.82445245292094,112.07927088773285,5.456911582503885,3.143088417496115,5.4619176083671634,3.1380823916328358,0.005006025863278474,-0.005006025863279362,0.16703203540684458,0.16703203540684455,5.155415555343328,5.421136031548319,5.714721707489627,2.804427621576108,3.1063231977798265,3.378630998589668,0.13412509732379532,0.06455953573025836,-0.005006025863278631,0.38890592492137976,0.3412082455923988,0.41801639616164876,
gen=27_member=3397_pso,50.0,113.58781394206393,112.63178913719814,5.360157840014783,3.2398421599852165,5.3651681972875656,3.2348318027124345,0.005010357272782429,-0.0050103572727819845,0.1713662488505131,0.17136624885051302,5.05046807841971,5.323390964684395,5.624427062379902,2.8927438749844283,3.2021650443653624,3.4817125892394034,0.13761409709025058,0.06630186990873409,-0.005010357272782393,0.3985395849611937,0.350464120963502,0.41801639616164876,
gen=35_member=4358_pso,50.0,113.86524662813433,113.64986756608504,4.735851997123277,3.8641480028767226,4.7418396973249,3.8581603026751004,0.005987700201623092,-0.005987700201622204,0.18749595605562852,0.18749595605562847,4.398789502139426,4.695767652075254,5.026025202659217,3.4825701004550016,3.8228837116394727,4.127700747308081,0.15052629358147573,0.07226929668992649,-0.005987700201622719,0.438372133136939,0.3813140133453832,0.41801639616164876,
gen=39_member=4886_pso,50.0,112.49553281816937,112.16405433851398,5.45544019849793,3.1445598015020697,5.460453676170938,3.1395463238290624,0.005013477673007749,-0.005013477673007305,0.16723792149814726,0.16723792149814737,5.153577465715519,5.41961887128707,5.713571794968947,2.805480847631438,3.107747446213152,3.380391116587246,0.13429115053866522,0.06463883643282876,-0.005013477673007689,0.38938410403237,0.34161825715393146,0.41801639616164876,
gen=44_member=5592_pso,50.0,113.83513390610548,113.76481946062475,4.73883868894343,3.86116131105657,4.744812697912528,3.8551873020874727,0.005974008969098499,-0.0059740089690971665,0.18795935374434844,0.18795935374434838,4.4007757251928465,4.69867404328518,5.029647888260188,3.478800391598063,3.819781262974912,4.125487377463206,0.15089822889892726,0.07246210996491503,-0.005974008969097213,0.43925737640977225,0.3824090836071665,0.41801639616164876,
gen=38_member=4844_pso,50.0,113.49729508533946,113.23465912581813,5.0499491593477055,3.550050840652294,5.055335071249039,3.5446649287509615,0.005385911901333529,-0.005385911901332641,0.17928085109594152,0.1792808510959415,4.726505425828825,5.011505817398124,5.326746731413307,3.186385692019138,3.510616839734568,3.802773802696815,0.14396150783459932,0.06928779796663323,-0.005385911901332864,0.41763423715527015,0.3659890729940454,0.41801639616164876,
gen=42_member=5368_pso,50.0,113.60327523642833,112.08410136181466,5.453766094601509,3.1462339053984913,5.458780323970013,3.141219676029988,0.00501422936850382,-0.005014229368503376,0.167114074090482,0.16711407409048204,5.152143846178897,5.417976396712096,5.711714754564154,2.807382306854982,3.1094524783303297,3.3818760389139793,0.1341897694443732,0.06458777003793503,-0.005014229368503094,0.389129549128695,0.34135745269042417,0.41801639616164876,
gen=41_member=5212_pso,50.0,113.39280908408173,112.64868744227903,5.356229030148956,3.243770969851043,5.361242315950345,3.238757684049655,0.005013285801388712,-0.0050132858013882675,0.17150599358260743,0.17150599358260737,5.046301689954974,5.319427573611505,5.620716228302914,2.8963792864226847,3.2060673001156728,3.485839144993563,0.13772641063489505,0.06635656241675338,-0.005013285801388296,0.39887604643932306,0.35072469260018835,0.41801639616164876,
gen=46_member=5787_pso,50.0,112.2492079241474,112.17822411256682,5.452588643760338,3.1474113562396613,5.457613368671491,3.1423866313285096,0.005024724911153022,-0.00502472491115169,0.1673174157369606,0.1673174157369606,5.15061714947226,5.416757360727279,5.710860172463319,2.80812932209213,3.11058632270802,3.383328525980622,0.1343523951837395,0.0646638351362935,-0.005024724911152504,0.38962682422753936,0.341754316582465,0.41801639616164876,
gen=47_member=5970_pso,50.0,112.98882236975206,112.64563778789609,5.355705385582253,3.2442946144177465,5.360715380120935,3.239284619879066,0.0050099945386818945,-0.005009994538680562,0.171480298806098,0.17148029880609805,5.045822660361905,5.318907410576545,5.620149396340264,2.8969586233578735,3.206598334876227,3.4863316514586216,0.13770591064673282,0.06634795805402581,-0.005009994538681197,0.39881113172074656,0.35067183672996727,0.41801639616164876,
gen=50_member=6375_pso,50.0,114.69132797029671,114.69132797029671,4.306661204551666,4.293338795448333,4.313354552892485,4.2866454471075155,0.0066933483408186945,-0.006693348340817806,0.20128366087124738,0.2012836608712474,3.9456673667591278,4.263671872099002,4.618693693139311,3.882822697326224,4.248963202064815,4.575776729423695,0.16158501201596923,0.07744583183757549,-0.0066933483408182295,0.4718574258437602,0.4081405440344872,0.41801639616164876,
gen=50_member=6314_pso,50.0,113.86884680000001,113.86884680000001,4.704768637442159,3.895231362557841,4.710801401310762,3.8891985986892386,0.006032763868603297,-0.006032763868602409,0.18897972726844203,0.18897972726844203,4.364964866100945,4.66438708361174,4.997211691358385,3.510700561077427,3.8536210225202163,4.160932162517165,0.15171667065517153,0.07284195339328463,-0.006032763868602265,0.44177865794747717,0.3843675391166812,0.41801639616164876,
gen=50_member=6331_pso,50.0,114.13882836846665,114.05054430401732,4.502363235074104,4.097636764925896,4.508845944848179,4.09115405515182,0.006482709774075168,-0.006482709774075168,0.19426865755986888,0.19426865755986886,4.154046233766258,4.460899217582923,4.803576594990086,3.7013074003650344,4.0548339636312605,4.370144423148673,0.15594317103755145,0.07473023063173806,-0.006482709774075383,0.45554262510174404,0.39388335336037095,0.41801639616164876,
gen=50_member=6311_pso,50.0,113.50255122228927,113.27180171753508,5.012144537940079,3.58785546205992,5.0176940035432995,3.5823059964567,0.005549465603220227,-0.005549465603219783,0.18070050978552138,0.18070050978552135,4.686486600105085,4.973391842139604,5.2914015887902,3.2208652326841904,3.5480834732214515,3.8422408203494465,0.14509679962333413,0.06977366701005705,-0.005549465603220035,0.4215826577822064,0.3684743944404296,0.41801639616164876,
gen=50_member=6307_pso,50.0,97.48088883739008,94.41283992446174,7.12886577549956,1.4711342245004395,7.130802572751978,1.4691974272480217,0.0019367972524184651,-0.001936797252417799,0.08510960771238305,0.08510960771238303,6.972933149549955,7.110564660880177,7.258919160315482,1.300832044891045,1.4524606094040864,1.592563297916367,0.06836419177189443,0.03321369725973826,-0.0019367972524179222,0.19520190007708482,0.1767655661408476,0.41801639616164876,
gen=50_member=6332_pso,50.0,104.88944693775548,103.52297256238982,6.630616777684313,1.9693832223156864,6.6339621512962905,1.9660378487037085,0.003345373611977287,-0.003345373611977953,0.11562227260256527,0.11562227260256527,6.421375541070221,6.605846837085515,6.808836572770142,1.7353675034519012,1.9439664809337776,2.1327144205389947,0.09283572892837438,0.044745177658198305,-0.003345373611977783,0.2686456726539497,0.23688050919995085,0.41801639616164876,
gen=50_member=6369_pso,50.0,100.98821742317558,99.82847117045175,6.867544223077314,1.7324557769226856,6.8702622683320085,1.7297377316679914,0.0027180452546948786,-0.0027180452546942124,0.10219090710312673,0.10219090710312667,6.681723727013552,6.845619933372779,7.02454124982086,1.5265349849751495,1.7100035911042946,1.8773647445118857,0.0820659480113866,0.03967395137834586,-0.002718045254694868,0.23624658353659278,0.21047965381319678,0.41801639616164876,
gen=50_member=6392_pso,50.0,103.38209531073947,101.68467497343006,6.781277217458165,1.8187227825418355,6.784302978216758,1.8156970217832415,0.0030257607585930657,-0.003025760758593954,0.10866720364211474,0.1086672036421146,6.584172857757793,6.757967246553479,6.948511719112758,1.5993006804204413,1.7948275083622778,1.972500099879349,0.08726768177277593,0.04212096050709114,-0.0030257607585936225,0.2517828735053014,0.22320539069398304,0.41801639616164876,
gen=50_member=6378_pso,50.0,103.01387905851547,101.99905238085735,6.7543955984777,1.8456044015222999,6.757510243486647,1.842489756513352,0.0031146450089467592,-0.0031146450089478694,0.10981348477641333,0.10981348477641326,6.555411590341896,6.730850150208417,6.923516975119149,1.6236507589985278,1.821454988469878,2.0008739653282936,0.08818350406591503,0.042534429528483714,-0.003114645008947611,0.25472354640842454,0.2253099700039325,0.41801639616164876,
gen=50_member=6337_pso,50.0,112.96343703652411,111.86815544127347,5.503029890177168,3.0969701098228315,5.507992865088851,3.0920071349111495,0.004962974911682849,-0.004962974911681961,0.1651736534605332,0.1651736534605332,5.204968394513106,5.467642911483405,5.7580081048356755,2.761987424271361,3.060627459145368,3.3298306581038775,0.13263165596777182,0.06383434052804485,-0.004962974911682131,0.3846959202035638,0.3373198567970883,0.41801639616164876,
gen=50_member=6333_pso,50.0,103.37773224715643,102.20628686234474,6.732477962150708,1.867522037849292,6.735594458623308,1.8644055413766907,0.003116496472600261,-0.003116496472601371,0.10979538826453401,0.1097953882645341,6.533541916498084,6.708949828936757,6.901582403653111,1.6455274855053408,1.8433896328432422,2.02276228399917,0.08815965784564642,0.04252158068652247,-0.0031164964726014804,0.2548133330141473,0.22524643745627237,0.41801639616164876,
gen=50_member=6385_pso,50.0,100.2375818522005,98.91710248830104,6.898724244268569,1.7012757557314309,6.901000540926455,1.698999459073544,0.002276296657886867,-0.002276296657886867,0.09524985096765415,0.09524985096765419,6.724747492764745,6.878226105741139,7.044496347081031,1.5102758649217423,1.6803503281351952,1.8368997742641004,0.07652174777512318,0.03712272555861805,-0.0022762966578870796,0.21901531877037694,0.19710144039250466,0.41801639616164876,
